REM INSERTING into FIPLAN_GMA_DES.DHWTB001_TIPO_OCORRENCIA
SET DEFINE OFF;
Insert into FIPLAN_GMA_DES.DHWTB001_TIPO_OCORRENCIA (IDEN_TIPO_OCORRENCIA,DESC_TIPO_OCORRENCIA,FLAG_SITUACAO,DATA_CRIACAO,DATA_ATUALIZACAO) values ('49','CAUC/SIAFI-STN','ATIVO',to_date('07/11/18','DD/MM/RR'),to_date('12/11/18','DD/MM/RR'));
Insert into FIPLAN_GMA_DES.DHWTB001_TIPO_OCORRENCIA (IDEN_TIPO_OCORRENCIA,DESC_TIPO_OCORRENCIA,FLAG_SITUACAO,DATA_CRIACAO,DATA_ATUALIZACAO) values ('51','Requisitos Sociais','ATIVO',to_date('07/11/18','DD/MM/RR'),null);
Insert into FIPLAN_GMA_DES.DHWTB001_TIPO_OCORRENCIA (IDEN_TIPO_OCORRENCIA,DESC_TIPO_OCORRENCIA,FLAG_SITUACAO,DATA_CRIACAO,DATA_ATUALIZACAO) values ('56','Requisitos Fiscais','ATIVO',to_date('14/11/18','DD/MM/RR'),null);
REM INSERTING into FIPLAN_GMA_DES.DHWTB001_TIPO_OCORRENCIA_AUD
SET DEFINE OFF;
Insert into FIPLAN_GMA_DES.DHWTB001_TIPO_OCORRENCIA_AUD (IDEN_TIPO_OCORRENCIA,DESC_TIPO_OCORRENCIA,FLAG_SITUACAO,TIPO_OPERACAO,IDEN_AUDITORIA) values ('49','CAUC/SIAFI-STN','ATIVO','0','458');
Insert into FIPLAN_GMA_DES.DHWTB001_TIPO_OCORRENCIA_AUD (IDEN_TIPO_OCORRENCIA,DESC_TIPO_OCORRENCIA,FLAG_SITUACAO,TIPO_OPERACAO,IDEN_AUDITORIA) values ('50','Requisitos Fiscais','ATIVO','0','459');
Insert into FIPLAN_GMA_DES.DHWTB001_TIPO_OCORRENCIA_AUD (IDEN_TIPO_OCORRENCIA,DESC_TIPO_OCORRENCIA,FLAG_SITUACAO,TIPO_OPERACAO,IDEN_AUDITORIA) values ('51','Requisitos Sociais','ATIVO','0','460');
Insert into FIPLAN_GMA_DES.DHWTB001_TIPO_OCORRENCIA_AUD (IDEN_TIPO_OCORRENCIA,DESC_TIPO_OCORRENCIA,FLAG_SITUACAO,TIPO_OPERACAO,IDEN_AUDITORIA) values ('48','teste','ATIVO','2','457');
Insert into FIPLAN_GMA_DES.DHWTB001_TIPO_OCORRENCIA_AUD (IDEN_TIPO_OCORRENCIA,DESC_TIPO_OCORRENCIA,FLAG_SITUACAO,TIPO_OPERACAO,IDEN_AUDITORIA) values ('52','Tipo Ocorrencia 1','ATIVO','0','505');
Insert into FIPLAN_GMA_DES.DHWTB001_TIPO_OCORRENCIA_AUD (IDEN_TIPO_OCORRENCIA,DESC_TIPO_OCORRENCIA,FLAG_SITUACAO,TIPO_OPERACAO,IDEN_AUDITORIA) values ('53','Tipo Ocorrencia 12','ATIVO','0','506');
Insert into FIPLAN_GMA_DES.DHWTB001_TIPO_OCORRENCIA_AUD (IDEN_TIPO_OCORRENCIA,DESC_TIPO_OCORRENCIA,FLAG_SITUACAO,TIPO_OPERACAO,IDEN_AUDITORIA) values ('54','Tipo Ocorrencia 13','ATIVO','0','507');
Insert into FIPLAN_GMA_DES.DHWTB001_TIPO_OCORRENCIA_AUD (IDEN_TIPO_OCORRENCIA,DESC_TIPO_OCORRENCIA,FLAG_SITUACAO,TIPO_OPERACAO,IDEN_AUDITORIA) values ('52','Tipo Ocorrencia 1','ATIVO','2','508');
Insert into FIPLAN_GMA_DES.DHWTB001_TIPO_OCORRENCIA_AUD (IDEN_TIPO_OCORRENCIA,DESC_TIPO_OCORRENCIA,FLAG_SITUACAO,TIPO_OPERACAO,IDEN_AUDITORIA) values ('53','Tipo Ocorrencia 12','ATIVO','2','509');
Insert into FIPLAN_GMA_DES.DHWTB001_TIPO_OCORRENCIA_AUD (IDEN_TIPO_OCORRENCIA,DESC_TIPO_OCORRENCIA,FLAG_SITUACAO,TIPO_OPERACAO,IDEN_AUDITORIA) values ('54','Tipo Ocorrencia 13','ATIVO','2','510');
Insert into FIPLAN_GMA_DES.DHWTB001_TIPO_OCORRENCIA_AUD (IDEN_TIPO_OCORRENCIA,DESC_TIPO_OCORRENCIA,FLAG_SITUACAO,TIPO_OPERACAO,IDEN_AUDITORIA) values ('55','Teste de Inclus„o','ATIVO','0','614');
Insert into FIPLAN_GMA_DES.DHWTB001_TIPO_OCORRENCIA_AUD (IDEN_TIPO_OCORRENCIA,DESC_TIPO_OCORRENCIA,FLAG_SITUACAO,TIPO_OPERACAO,IDEN_AUDITORIA) values ('55','Teste de Inclus„o','ATIVO','2','615');
Insert into FIPLAN_GMA_DES.DHWTB001_TIPO_OCORRENCIA_AUD (IDEN_TIPO_OCORRENCIA,DESC_TIPO_OCORRENCIA,FLAG_SITUACAO,TIPO_OPERACAO,IDEN_AUDITORIA) values ('49','CAUC/SIAFI-STN','INATIVO','1','688');
Insert into FIPLAN_GMA_DES.DHWTB001_TIPO_OCORRENCIA_AUD (IDEN_TIPO_OCORRENCIA,DESC_TIPO_OCORRENCIA,FLAG_SITUACAO,TIPO_OPERACAO,IDEN_AUDITORIA) values ('49','CAUC/SIAFI-STN','ATIVO','1','689');
Insert into FIPLAN_GMA_DES.DHWTB001_TIPO_OCORRENCIA_AUD (IDEN_TIPO_OCORRENCIA,DESC_TIPO_OCORRENCIA,FLAG_SITUACAO,TIPO_OPERACAO,IDEN_AUDITORIA) values ('49','CAUC/SIAFI-STN','INATIVO','1','690');
Insert into FIPLAN_GMA_DES.DHWTB001_TIPO_OCORRENCIA_AUD (IDEN_TIPO_OCORRENCIA,DESC_TIPO_OCORRENCIA,FLAG_SITUACAO,TIPO_OPERACAO,IDEN_AUDITORIA) values ('49','CAUC/SIAFI-STN','ATIVO','1','691');
Insert into FIPLAN_GMA_DES.DHWTB001_TIPO_OCORRENCIA_AUD (IDEN_TIPO_OCORRENCIA,DESC_TIPO_OCORRENCIA,FLAG_SITUACAO,TIPO_OPERACAO,IDEN_AUDITORIA) values ('57','DGGHFSGFSDF','INATIVO','1','876');
Insert into FIPLAN_GMA_DES.DHWTB001_TIPO_OCORRENCIA_AUD (IDEN_TIPO_OCORRENCIA,DESC_TIPO_OCORRENCIA,FLAG_SITUACAO,TIPO_OPERACAO,IDEN_AUDITORIA) values ('57','DGGHFSGFSDF','INATIVO','2','877');
Insert into FIPLAN_GMA_DES.DHWTB001_TIPO_OCORRENCIA_AUD (IDEN_TIPO_OCORRENCIA,DESC_TIPO_OCORRENCIA,FLAG_SITUACAO,TIPO_OPERACAO,IDEN_AUDITORIA) values ('58','CAUC/SIAFI-STNS','ATIVO','0','878');
Insert into FIPLAN_GMA_DES.DHWTB001_TIPO_OCORRENCIA_AUD (IDEN_TIPO_OCORRENCIA,DESC_TIPO_OCORRENCIA,FLAG_SITUACAO,TIPO_OPERACAO,IDEN_AUDITORIA) values ('58','CAUC/SIAFI-STNS','INATIVO','1','879');
Insert into FIPLAN_GMA_DES.DHWTB001_TIPO_OCORRENCIA_AUD (IDEN_TIPO_OCORRENCIA,DESC_TIPO_OCORRENCIA,FLAG_SITUACAO,TIPO_OPERACAO,IDEN_AUDITORIA) values ('58','CAUC/SIAFI-STNS','ATIVO','1','880');
Insert into FIPLAN_GMA_DES.DHWTB001_TIPO_OCORRENCIA_AUD (IDEN_TIPO_OCORRENCIA,DESC_TIPO_OCORRENCIA,FLAG_SITUACAO,TIPO_OPERACAO,IDEN_AUDITORIA) values ('58','CAUC/SIAFI-STNS','ATIVO','2','881');
Insert into FIPLAN_GMA_DES.DHWTB001_TIPO_OCORRENCIA_AUD (IDEN_TIPO_OCORRENCIA,DESC_TIPO_OCORRENCIA,FLAG_SITUACAO,TIPO_OPERACAO,IDEN_AUDITORIA) values ('4','asdasdasd','ATIVO','0','361');
Insert into FIPLAN_GMA_DES.DHWTB001_TIPO_OCORRENCIA_AUD (IDEN_TIPO_OCORRENCIA,DESC_TIPO_OCORRENCIA,FLAG_SITUACAO,TIPO_OPERACAO,IDEN_AUDITORIA) values ('4','Tipo Ocorrencia 1','ATIVO','1','362');
Insert into FIPLAN_GMA_DES.DHWTB001_TIPO_OCORRENCIA_AUD (IDEN_TIPO_OCORRENCIA,DESC_TIPO_OCORRENCIA,FLAG_SITUACAO,TIPO_OPERACAO,IDEN_AUDITORIA) values ('4','Tipo Ocorrencia 1','INATIVO','1','363');
Insert into FIPLAN_GMA_DES.DHWTB001_TIPO_OCORRENCIA_AUD (IDEN_TIPO_OCORRENCIA,DESC_TIPO_OCORRENCIA,FLAG_SITUACAO,TIPO_OPERACAO,IDEN_AUDITORIA) values ('4','Tipo Ocorrencia 1','ATIVO','1','364');
Insert into FIPLAN_GMA_DES.DHWTB001_TIPO_OCORRENCIA_AUD (IDEN_TIPO_OCORRENCIA,DESC_TIPO_OCORRENCIA,FLAG_SITUACAO,TIPO_OPERACAO,IDEN_AUDITORIA) values ('5','asdasdasd','ATIVO','0','365');
Insert into FIPLAN_GMA_DES.DHWTB001_TIPO_OCORRENCIA_AUD (IDEN_TIPO_OCORRENCIA,DESC_TIPO_OCORRENCIA,FLAG_SITUACAO,TIPO_OPERACAO,IDEN_AUDITORIA) values ('6','asdasd123','ATIVO','0','368');
Insert into FIPLAN_GMA_DES.DHWTB001_TIPO_OCORRENCIA_AUD (IDEN_TIPO_OCORRENCIA,DESC_TIPO_OCORRENCIA,FLAG_SITUACAO,TIPO_OPERACAO,IDEN_AUDITORIA) values ('7','asd13asd','ATIVO','0','369');
Insert into FIPLAN_GMA_DES.DHWTB001_TIPO_OCORRENCIA_AUD (IDEN_TIPO_OCORRENCIA,DESC_TIPO_OCORRENCIA,FLAG_SITUACAO,TIPO_OPERACAO,IDEN_AUDITORIA) values ('7','asd13asd123123','ATIVO','1','370');
Insert into FIPLAN_GMA_DES.DHWTB001_TIPO_OCORRENCIA_AUD (IDEN_TIPO_OCORRENCIA,DESC_TIPO_OCORRENCIA,FLAG_SITUACAO,TIPO_OPERACAO,IDEN_AUDITORIA) values ('8','111','ATIVO','0','371');
Insert into FIPLAN_GMA_DES.DHWTB001_TIPO_OCORRENCIA_AUD (IDEN_TIPO_OCORRENCIA,DESC_TIPO_OCORRENCIA,FLAG_SITUACAO,TIPO_OPERACAO,IDEN_AUDITORIA) values ('9','1111','ATIVO','0','372');
Insert into FIPLAN_GMA_DES.DHWTB001_TIPO_OCORRENCIA_AUD (IDEN_TIPO_OCORRENCIA,DESC_TIPO_OCORRENCIA,FLAG_SITUACAO,TIPO_OPERACAO,IDEN_AUDITORIA) values ('10','121314','ATIVO','0','373');
Insert into FIPLAN_GMA_DES.DHWTB001_TIPO_OCORRENCIA_AUD (IDEN_TIPO_OCORRENCIA,DESC_TIPO_OCORRENCIA,FLAG_SITUACAO,TIPO_OPERACAO,IDEN_AUDITORIA) values ('11','516485615','ATIVO','0','374');
Insert into FIPLAN_GMA_DES.DHWTB001_TIPO_OCORRENCIA_AUD (IDEN_TIPO_OCORRENCIA,DESC_TIPO_OCORRENCIA,FLAG_SITUACAO,TIPO_OPERACAO,IDEN_AUDITORIA) values ('4','Tipo Ocorrencia 11','ATIVO','1','375');
Insert into FIPLAN_GMA_DES.DHWTB001_TIPO_OCORRENCIA_AUD (IDEN_TIPO_OCORRENCIA,DESC_TIPO_OCORRENCIA,FLAG_SITUACAO,TIPO_OPERACAO,IDEN_AUDITORIA) values ('5','asdasdasd1','ATIVO','1','376');
Insert into FIPLAN_GMA_DES.DHWTB001_TIPO_OCORRENCIA_AUD (IDEN_TIPO_OCORRENCIA,DESC_TIPO_OCORRENCIA,FLAG_SITUACAO,TIPO_OPERACAO,IDEN_AUDITORIA) values ('6','asdasd1231','ATIVO','1','377');
Insert into FIPLAN_GMA_DES.DHWTB001_TIPO_OCORRENCIA_AUD (IDEN_TIPO_OCORRENCIA,DESC_TIPO_OCORRENCIA,FLAG_SITUACAO,TIPO_OPERACAO,IDEN_AUDITORIA) values ('4','Tipo Ocorrencia 1','ATIVO','1','378');
Insert into FIPLAN_GMA_DES.DHWTB001_TIPO_OCORRENCIA_AUD (IDEN_TIPO_OCORRENCIA,DESC_TIPO_OCORRENCIA,FLAG_SITUACAO,TIPO_OPERACAO,IDEN_AUDITORIA) values ('4','Tipo Ocorrencia ','ATIVO','1','379');
Insert into FIPLAN_GMA_DES.DHWTB001_TIPO_OCORRENCIA_AUD (IDEN_TIPO_OCORRENCIA,DESC_TIPO_OCORRENCIA,FLAG_SITUACAO,TIPO_OPERACAO,IDEN_AUDITORIA) values ('4','Tipo Ocorrencia 1','ATIVO','1','380');
Insert into FIPLAN_GMA_DES.DHWTB001_TIPO_OCORRENCIA_AUD (IDEN_TIPO_OCORRENCIA,DESC_TIPO_OCORRENCIA,FLAG_SITUACAO,TIPO_OPERACAO,IDEN_AUDITORIA) values ('4','Tipo Ocorrencia ','ATIVO','1','381');
Insert into FIPLAN_GMA_DES.DHWTB001_TIPO_OCORRENCIA_AUD (IDEN_TIPO_OCORRENCIA,DESC_TIPO_OCORRENCIA,FLAG_SITUACAO,TIPO_OPERACAO,IDEN_AUDITORIA) values ('4','Tipo Ocorrencia 1','ATIVO','1','382');
Insert into FIPLAN_GMA_DES.DHWTB001_TIPO_OCORRENCIA_AUD (IDEN_TIPO_OCORRENCIA,DESC_TIPO_OCORRENCIA,FLAG_SITUACAO,TIPO_OPERACAO,IDEN_AUDITORIA) values ('12','asdasdasd','ATIVO','0','383');
Insert into FIPLAN_GMA_DES.DHWTB001_TIPO_OCORRENCIA_AUD (IDEN_TIPO_OCORRENCIA,DESC_TIPO_OCORRENCIA,FLAG_SITUACAO,TIPO_OPERACAO,IDEN_AUDITORIA) values ('13','1','ATIVO','0','387');
Insert into FIPLAN_GMA_DES.DHWTB001_TIPO_OCORRENCIA_AUD (IDEN_TIPO_OCORRENCIA,DESC_TIPO_OCORRENCIA,FLAG_SITUACAO,TIPO_OPERACAO,IDEN_AUDITORIA) values ('14','2','ATIVO','0','388');
Insert into FIPLAN_GMA_DES.DHWTB001_TIPO_OCORRENCIA_AUD (IDEN_TIPO_OCORRENCIA,DESC_TIPO_OCORRENCIA,FLAG_SITUACAO,TIPO_OPERACAO,IDEN_AUDITORIA) values ('15','123ASD123ASD3456432132432743541','ATIVO','0','389');
Insert into FIPLAN_GMA_DES.DHWTB001_TIPO_OCORRENCIA_AUD (IDEN_TIPO_OCORRENCIA,DESC_TIPO_OCORRENCIA,FLAG_SITUACAO,TIPO_OPERACAO,IDEN_AUDITORIA) values ('16','1','ATIVO','0','390');
Insert into FIPLAN_GMA_DES.DHWTB001_TIPO_OCORRENCIA_AUD (IDEN_TIPO_OCORRENCIA,DESC_TIPO_OCORRENCIA,FLAG_SITUACAO,TIPO_OPERACAO,IDEN_AUDITORIA) values ('17','2','ATIVO','0','391');
Insert into FIPLAN_GMA_DES.DHWTB001_TIPO_OCORRENCIA_AUD (IDEN_TIPO_OCORRENCIA,DESC_TIPO_OCORRENCIA,FLAG_SITUACAO,TIPO_OPERACAO,IDEN_AUDITORIA) values ('18','3','ATIVO','0','392');
Insert into FIPLAN_GMA_DES.DHWTB001_TIPO_OCORRENCIA_AUD (IDEN_TIPO_OCORRENCIA,DESC_TIPO_OCORRENCIA,FLAG_SITUACAO,TIPO_OPERACAO,IDEN_AUDITORIA) values ('19','4','ATIVO','0','393');
Insert into FIPLAN_GMA_DES.DHWTB001_TIPO_OCORRENCIA_AUD (IDEN_TIPO_OCORRENCIA,DESC_TIPO_OCORRENCIA,FLAG_SITUACAO,TIPO_OPERACAO,IDEN_AUDITORIA) values ('20','5','ATIVO','0','394');
Insert into FIPLAN_GMA_DES.DHWTB001_TIPO_OCORRENCIA_AUD (IDEN_TIPO_OCORRENCIA,DESC_TIPO_OCORRENCIA,FLAG_SITUACAO,TIPO_OPERACAO,IDEN_AUDITORIA) values ('21','6','ATIVO','0','395');
Insert into FIPLAN_GMA_DES.DHWTB001_TIPO_OCORRENCIA_AUD (IDEN_TIPO_OCORRENCIA,DESC_TIPO_OCORRENCIA,FLAG_SITUACAO,TIPO_OPERACAO,IDEN_AUDITORIA) values ('27','1','ATIVO','0','401');
Insert into FIPLAN_GMA_DES.DHWTB001_TIPO_OCORRENCIA_AUD (IDEN_TIPO_OCORRENCIA,DESC_TIPO_OCORRENCIA,FLAG_SITUACAO,TIPO_OPERACAO,IDEN_AUDITORIA) values ('28','2','ATIVO','0','402');
Insert into FIPLAN_GMA_DES.DHWTB001_TIPO_OCORRENCIA_AUD (IDEN_TIPO_OCORRENCIA,DESC_TIPO_OCORRENCIA,FLAG_SITUACAO,TIPO_OPERACAO,IDEN_AUDITORIA) values ('29','3','ATIVO','0','403');
Insert into FIPLAN_GMA_DES.DHWTB001_TIPO_OCORRENCIA_AUD (IDEN_TIPO_OCORRENCIA,DESC_TIPO_OCORRENCIA,FLAG_SITUACAO,TIPO_OPERACAO,IDEN_AUDITORIA) values ('30','4','ATIVO','0','404');
Insert into FIPLAN_GMA_DES.DHWTB001_TIPO_OCORRENCIA_AUD (IDEN_TIPO_OCORRENCIA,DESC_TIPO_OCORRENCIA,FLAG_SITUACAO,TIPO_OPERACAO,IDEN_AUDITORIA) values ('31','5','ATIVO','0','405');
Insert into FIPLAN_GMA_DES.DHWTB001_TIPO_OCORRENCIA_AUD (IDEN_TIPO_OCORRENCIA,DESC_TIPO_OCORRENCIA,FLAG_SITUACAO,TIPO_OPERACAO,IDEN_AUDITORIA) values ('32','11','ATIVO','0','406');
Insert into FIPLAN_GMA_DES.DHWTB001_TIPO_OCORRENCIA_AUD (IDEN_TIPO_OCORRENCIA,DESC_TIPO_OCORRENCIA,FLAG_SITUACAO,TIPO_OPERACAO,IDEN_AUDITORIA) values ('33','111','ATIVO','0','407');
Insert into FIPLAN_GMA_DES.DHWTB001_TIPO_OCORRENCIA_AUD (IDEN_TIPO_OCORRENCIA,DESC_TIPO_OCORRENCIA,FLAG_SITUACAO,TIPO_OPERACAO,IDEN_AUDITORIA) values ('34','10','ATIVO','0','408');
Insert into FIPLAN_GMA_DES.DHWTB001_TIPO_OCORRENCIA_AUD (IDEN_TIPO_OCORRENCIA,DESC_TIPO_OCORRENCIA,FLAG_SITUACAO,TIPO_OPERACAO,IDEN_AUDITORIA) values ('35','asdasd123131asdasdqwe123','ATIVO','0','409');
Insert into FIPLAN_GMA_DES.DHWTB001_TIPO_OCORRENCIA_AUD (IDEN_TIPO_OCORRENCIA,DESC_TIPO_OCORRENCIA,FLAG_SITUACAO,TIPO_OPERACAO,IDEN_AUDITORIA) values ('46','asdf','ATIVO','0','445');
Insert into FIPLAN_GMA_DES.DHWTB001_TIPO_OCORRENCIA_AUD (IDEN_TIPO_OCORRENCIA,DESC_TIPO_OCORRENCIA,FLAG_SITUACAO,TIPO_OPERACAO,IDEN_AUDITORIA) values ('47','teste','ATIVO','0','446');
Insert into FIPLAN_GMA_DES.DHWTB001_TIPO_OCORRENCIA_AUD (IDEN_TIPO_OCORRENCIA,DESC_TIPO_OCORRENCIA,FLAG_SITUACAO,TIPO_OPERACAO,IDEN_AUDITORIA) values ('47','teste','ATIVO','2','447');
Insert into FIPLAN_GMA_DES.DHWTB001_TIPO_OCORRENCIA_AUD (IDEN_TIPO_OCORRENCIA,DESC_TIPO_OCORRENCIA,FLAG_SITUACAO,TIPO_OPERACAO,IDEN_AUDITORIA) values ('46','asdf','ATIVO','2','450');
Insert into FIPLAN_GMA_DES.DHWTB001_TIPO_OCORRENCIA_AUD (IDEN_TIPO_OCORRENCIA,DESC_TIPO_OCORRENCIA,FLAG_SITUACAO,TIPO_OPERACAO,IDEN_AUDITORIA) values ('48','teste','ATIVO','0','451');
Insert into FIPLAN_GMA_DES.DHWTB001_TIPO_OCORRENCIA_AUD (IDEN_TIPO_OCORRENCIA,DESC_TIPO_OCORRENCIA,FLAG_SITUACAO,TIPO_OPERACAO,IDEN_AUDITORIA) values ('50','Requisitos Fiscais','ATIVO','2','774');
Insert into FIPLAN_GMA_DES.DHWTB001_TIPO_OCORRENCIA_AUD (IDEN_TIPO_OCORRENCIA,DESC_TIPO_OCORRENCIA,FLAG_SITUACAO,TIPO_OPERACAO,IDEN_AUDITORIA) values ('56','Requisitos Fiscais','ATIVO','0','776');
Insert into FIPLAN_GMA_DES.DHWTB001_TIPO_OCORRENCIA_AUD (IDEN_TIPO_OCORRENCIA,DESC_TIPO_OCORRENCIA,FLAG_SITUACAO,TIPO_OPERACAO,IDEN_AUDITORIA) values ('31','5','ATIVO','2','428');
Insert into FIPLAN_GMA_DES.DHWTB001_TIPO_OCORRENCIA_AUD (IDEN_TIPO_OCORRENCIA,DESC_TIPO_OCORRENCIA,FLAG_SITUACAO,TIPO_OPERACAO,IDEN_AUDITORIA) values ('32','11','ATIVO','2','429');
Insert into FIPLAN_GMA_DES.DHWTB001_TIPO_OCORRENCIA_AUD (IDEN_TIPO_OCORRENCIA,DESC_TIPO_OCORRENCIA,FLAG_SITUACAO,TIPO_OPERACAO,IDEN_AUDITORIA) values ('29','3','ATIVO','2','426');
Insert into FIPLAN_GMA_DES.DHWTB001_TIPO_OCORRENCIA_AUD (IDEN_TIPO_OCORRENCIA,DESC_TIPO_OCORRENCIA,FLAG_SITUACAO,TIPO_OPERACAO,IDEN_AUDITORIA) values ('30','4','ATIVO','2','427');
Insert into FIPLAN_GMA_DES.DHWTB001_TIPO_OCORRENCIA_AUD (IDEN_TIPO_OCORRENCIA,DESC_TIPO_OCORRENCIA,FLAG_SITUACAO,TIPO_OPERACAO,IDEN_AUDITORIA) values ('27','1','ATIVO','2','430');
Insert into FIPLAN_GMA_DES.DHWTB001_TIPO_OCORRENCIA_AUD (IDEN_TIPO_OCORRENCIA,DESC_TIPO_OCORRENCIA,FLAG_SITUACAO,TIPO_OPERACAO,IDEN_AUDITORIA) values ('28','2','ATIVO','2','431');
Insert into FIPLAN_GMA_DES.DHWTB001_TIPO_OCORRENCIA_AUD (IDEN_TIPO_OCORRENCIA,DESC_TIPO_OCORRENCIA,FLAG_SITUACAO,TIPO_OPERACAO,IDEN_AUDITORIA) values ('33','111','ATIVO','2','432');
Insert into FIPLAN_GMA_DES.DHWTB001_TIPO_OCORRENCIA_AUD (IDEN_TIPO_OCORRENCIA,DESC_TIPO_OCORRENCIA,FLAG_SITUACAO,TIPO_OPERACAO,IDEN_AUDITORIA) values ('34','10','ATIVO','2','433');
Insert into FIPLAN_GMA_DES.DHWTB001_TIPO_OCORRENCIA_AUD (IDEN_TIPO_OCORRENCIA,DESC_TIPO_OCORRENCIA,FLAG_SITUACAO,TIPO_OPERACAO,IDEN_AUDITORIA) values ('35','asdasd123131asdasdqwe123','ATIVO','2','434');
Insert into FIPLAN_GMA_DES.DHWTB001_TIPO_OCORRENCIA_AUD (IDEN_TIPO_OCORRENCIA,DESC_TIPO_OCORRENCIA,FLAG_SITUACAO,TIPO_OPERACAO,IDEN_AUDITORIA) values ('36','Tipo Ocorrencia 1','ATIVO','2','435');
Insert into FIPLAN_GMA_DES.DHWTB001_TIPO_OCORRENCIA_AUD (IDEN_TIPO_OCORRENCIA,DESC_TIPO_OCORRENCIA,FLAG_SITUACAO,TIPO_OPERACAO,IDEN_AUDITORIA) values ('57','DGGHFSGFSDF','ATIVO','0','861');
Insert into FIPLAN_GMA_DES.DHWTB001_TIPO_OCORRENCIA_AUD (IDEN_TIPO_OCORRENCIA,DESC_TIPO_OCORRENCIA,FLAG_SITUACAO,TIPO_OPERACAO,IDEN_AUDITORIA) values ('5','12334','ATIVO','1','386');
Insert into FIPLAN_GMA_DES.DHWTB001_TIPO_OCORRENCIA_AUD (IDEN_TIPO_OCORRENCIA,DESC_TIPO_OCORRENCIA,FLAG_SITUACAO,TIPO_OPERACAO,IDEN_AUDITORIA) values ('5','123','ATIVO','1','384');
Insert into FIPLAN_GMA_DES.DHWTB001_TIPO_OCORRENCIA_AUD (IDEN_TIPO_OCORRENCIA,DESC_TIPO_OCORRENCIA,FLAG_SITUACAO,TIPO_OPERACAO,IDEN_AUDITORIA) values ('5','1233','ATIVO','1','385');
Insert into FIPLAN_GMA_DES.DHWTB001_TIPO_OCORRENCIA_AUD (IDEN_TIPO_OCORRENCIA,DESC_TIPO_OCORRENCIA,FLAG_SITUACAO,TIPO_OPERACAO,IDEN_AUDITORIA) values ('22','7','ATIVO','0','396');
Insert into FIPLAN_GMA_DES.DHWTB001_TIPO_OCORRENCIA_AUD (IDEN_TIPO_OCORRENCIA,DESC_TIPO_OCORRENCIA,FLAG_SITUACAO,TIPO_OPERACAO,IDEN_AUDITORIA) values ('23','8','ATIVO','0','397');
Insert into FIPLAN_GMA_DES.DHWTB001_TIPO_OCORRENCIA_AUD (IDEN_TIPO_OCORRENCIA,DESC_TIPO_OCORRENCIA,FLAG_SITUACAO,TIPO_OPERACAO,IDEN_AUDITORIA) values ('24','9','ATIVO','0','398');
Insert into FIPLAN_GMA_DES.DHWTB001_TIPO_OCORRENCIA_AUD (IDEN_TIPO_OCORRENCIA,DESC_TIPO_OCORRENCIA,FLAG_SITUACAO,TIPO_OPERACAO,IDEN_AUDITORIA) values ('25','11','ATIVO','0','399');
Insert into FIPLAN_GMA_DES.DHWTB001_TIPO_OCORRENCIA_AUD (IDEN_TIPO_OCORRENCIA,DESC_TIPO_OCORRENCIA,FLAG_SITUACAO,TIPO_OPERACAO,IDEN_AUDITORIA) values ('26','12','ATIVO','0','400');
Insert into FIPLAN_GMA_DES.DHWTB001_TIPO_OCORRENCIA_AUD (IDEN_TIPO_OCORRENCIA,DESC_TIPO_OCORRENCIA,FLAG_SITUACAO,TIPO_OPERACAO,IDEN_AUDITORIA) values ('36','Tipo Ocorrencia 1','ATIVO','0','425');
Insert into FIPLAN_GMA_DES.DHWTB001_TIPO_OCORRENCIA_AUD (IDEN_TIPO_OCORRENCIA,DESC_TIPO_OCORRENCIA,FLAG_SITUACAO,TIPO_OPERACAO,IDEN_AUDITORIA) values ('37','Tipo Ocorrencia 1','ATIVO','0','436');
Insert into FIPLAN_GMA_DES.DHWTB001_TIPO_OCORRENCIA_AUD (IDEN_TIPO_OCORRENCIA,DESC_TIPO_OCORRENCIA,FLAG_SITUACAO,TIPO_OPERACAO,IDEN_AUDITORIA) values ('38','Tipo Ocorrencia 2','ATIVO','0','437');
Insert into FIPLAN_GMA_DES.DHWTB001_TIPO_OCORRENCIA_AUD (IDEN_TIPO_OCORRENCIA,DESC_TIPO_OCORRENCIA,FLAG_SITUACAO,TIPO_OPERACAO,IDEN_AUDITORIA) values ('39','Tipo Ocorrencia 3','ATIVO','0','438');
Insert into FIPLAN_GMA_DES.DHWTB001_TIPO_OCORRENCIA_AUD (IDEN_TIPO_OCORRENCIA,DESC_TIPO_OCORRENCIA,FLAG_SITUACAO,TIPO_OPERACAO,IDEN_AUDITORIA) values ('40','Tipo Ocorrencia 4','ATIVO','0','439');
Insert into FIPLAN_GMA_DES.DHWTB001_TIPO_OCORRENCIA_AUD (IDEN_TIPO_OCORRENCIA,DESC_TIPO_OCORRENCIA,FLAG_SITUACAO,TIPO_OPERACAO,IDEN_AUDITORIA) values ('41','Tipo Ocorrencia 5','ATIVO','0','440');
Insert into FIPLAN_GMA_DES.DHWTB001_TIPO_OCORRENCIA_AUD (IDEN_TIPO_OCORRENCIA,DESC_TIPO_OCORRENCIA,FLAG_SITUACAO,TIPO_OPERACAO,IDEN_AUDITORIA) values ('42','Tipo Ocorrencia 6','ATIVO','0','441');
Insert into FIPLAN_GMA_DES.DHWTB001_TIPO_OCORRENCIA_AUD (IDEN_TIPO_OCORRENCIA,DESC_TIPO_OCORRENCIA,FLAG_SITUACAO,TIPO_OPERACAO,IDEN_AUDITORIA) values ('43','Tipo Ocorrencia 7','ATIVO','0','442');
Insert into FIPLAN_GMA_DES.DHWTB001_TIPO_OCORRENCIA_AUD (IDEN_TIPO_OCORRENCIA,DESC_TIPO_OCORRENCIA,FLAG_SITUACAO,TIPO_OPERACAO,IDEN_AUDITORIA) values ('44','Tipo Ocorrencia 8','ATIVO','0','443');
Insert into FIPLAN_GMA_DES.DHWTB001_TIPO_OCORRENCIA_AUD (IDEN_TIPO_OCORRENCIA,DESC_TIPO_OCORRENCIA,FLAG_SITUACAO,TIPO_OPERACAO,IDEN_AUDITORIA) values ('45','Tipo Ocorrencia 9','ATIVO','0','444');
REM INSERTING into FIPLAN_GMA_DES.DHWTB002_GRUPO_PENDENCIA
SET DEFINE OFF;
Insert into FIPLAN_GMA_DES.DHWTB002_GRUPO_PENDENCIA (IDEN_GRUPO_PENDENCIA,DESC_GRUPO_PENDENCIA,IDEN_TIPO_OCORRENCIA,FLAG_SITUACAO,DATA_CRIACAO,DATA_ATUALIZACAO) values ('12','I - ObrigaÁıes de AdimplÍncia Financeira','49','INATIVO',to_date('07/11/18','DD/MM/RR'),to_date('29/11/18','DD/MM/RR'));
Insert into FIPLAN_GMA_DES.DHWTB002_GRUPO_PENDENCIA (IDEN_GRUPO_PENDENCIA,DESC_GRUPO_PENDENCIA,IDEN_TIPO_OCORRENCIA,FLAG_SITUACAO,DATA_CRIACAO,DATA_ATUALIZACAO) values ('13','II - Adimplemento na PrestaÁ„o de Contas de ConvÍnios','49','ATIVO',to_date('07/11/18','DD/MM/RR'),null);
Insert into FIPLAN_GMA_DES.DHWTB002_GRUPO_PENDENCIA (IDEN_GRUPO_PENDENCIA,DESC_GRUPO_PENDENCIA,IDEN_TIPO_OCORRENCIA,FLAG_SITUACAO,DATA_CRIACAO,DATA_ATUALIZACAO) values ('14','III - ObrigaÁıes de TransparÍncia','49','ATIVO',to_date('07/11/18','DD/MM/RR'),null);
Insert into FIPLAN_GMA_DES.DHWTB002_GRUPO_PENDENCIA (IDEN_GRUPO_PENDENCIA,DESC_GRUPO_PENDENCIA,IDEN_TIPO_OCORRENCIA,FLAG_SITUACAO,DATA_CRIACAO,DATA_ATUALIZACAO) values ('15','IV - Adimplemento de ObrigaÁıes Constitucionais ou Legais','49','ATIVO',to_date('07/11/18','DD/MM/RR'),null);
REM INSERTING into FIPLAN_GMA_DES.DHWTB002_GRUPO_PENDENCIA_AUD
SET DEFINE OFF;
Insert into FIPLAN_GMA_DES.DHWTB002_GRUPO_PENDENCIA_AUD (IDEN_GRUPO_PENDENCIA,DESC_GRUPO_PENDENCIA,IDEN_TIPO_OCORRENCIA,FLAG_SITUACAO,TIPO_OPERACAO,IDEN_AUDITORIA) values ('11','teste','48','ATIVO','2','456');
Insert into FIPLAN_GMA_DES.DHWTB002_GRUPO_PENDENCIA_AUD (IDEN_GRUPO_PENDENCIA,DESC_GRUPO_PENDENCIA,IDEN_TIPO_OCORRENCIA,FLAG_SITUACAO,TIPO_OPERACAO,IDEN_AUDITORIA) values ('12','I - ObrigaÁıes de AdimplÍncia Financeira','49','ATIVO','0','461');
Insert into FIPLAN_GMA_DES.DHWTB002_GRUPO_PENDENCIA_AUD (IDEN_GRUPO_PENDENCIA,DESC_GRUPO_PENDENCIA,IDEN_TIPO_OCORRENCIA,FLAG_SITUACAO,TIPO_OPERACAO,IDEN_AUDITORIA) values ('13','II - Adimplemento na PrestaÁ„o de Contas de ConvÍnios','49','ATIVO','0','462');
Insert into FIPLAN_GMA_DES.DHWTB002_GRUPO_PENDENCIA_AUD (IDEN_GRUPO_PENDENCIA,DESC_GRUPO_PENDENCIA,IDEN_TIPO_OCORRENCIA,FLAG_SITUACAO,TIPO_OPERACAO,IDEN_AUDITORIA) values ('14','III - ObrigaÁıes de TransparÍncia','49','ATIVO','0','463');
Insert into FIPLAN_GMA_DES.DHWTB002_GRUPO_PENDENCIA_AUD (IDEN_GRUPO_PENDENCIA,DESC_GRUPO_PENDENCIA,IDEN_TIPO_OCORRENCIA,FLAG_SITUACAO,TIPO_OPERACAO,IDEN_AUDITORIA) values ('15','IV - Adimplemento de ObrigaÁıes Constitucionais ou Legais','49','ATIVO','0','464');
Insert into FIPLAN_GMA_DES.DHWTB002_GRUPO_PENDENCIA_AUD (IDEN_GRUPO_PENDENCIA,DESC_GRUPO_PENDENCIA,IDEN_TIPO_OCORRENCIA,FLAG_SITUACAO,TIPO_OPERACAO,IDEN_AUDITORIA) values ('16','I - ObrigaÁıes de AdimplÍncia Financeiras','49','ATIVO','0','616');
Insert into FIPLAN_GMA_DES.DHWTB002_GRUPO_PENDENCIA_AUD (IDEN_GRUPO_PENDENCIA,DESC_GRUPO_PENDENCIA,IDEN_TIPO_OCORRENCIA,FLAG_SITUACAO,TIPO_OPERACAO,IDEN_AUDITORIA) values ('17','I - ObrigaÁıes de AdimplÍncia Financeira','50','ATIVO','0','617');
Insert into FIPLAN_GMA_DES.DHWTB002_GRUPO_PENDENCIA_AUD (IDEN_GRUPO_PENDENCIA,DESC_GRUPO_PENDENCIA,IDEN_TIPO_OCORRENCIA,FLAG_SITUACAO,TIPO_OPERACAO,IDEN_AUDITORIA) values ('16','I - ObrigaÁıes de AdimplÍncia Financeiras','49','INATIVO','1','618');
Insert into FIPLAN_GMA_DES.DHWTB002_GRUPO_PENDENCIA_AUD (IDEN_GRUPO_PENDENCIA,DESC_GRUPO_PENDENCIA,IDEN_TIPO_OCORRENCIA,FLAG_SITUACAO,TIPO_OPERACAO,IDEN_AUDITORIA) values ('12','I - ObrigaÁıes de AdimplÍncia Financeira','49','INATIVO','1','619');
Insert into FIPLAN_GMA_DES.DHWTB002_GRUPO_PENDENCIA_AUD (IDEN_GRUPO_PENDENCIA,DESC_GRUPO_PENDENCIA,IDEN_TIPO_OCORRENCIA,FLAG_SITUACAO,TIPO_OPERACAO,IDEN_AUDITORIA) values ('12','I - ObrigaÁıes de AdimplÍncia Financeira','49','ATIVO','1','622');
Insert into FIPLAN_GMA_DES.DHWTB002_GRUPO_PENDENCIA_AUD (IDEN_GRUPO_PENDENCIA,DESC_GRUPO_PENDENCIA,IDEN_TIPO_OCORRENCIA,FLAG_SITUACAO,TIPO_OPERACAO,IDEN_AUDITORIA) values ('10','123','46','ATIVO','0','448');
Insert into FIPLAN_GMA_DES.DHWTB002_GRUPO_PENDENCIA_AUD (IDEN_GRUPO_PENDENCIA,DESC_GRUPO_PENDENCIA,IDEN_TIPO_OCORRENCIA,FLAG_SITUACAO,TIPO_OPERACAO,IDEN_AUDITORIA) values ('10','123','46','ATIVO','2','449');
Insert into FIPLAN_GMA_DES.DHWTB002_GRUPO_PENDENCIA_AUD (IDEN_GRUPO_PENDENCIA,DESC_GRUPO_PENDENCIA,IDEN_TIPO_OCORRENCIA,FLAG_SITUACAO,TIPO_OPERACAO,IDEN_AUDITORIA) values ('16','I - ObrigaÁıes de AdimplÍncia Financeiras','49','INATIVO','2','620');
Insert into FIPLAN_GMA_DES.DHWTB002_GRUPO_PENDENCIA_AUD (IDEN_GRUPO_PENDENCIA,DESC_GRUPO_PENDENCIA,IDEN_TIPO_OCORRENCIA,FLAG_SITUACAO,TIPO_OPERACAO,IDEN_AUDITORIA) values ('17','I - ObrigaÁıes de AdimplÍncia Financeira','50','ATIVO','2','621');
Insert into FIPLAN_GMA_DES.DHWTB002_GRUPO_PENDENCIA_AUD (IDEN_GRUPO_PENDENCIA,DESC_GRUPO_PENDENCIA,IDEN_TIPO_OCORRENCIA,FLAG_SITUACAO,TIPO_OPERACAO,IDEN_AUDITORIA) values ('11','teste','48','ATIVO','0','453');
Insert into FIPLAN_GMA_DES.DHWTB002_GRUPO_PENDENCIA_AUD (IDEN_GRUPO_PENDENCIA,DESC_GRUPO_PENDENCIA,IDEN_TIPO_OCORRENCIA,FLAG_SITUACAO,TIPO_OPERACAO,IDEN_AUDITORIA) values ('12','I - ObrigaÁıes de AdimplÍncia Financeira','49','INATIVO','1','1060');
Insert into FIPLAN_GMA_DES.DHWTB002_GRUPO_PENDENCIA_AUD (IDEN_GRUPO_PENDENCIA,DESC_GRUPO_PENDENCIA,IDEN_TIPO_OCORRENCIA,FLAG_SITUACAO,TIPO_OPERACAO,IDEN_AUDITORIA) values ('12','I - ObrigaÁıes de AdimplÍncia Financeira','49','INATIVO','1','692');
Insert into FIPLAN_GMA_DES.DHWTB002_GRUPO_PENDENCIA_AUD (IDEN_GRUPO_PENDENCIA,DESC_GRUPO_PENDENCIA,IDEN_TIPO_OCORRENCIA,FLAG_SITUACAO,TIPO_OPERACAO,IDEN_AUDITORIA) values ('12','I - ObrigaÁıes de AdimplÍncia Financeira','49','ATIVO','1','693');
REM INSERTING into FIPLAN_GMA_DES.DHWTB003_SUBGRUPO_PEND_AUD
SET DEFINE OFF;
Insert into FIPLAN_GMA_DES.DHWTB003_SUBGRUPO_PEND_AUD (IDEN_SUBGRUPO_PENDENCIA,DESC_SUBGRUPO_PENDENCIA,IDEN_GRUPO_PENDENCIA,FLAG_SITUACAO,TIPO_OPERACAO,IDEN_AUDITORIA) values ('10','teste','11','ATIVO','2','455');
Insert into FIPLAN_GMA_DES.DHWTB003_SUBGRUPO_PEND_AUD (IDEN_SUBGRUPO_PENDENCIA,DESC_SUBGRUPO_PENDENCIA,IDEN_GRUPO_PENDENCIA,FLAG_SITUACAO,TIPO_OPERACAO,IDEN_AUDITORIA) values ('11','1.1 - Regularidade quanto a Tributos, a ContribuiÁıes Previdenci·rias Federais e ‡ DÌvida Ativa da Uni„o','12','ATIVO','0','465');
Insert into FIPLAN_GMA_DES.DHWTB003_SUBGRUPO_PEND_AUD (IDEN_SUBGRUPO_PENDENCIA,DESC_SUBGRUPO_PENDENCIA,IDEN_GRUPO_PENDENCIA,FLAG_SITUACAO,TIPO_OPERACAO,IDEN_AUDITORIA) values ('12','1.3 - Regularidade quanto a ContribuiÁıes para o FGTS','12','ATIVO','0','466');
Insert into FIPLAN_GMA_DES.DHWTB003_SUBGRUPO_PEND_AUD (IDEN_SUBGRUPO_PENDENCIA,DESC_SUBGRUPO_PENDENCIA,IDEN_GRUPO_PENDENCIA,FLAG_SITUACAO,TIPO_OPERACAO,IDEN_AUDITORIA) values ('13','1.4 - Regularidade em relaÁ„o ‡ AdimplÍncia Financeira em EmprÈstimos e Financiamentos concedidos pela Uni„o','12','ATIVO','0','467');
Insert into FIPLAN_GMA_DES.DHWTB003_SUBGRUPO_PEND_AUD (IDEN_SUBGRUPO_PENDENCIA,DESC_SUBGRUPO_PENDENCIA,IDEN_GRUPO_PENDENCIA,FLAG_SITUACAO,TIPO_OPERACAO,IDEN_AUDITORIA) values ('14','1.5 - Regularidade perante o Poder P˙blico Federal','12','ATIVO','0','468');
Insert into FIPLAN_GMA_DES.DHWTB003_SUBGRUPO_PEND_AUD (IDEN_SUBGRUPO_PENDENCIA,DESC_SUBGRUPO_PENDENCIA,IDEN_GRUPO_PENDENCIA,FLAG_SITUACAO,TIPO_OPERACAO,IDEN_AUDITORIA) values ('15','2.1 - Regularidade quanto ‡ PrestaÁ„o de Contas de Recursos Federais recebidos anteriormente','13','ATIVO','0','469');
Insert into FIPLAN_GMA_DES.DHWTB003_SUBGRUPO_PEND_AUD (IDEN_SUBGRUPO_PENDENCIA,DESC_SUBGRUPO_PENDENCIA,IDEN_GRUPO_PENDENCIA,FLAG_SITUACAO,TIPO_OPERACAO,IDEN_AUDITORIA) values ('16','3.1 - Encaminhamento do RelatÛrio de Gest„o Fiscal - RGF','14','ATIVO','0','470');
Insert into FIPLAN_GMA_DES.DHWTB003_SUBGRUPO_PEND_AUD (IDEN_SUBGRUPO_PENDENCIA,DESC_SUBGRUPO_PENDENCIA,IDEN_GRUPO_PENDENCIA,FLAG_SITUACAO,TIPO_OPERACAO,IDEN_AUDITORIA) values ('17','3.2 - Encaminhamento do RelatÛrio Resumido de ExecuÁ„o OrÁament·ria - RREO','14','ATIVO','0','471');
Insert into FIPLAN_GMA_DES.DHWTB003_SUBGRUPO_PEND_AUD (IDEN_SUBGRUPO_PENDENCIA,DESC_SUBGRUPO_PENDENCIA,IDEN_GRUPO_PENDENCIA,FLAG_SITUACAO,TIPO_OPERACAO,IDEN_AUDITORIA) values ('18','3.3 - Encaminhamento das Contas Anuais','14','ATIVO','0','472');
Insert into FIPLAN_GMA_DES.DHWTB003_SUBGRUPO_PEND_AUD (IDEN_SUBGRUPO_PENDENCIA,DESC_SUBGRUPO_PENDENCIA,IDEN_GRUPO_PENDENCIA,FLAG_SITUACAO,TIPO_OPERACAO,IDEN_AUDITORIA) values ('19','3.4 - Encaminhamento da Matriz de Saldos Cont·beis','14','ATIVO','0','473');
Insert into FIPLAN_GMA_DES.DHWTB003_SUBGRUPO_PEND_AUD (IDEN_SUBGRUPO_PENDENCIA,DESC_SUBGRUPO_PENDENCIA,IDEN_GRUPO_PENDENCIA,FLAG_SITUACAO,TIPO_OPERACAO,IDEN_AUDITORIA) values ('20','4.1 - ExercÌcio da Plena CompetÍncia Tribut·ria','15','ATIVO','0','474');
Insert into FIPLAN_GMA_DES.DHWTB003_SUBGRUPO_PEND_AUD (IDEN_SUBGRUPO_PENDENCIA,DESC_SUBGRUPO_PENDENCIA,IDEN_GRUPO_PENDENCIA,FLAG_SITUACAO,TIPO_OPERACAO,IDEN_AUDITORIA) values ('21','4.2 - AplicaÁ„o MÌnima de recursos em EducaÁ„o','15','ATIVO','0','475');
Insert into FIPLAN_GMA_DES.DHWTB003_SUBGRUPO_PEND_AUD (IDEN_SUBGRUPO_PENDENCIA,DESC_SUBGRUPO_PENDENCIA,IDEN_GRUPO_PENDENCIA,FLAG_SITUACAO,TIPO_OPERACAO,IDEN_AUDITORIA) values ('22','4.3 - AplicaÁ„o MÌnima de recursos em Sa˙de','15','ATIVO','0','476');
Insert into FIPLAN_GMA_DES.DHWTB003_SUBGRUPO_PEND_AUD (IDEN_SUBGRUPO_PENDENCIA,DESC_SUBGRUPO_PENDENCIA,IDEN_GRUPO_PENDENCIA,FLAG_SITUACAO,TIPO_OPERACAO,IDEN_AUDITORIA) values ('23','4.4 - Regularidade Previdenci·ria','15','ATIVO','0','477');
Insert into FIPLAN_GMA_DES.DHWTB003_SUBGRUPO_PEND_AUD (IDEN_SUBGRUPO_PENDENCIA,DESC_SUBGRUPO_PENDENCIA,IDEN_GRUPO_PENDENCIA,FLAG_SITUACAO,TIPO_OPERACAO,IDEN_AUDITORIA) values ('24','1.1 - Regularidade quanto a Tributos, a ContribuiÁıes Previdenci·rias Federais e ‡ DÌvida Ativa da Uni„os','12','ATIVO','0','623');
Insert into FIPLAN_GMA_DES.DHWTB003_SUBGRUPO_PEND_AUD (IDEN_SUBGRUPO_PENDENCIA,DESC_SUBGRUPO_PENDENCIA,IDEN_GRUPO_PENDENCIA,FLAG_SITUACAO,TIPO_OPERACAO,IDEN_AUDITORIA) values ('25','1.1 - Regularidade quanto a Tributos, a ContribuiÁıes Previdenci·rias Federais e ‡ DÌvida Ativa da Uni„os','13','ATIVO','0','624');
Insert into FIPLAN_GMA_DES.DHWTB003_SUBGRUPO_PEND_AUD (IDEN_SUBGRUPO_PENDENCIA,DESC_SUBGRUPO_PENDENCIA,IDEN_GRUPO_PENDENCIA,FLAG_SITUACAO,TIPO_OPERACAO,IDEN_AUDITORIA) values ('11','1.1 - Regularidade quanto a Tributos, a ContribuiÁıes Previdenci·rias Federais e ‡ DÌvida Ativa da Uni„o','12','INATIVO','1','625');
Insert into FIPLAN_GMA_DES.DHWTB003_SUBGRUPO_PEND_AUD (IDEN_SUBGRUPO_PENDENCIA,DESC_SUBGRUPO_PENDENCIA,IDEN_GRUPO_PENDENCIA,FLAG_SITUACAO,TIPO_OPERACAO,IDEN_AUDITORIA) values ('24','1.1 - Regularidade quanto a Tributos, a ContribuiÁıes Previdenci·rias Federais e ‡ DÌvida Ativa da Uni„os','12','INATIVO','1','626');
Insert into FIPLAN_GMA_DES.DHWTB003_SUBGRUPO_PEND_AUD (IDEN_SUBGRUPO_PENDENCIA,DESC_SUBGRUPO_PENDENCIA,IDEN_GRUPO_PENDENCIA,FLAG_SITUACAO,TIPO_OPERACAO,IDEN_AUDITORIA) values ('24','1.1 - Regularidade quanto a Tributos, a ContribuiÁıes Previdenci·rias Federais e ‡ DÌvida Ativa da Uni„os','12','INATIVO','2','627');
Insert into FIPLAN_GMA_DES.DHWTB003_SUBGRUPO_PEND_AUD (IDEN_SUBGRUPO_PENDENCIA,DESC_SUBGRUPO_PENDENCIA,IDEN_GRUPO_PENDENCIA,FLAG_SITUACAO,TIPO_OPERACAO,IDEN_AUDITORIA) values ('25','1.1 - Regularidade quanto a Tributos, a ContribuiÁıes Previdenci·rias Federais e ‡ DÌvida Ativa da Uni„os','13','ATIVO','2','628');
Insert into FIPLAN_GMA_DES.DHWTB003_SUBGRUPO_PEND_AUD (IDEN_SUBGRUPO_PENDENCIA,DESC_SUBGRUPO_PENDENCIA,IDEN_GRUPO_PENDENCIA,FLAG_SITUACAO,TIPO_OPERACAO,IDEN_AUDITORIA) values ('11','1.1 - Regularidade quanto a Tributos, a ContribuiÁıes Previdenci·rias Federais e ‡ DÌvida Ativa da Uni„o','12','ATIVO','1','629');
Insert into FIPLAN_GMA_DES.DHWTB003_SUBGRUPO_PEND_AUD (IDEN_SUBGRUPO_PENDENCIA,DESC_SUBGRUPO_PENDENCIA,IDEN_GRUPO_PENDENCIA,FLAG_SITUACAO,TIPO_OPERACAO,IDEN_AUDITORIA) values ('10','teste','11','ATIVO','0','454');
REM INSERTING into FIPLAN_GMA_DES.DHWTB003_SUBGRUPO_PENDENCIA
SET DEFINE OFF;
Insert into FIPLAN_GMA_DES.DHWTB003_SUBGRUPO_PENDENCIA (IDEN_SUBGRUPO_PENDENCIA,DESC_SUBGRUPO_PENDENCIA,IDEN_GRUPO_PENDENCIA,FLAG_SITUACAO,DATA_CRIACAO,DATA_ATUALIZACAO) values ('11','1.1 - Regularidade quanto a Tributos, a ContribuiÁıes Previdenci·rias Federais e ‡ DÌvida Ativa da Uni„o','12','ATIVO',to_date('07/11/18','DD/MM/RR'),to_date('08/11/18','DD/MM/RR'));
Insert into FIPLAN_GMA_DES.DHWTB003_SUBGRUPO_PENDENCIA (IDEN_SUBGRUPO_PENDENCIA,DESC_SUBGRUPO_PENDENCIA,IDEN_GRUPO_PENDENCIA,FLAG_SITUACAO,DATA_CRIACAO,DATA_ATUALIZACAO) values ('12','1.3 - Regularidade quanto a ContribuiÁıes para o FGTS','12','ATIVO',to_date('07/11/18','DD/MM/RR'),null);
Insert into FIPLAN_GMA_DES.DHWTB003_SUBGRUPO_PENDENCIA (IDEN_SUBGRUPO_PENDENCIA,DESC_SUBGRUPO_PENDENCIA,IDEN_GRUPO_PENDENCIA,FLAG_SITUACAO,DATA_CRIACAO,DATA_ATUALIZACAO) values ('13','1.4 - Regularidade em relaÁ„o ‡ AdimplÍncia Financeira em EmprÈstimos e Financiamentos concedidos pela Uni„o','12','ATIVO',to_date('07/11/18','DD/MM/RR'),null);
Insert into FIPLAN_GMA_DES.DHWTB003_SUBGRUPO_PENDENCIA (IDEN_SUBGRUPO_PENDENCIA,DESC_SUBGRUPO_PENDENCIA,IDEN_GRUPO_PENDENCIA,FLAG_SITUACAO,DATA_CRIACAO,DATA_ATUALIZACAO) values ('14','1.5 - Regularidade perante o Poder P˙blico Federal','12','ATIVO',to_date('07/11/18','DD/MM/RR'),null);
Insert into FIPLAN_GMA_DES.DHWTB003_SUBGRUPO_PENDENCIA (IDEN_SUBGRUPO_PENDENCIA,DESC_SUBGRUPO_PENDENCIA,IDEN_GRUPO_PENDENCIA,FLAG_SITUACAO,DATA_CRIACAO,DATA_ATUALIZACAO) values ('15','2.1 - Regularidade quanto ‡ PrestaÁ„o de Contas de Recursos Federais recebidos anteriormente','13','ATIVO',to_date('07/11/18','DD/MM/RR'),null);
Insert into FIPLAN_GMA_DES.DHWTB003_SUBGRUPO_PENDENCIA (IDEN_SUBGRUPO_PENDENCIA,DESC_SUBGRUPO_PENDENCIA,IDEN_GRUPO_PENDENCIA,FLAG_SITUACAO,DATA_CRIACAO,DATA_ATUALIZACAO) values ('16','3.1 - Encaminhamento do RelatÛrio de Gest„o Fiscal - RGF','14','ATIVO',to_date('07/11/18','DD/MM/RR'),null);
Insert into FIPLAN_GMA_DES.DHWTB003_SUBGRUPO_PENDENCIA (IDEN_SUBGRUPO_PENDENCIA,DESC_SUBGRUPO_PENDENCIA,IDEN_GRUPO_PENDENCIA,FLAG_SITUACAO,DATA_CRIACAO,DATA_ATUALIZACAO) values ('17','3.2 - Encaminhamento do RelatÛrio Resumido de ExecuÁ„o OrÁament·ria - RREO','14','ATIVO',to_date('07/11/18','DD/MM/RR'),null);
Insert into FIPLAN_GMA_DES.DHWTB003_SUBGRUPO_PENDENCIA (IDEN_SUBGRUPO_PENDENCIA,DESC_SUBGRUPO_PENDENCIA,IDEN_GRUPO_PENDENCIA,FLAG_SITUACAO,DATA_CRIACAO,DATA_ATUALIZACAO) values ('18','3.3 - Encaminhamento das Contas Anuais','14','ATIVO',to_date('07/11/18','DD/MM/RR'),null);
Insert into FIPLAN_GMA_DES.DHWTB003_SUBGRUPO_PENDENCIA (IDEN_SUBGRUPO_PENDENCIA,DESC_SUBGRUPO_PENDENCIA,IDEN_GRUPO_PENDENCIA,FLAG_SITUACAO,DATA_CRIACAO,DATA_ATUALIZACAO) values ('19','3.4 - Encaminhamento da Matriz de Saldos Cont·beis','14','ATIVO',to_date('07/11/18','DD/MM/RR'),null);
Insert into FIPLAN_GMA_DES.DHWTB003_SUBGRUPO_PENDENCIA (IDEN_SUBGRUPO_PENDENCIA,DESC_SUBGRUPO_PENDENCIA,IDEN_GRUPO_PENDENCIA,FLAG_SITUACAO,DATA_CRIACAO,DATA_ATUALIZACAO) values ('20','4.1 - ExercÌcio da Plena CompetÍncia Tribut·ria','15','ATIVO',to_date('07/11/18','DD/MM/RR'),null);
Insert into FIPLAN_GMA_DES.DHWTB003_SUBGRUPO_PENDENCIA (IDEN_SUBGRUPO_PENDENCIA,DESC_SUBGRUPO_PENDENCIA,IDEN_GRUPO_PENDENCIA,FLAG_SITUACAO,DATA_CRIACAO,DATA_ATUALIZACAO) values ('21','4.2 - AplicaÁ„o MÌnima de recursos em EducaÁ„o','15','ATIVO',to_date('07/11/18','DD/MM/RR'),null);
Insert into FIPLAN_GMA_DES.DHWTB003_SUBGRUPO_PENDENCIA (IDEN_SUBGRUPO_PENDENCIA,DESC_SUBGRUPO_PENDENCIA,IDEN_GRUPO_PENDENCIA,FLAG_SITUACAO,DATA_CRIACAO,DATA_ATUALIZACAO) values ('22','4.3 - AplicaÁ„o MÌnima de recursos em Sa˙de','15','ATIVO',to_date('07/11/18','DD/MM/RR'),null);
Insert into FIPLAN_GMA_DES.DHWTB003_SUBGRUPO_PENDENCIA (IDEN_SUBGRUPO_PENDENCIA,DESC_SUBGRUPO_PENDENCIA,IDEN_GRUPO_PENDENCIA,FLAG_SITUACAO,DATA_CRIACAO,DATA_ATUALIZACAO) values ('23','4.4 - Regularidade Previdenci·ria','15','ATIVO',to_date('07/11/18','DD/MM/RR'),null);
REM INSERTING into FIPLAN_GMA_DES.DHWTB004_TIPO_PENDENCIA
SET DEFINE OFF;
Insert into FIPLAN_GMA_DES.DHWTB004_TIPO_PENDENCIA (IDEN_TIPO_PENDENCIA,SIGLA_TIPO_PENDENCIA,DESC_TIPO_PENDENCIA,IDEN_TIPO_OCORRENCIA,IDEN_GRUPO_PENDENCIA,IDEN_SUBGRUPO_PENDENCIA,FLAG_SITUACAO,DATA_CRIACAO,DATA_ATUALIZACAO) values ('2','CND CONJUNTA','Certid„o Negativa de DÈbitos','49','12','11','ATIVO',to_date('07/11/18','DD/MM/RR'),to_date('12/11/18','DD/MM/RR'));
Insert into FIPLAN_GMA_DES.DHWTB004_TIPO_PENDENCIA (IDEN_TIPO_PENDENCIA,SIGLA_TIPO_PENDENCIA,DESC_TIPO_PENDENCIA,IDEN_TIPO_OCORRENCIA,IDEN_GRUPO_PENDENCIA,IDEN_SUBGRUPO_PENDENCIA,FLAG_SITUACAO,DATA_CRIACAO,DATA_ATUALIZACAO) values ('3','CRF-FGTS','Certificado de Regularidade do FGTS','49','12','12','ATIVO',to_date('07/11/18','DD/MM/RR'),null);
Insert into FIPLAN_GMA_DES.DHWTB004_TIPO_PENDENCIA (IDEN_TIPO_PENDENCIA,SIGLA_TIPO_PENDENCIA,DESC_TIPO_PENDENCIA,IDEN_TIPO_OCORRENCIA,IDEN_GRUPO_PENDENCIA,IDEN_SUBGRUPO_PENDENCIA,FLAG_SITUACAO,DATA_CRIACAO,DATA_ATUALIZACAO) values ('4','EMPR…STIMOS E FINANCIAMENTOS - STN','EMPR…STIMOS E FINANCIAMENTOS - STN','49','12','13','ATIVO',to_date('07/11/18','DD/MM/RR'),null);
Insert into FIPLAN_GMA_DES.DHWTB004_TIPO_PENDENCIA (IDEN_TIPO_PENDENCIA,SIGLA_TIPO_PENDENCIA,DESC_TIPO_PENDENCIA,IDEN_TIPO_OCORRENCIA,IDEN_GRUPO_PENDENCIA,IDEN_SUBGRUPO_PENDENCIA,FLAG_SITUACAO,DATA_CRIACAO,DATA_ATUALIZACAO) values ('37','AI','Auto de InfraÁ„o','51',null,null,'ATIVO',to_date('14/11/18','DD/MM/RR'),null);
Insert into FIPLAN_GMA_DES.DHWTB004_TIPO_PENDENCIA (IDEN_TIPO_PENDENCIA,SIGLA_TIPO_PENDENCIA,DESC_TIPO_PENDENCIA,IDEN_TIPO_OCORRENCIA,IDEN_GRUPO_PENDENCIA,IDEN_SUBGRUPO_PENDENCIA,FLAG_SITUACAO,DATA_CRIACAO,DATA_ATUALIZACAO) values ('6','SIAFI','Sistema Integrado de AdministraÁ„o Financeira do Governo Federal','49','13','15','ATIVO',to_date('07/11/18','DD/MM/RR'),null);
Insert into FIPLAN_GMA_DES.DHWTB004_TIPO_PENDENCIA (IDEN_TIPO_PENDENCIA,SIGLA_TIPO_PENDENCIA,DESC_TIPO_PENDENCIA,IDEN_TIPO_OCORRENCIA,IDEN_GRUPO_PENDENCIA,IDEN_SUBGRUPO_PENDENCIA,FLAG_SITUACAO,DATA_CRIACAO,DATA_ATUALIZACAO) values ('7','SICONV','Sistema de ConvÍnios','49','13','15','ATIVO',to_date('07/11/18','DD/MM/RR'),null);
Insert into FIPLAN_GMA_DES.DHWTB004_TIPO_PENDENCIA (IDEN_TIPO_PENDENCIA,SIGLA_TIPO_PENDENCIA,DESC_TIPO_PENDENCIA,IDEN_TIPO_OCORRENCIA,IDEN_GRUPO_PENDENCIA,IDEN_SUBGRUPO_PENDENCIA,FLAG_SITUACAO,DATA_CRIACAO,DATA_ATUALIZACAO) values ('17','RREO','PublicaÁ„o do RelatÛrio Resumido de ExecuÁ„o OrÁament·ria','49','14','17','ATIVO',to_date('07/11/18','DD/MM/RR'),null);
Insert into FIPLAN_GMA_DES.DHWTB004_TIPO_PENDENCIA (IDEN_TIPO_PENDENCIA,SIGLA_TIPO_PENDENCIA,DESC_TIPO_PENDENCIA,IDEN_TIPO_OCORRENCIA,IDEN_GRUPO_PENDENCIA,IDEN_SUBGRUPO_PENDENCIA,FLAG_SITUACAO,DATA_CRIACAO,DATA_ATUALIZACAO) values ('18','SIOPE','AplicaÁ„o MÌnima de recursos em EducaÁ„o','49','15','21','ATIVO',to_date('07/11/18','DD/MM/RR'),null);
Insert into FIPLAN_GMA_DES.DHWTB004_TIPO_PENDENCIA (IDEN_TIPO_PENDENCIA,SIGLA_TIPO_PENDENCIA,DESC_TIPO_PENDENCIA,IDEN_TIPO_OCORRENCIA,IDEN_GRUPO_PENDENCIA,IDEN_SUBGRUPO_PENDENCIA,FLAG_SITUACAO,DATA_CRIACAO,DATA_ATUALIZACAO) values ('10','Encaminhamento das Contas Anuais','Encaminhamento das Contas Anuais','49','14','18','ATIVO',to_date('07/11/18','DD/MM/RR'),null);
Insert into FIPLAN_GMA_DES.DHWTB004_TIPO_PENDENCIA (IDEN_TIPO_PENDENCIA,SIGLA_TIPO_PENDENCIA,DESC_TIPO_PENDENCIA,IDEN_TIPO_OCORRENCIA,IDEN_GRUPO_PENDENCIA,IDEN_SUBGRUPO_PENDENCIA,FLAG_SITUACAO,DATA_CRIACAO,DATA_ATUALIZACAO) values ('11','Encaminhamento da Matriz de Saldos Cont·beis','Encaminhamento da Matriz de Saldos Cont·beis','49','14','18','ATIVO',to_date('07/11/18','DD/MM/RR'),null);
Insert into FIPLAN_GMA_DES.DHWTB004_TIPO_PENDENCIA (IDEN_TIPO_PENDENCIA,SIGLA_TIPO_PENDENCIA,DESC_TIPO_PENDENCIA,IDEN_TIPO_OCORRENCIA,IDEN_GRUPO_PENDENCIA,IDEN_SUBGRUPO_PENDENCIA,FLAG_SITUACAO,DATA_CRIACAO,DATA_ATUALIZACAO) values ('12','ExercÌcio da Plena CompetÍncia Tribut·ria','ExercÌcio da Plena CompetÍncia Tribut·ria','49','15','20','ATIVO',to_date('07/11/18','DD/MM/RR'),null);
Insert into FIPLAN_GMA_DES.DHWTB004_TIPO_PENDENCIA (IDEN_TIPO_PENDENCIA,SIGLA_TIPO_PENDENCIA,DESC_TIPO_PENDENCIA,IDEN_TIPO_OCORRENCIA,IDEN_GRUPO_PENDENCIA,IDEN_SUBGRUPO_PENDENCIA,FLAG_SITUACAO,DATA_CRIACAO,DATA_ATUALIZACAO) values ('38','FGTS','Fundo de Garantia do Tempo de ServiÁo','51',null,null,'ATIVO',to_date('14/11/18','DD/MM/RR'),null);
Insert into FIPLAN_GMA_DES.DHWTB004_TIPO_PENDENCIA (IDEN_TIPO_PENDENCIA,SIGLA_TIPO_PENDENCIA,DESC_TIPO_PENDENCIA,IDEN_TIPO_OCORRENCIA,IDEN_GRUPO_PENDENCIA,IDEN_SUBGRUPO_PENDENCIA,FLAG_SITUACAO,DATA_CRIACAO,DATA_ATUALIZACAO) values ('15','CRP','Certid„o de Regularidade Previdenci·ria','49','15','23','ATIVO',to_date('07/11/18','DD/MM/RR'),null);
Insert into FIPLAN_GMA_DES.DHWTB004_TIPO_PENDENCIA (IDEN_TIPO_PENDENCIA,SIGLA_TIPO_PENDENCIA,DESC_TIPO_PENDENCIA,IDEN_TIPO_OCORRENCIA,IDEN_GRUPO_PENDENCIA,IDEN_SUBGRUPO_PENDENCIA,FLAG_SITUACAO,DATA_CRIACAO,DATA_ATUALIZACAO) values ('16','RGF','PublicaÁ„o do RelatÛrio de Gest„o Fiscal','49','14','16','ATIVO',to_date('07/11/18','DD/MM/RR'),null);
Insert into FIPLAN_GMA_DES.DHWTB004_TIPO_PENDENCIA (IDEN_TIPO_PENDENCIA,SIGLA_TIPO_PENDENCIA,DESC_TIPO_PENDENCIA,IDEN_TIPO_OCORRENCIA,IDEN_GRUPO_PENDENCIA,IDEN_SUBGRUPO_PENDENCIA,FLAG_SITUACAO,DATA_CRIACAO,DATA_ATUALIZACAO) values ('21','SIOPS','AplicaÁ„o Minima de recursos em Sa˙de','49','15','22','ATIVO',to_date('08/11/18','DD/MM/RR'),null);
Insert into FIPLAN_GMA_DES.DHWTB004_TIPO_PENDENCIA (IDEN_TIPO_PENDENCIA,SIGLA_TIPO_PENDENCIA,DESC_TIPO_PENDENCIA,IDEN_TIPO_OCORRENCIA,IDEN_GRUPO_PENDENCIA,IDEN_SUBGRUPO_PENDENCIA,FLAG_SITUACAO,DATA_CRIACAO,DATA_ATUALIZACAO) values ('39','INSS','Instituto Nacional do Seguro Social','51',null,null,'ATIVO',to_date('14/11/18','DD/MM/RR'),null);
Insert into FIPLAN_GMA_DES.DHWTB004_TIPO_PENDENCIA (IDEN_TIPO_PENDENCIA,SIGLA_TIPO_PENDENCIA,DESC_TIPO_PENDENCIA,IDEN_TIPO_OCORRENCIA,IDEN_GRUPO_PENDENCIA,IDEN_SUBGRUPO_PENDENCIA,FLAG_SITUACAO,DATA_CRIACAO,DATA_ATUALIZACAO) values ('27','CADIN','Cadastro Informativo de CrÈditos n„o Quitados do Setor P˙blico Federal','49','12','14','ATIVO',to_date('13/11/18','DD/MM/RR'),null);
Insert into FIPLAN_GMA_DES.DHWTB004_TIPO_PENDENCIA (IDEN_TIPO_PENDENCIA,SIGLA_TIPO_PENDENCIA,DESC_TIPO_PENDENCIA,IDEN_TIPO_OCORRENCIA,IDEN_GRUPO_PENDENCIA,IDEN_SUBGRUPO_PENDENCIA,FLAG_SITUACAO,DATA_CRIACAO,DATA_ATUALIZACAO) values ('47','DCTF','DeclaraÁ„o de DÈbitos e CrÈditos Tribut·rios Federais','56',null,null,'ATIVO',to_date('14/11/18','DD/MM/RR'),null);
Insert into FIPLAN_GMA_DES.DHWTB004_TIPO_PENDENCIA (IDEN_TIPO_PENDENCIA,SIGLA_TIPO_PENDENCIA,DESC_TIPO_PENDENCIA,IDEN_TIPO_OCORRENCIA,IDEN_GRUPO_PENDENCIA,IDEN_SUBGRUPO_PENDENCIA,FLAG_SITUACAO,DATA_CRIACAO,DATA_ATUALIZACAO) values ('48','DIRF','DeclaraÁ„o do Imposto de Renda Retido na Fonte','56',null,null,'ATIVO',to_date('14/11/18','DD/MM/RR'),null);
Insert into FIPLAN_GMA_DES.DHWTB004_TIPO_PENDENCIA (IDEN_TIPO_PENDENCIA,SIGLA_TIPO_PENDENCIA,DESC_TIPO_PENDENCIA,IDEN_TIPO_OCORRENCIA,IDEN_GRUPO_PENDENCIA,IDEN_SUBGRUPO_PENDENCIA,FLAG_SITUACAO,DATA_CRIACAO,DATA_ATUALIZACAO) values ('49','IRRF','Imposto de Renda Retido na Fonte','56',null,null,'ATIVO',to_date('14/11/18','DD/MM/RR'),null);
Insert into FIPLAN_GMA_DES.DHWTB004_TIPO_PENDENCIA (IDEN_TIPO_PENDENCIA,SIGLA_TIPO_PENDENCIA,DESC_TIPO_PENDENCIA,IDEN_TIPO_OCORRENCIA,IDEN_GRUPO_PENDENCIA,IDEN_SUBGRUPO_PENDENCIA,FLAG_SITUACAO,DATA_CRIACAO,DATA_ATUALIZACAO) values ('50','DITR','DeclaraÁ„o do Imposto sobre a Propriedade Territorial Rural','56',null,null,'ATIVO',to_date('14/11/18','DD/MM/RR'),null);
Insert into FIPLAN_GMA_DES.DHWTB004_TIPO_PENDENCIA (IDEN_TIPO_PENDENCIA,SIGLA_TIPO_PENDENCIA,DESC_TIPO_PENDENCIA,IDEN_TIPO_OCORRENCIA,IDEN_GRUPO_PENDENCIA,IDEN_SUBGRUPO_PENDENCIA,FLAG_SITUACAO,DATA_CRIACAO,DATA_ATUALIZACAO) values ('51','PIS/PASEP','Programa de IntegraÁ„o Social / Programa de FormaÁ„o do PatrimÙnio do Servidor P˙blico','56',null,null,'ATIVO',to_date('14/11/18','DD/MM/RR'),null);
Insert into FIPLAN_GMA_DES.DHWTB004_TIPO_PENDENCIA (IDEN_TIPO_PENDENCIA,SIGLA_TIPO_PENDENCIA,DESC_TIPO_PENDENCIA,IDEN_TIPO_OCORRENCIA,IDEN_GRUPO_PENDENCIA,IDEN_SUBGRUPO_PENDENCIA,FLAG_SITUACAO,DATA_CRIACAO,DATA_ATUALIZACAO) values ('52','TIF','TIF','56',null,null,'ATIVO',to_date('14/11/18','DD/MM/RR'),null);
Insert into FIPLAN_GMA_DES.DHWTB004_TIPO_PENDENCIA (IDEN_TIPO_PENDENCIA,SIGLA_TIPO_PENDENCIA,DESC_TIPO_PENDENCIA,IDEN_TIPO_OCORRENCIA,IDEN_GRUPO_PENDENCIA,IDEN_SUBGRUPO_PENDENCIA,FLAG_SITUACAO,DATA_CRIACAO,DATA_ATUALIZACAO) values ('42','TIF','TIF','51',null,null,'ATIVO',to_date('14/11/18','DD/MM/RR'),null);
Insert into FIPLAN_GMA_DES.DHWTB004_TIPO_PENDENCIA (IDEN_TIPO_PENDENCIA,SIGLA_TIPO_PENDENCIA,DESC_TIPO_PENDENCIA,IDEN_TIPO_OCORRENCIA,IDEN_GRUPO_PENDENCIA,IDEN_SUBGRUPO_PENDENCIA,FLAG_SITUACAO,DATA_CRIACAO,DATA_ATUALIZACAO) values ('40','MT PREV','Mato Grosso PrevidÍncia','51',null,null,'ATIVO',to_date('14/11/18','DD/MM/RR'),null);
Insert into FIPLAN_GMA_DES.DHWTB004_TIPO_PENDENCIA (IDEN_TIPO_PENDENCIA,SIGLA_TIPO_PENDENCIA,DESC_TIPO_PENDENCIA,IDEN_TIPO_OCORRENCIA,IDEN_GRUPO_PENDENCIA,IDEN_SUBGRUPO_PENDENCIA,FLAG_SITUACAO,DATA_CRIACAO,DATA_ATUALIZACAO) values ('41','RAIS','RelatÛrio de InformaÁıes SÛcio-EconÙmicas','51',null,null,'ATIVO',to_date('14/11/18','DD/MM/RR'),null);
Insert into FIPLAN_GMA_DES.DHWTB004_TIPO_PENDENCIA (IDEN_TIPO_PENDENCIA,SIGLA_TIPO_PENDENCIA,DESC_TIPO_PENDENCIA,IDEN_TIPO_OCORRENCIA,IDEN_GRUPO_PENDENCIA,IDEN_SUBGRUPO_PENDENCIA,FLAG_SITUACAO,DATA_CRIACAO,DATA_ATUALIZACAO) values ('43','AI','Auto de InfraÁ„o','56',null,null,'ATIVO',to_date('14/11/18','DD/MM/RR'),null);
Insert into FIPLAN_GMA_DES.DHWTB004_TIPO_PENDENCIA (IDEN_TIPO_PENDENCIA,SIGLA_TIPO_PENDENCIA,DESC_TIPO_PENDENCIA,IDEN_TIPO_OCORRENCIA,IDEN_GRUPO_PENDENCIA,IDEN_SUBGRUPO_PENDENCIA,FLAG_SITUACAO,DATA_CRIACAO,DATA_ATUALIZACAO) values ('45','COFINS','ContribuiÁ„o para o Financiamento da Seguridade Social','56',null,null,'ATIVO',to_date('14/11/18','DD/MM/RR'),null);
Insert into FIPLAN_GMA_DES.DHWTB004_TIPO_PENDENCIA (IDEN_TIPO_PENDENCIA,SIGLA_TIPO_PENDENCIA,DESC_TIPO_PENDENCIA,IDEN_TIPO_OCORRENCIA,IDEN_GRUPO_PENDENCIA,IDEN_SUBGRUPO_PENDENCIA,FLAG_SITUACAO,DATA_CRIACAO,DATA_ATUALIZACAO) values ('46','CSLL','ContribuiÁ„o Social Sobre o Lucro LÌquido','56',null,null,'ATIVO',to_date('14/11/18','DD/MM/RR'),null);
REM INSERTING into FIPLAN_GMA_DES.DHWTB004_TIPO_PENDENCIA_AUD
SET DEFINE OFF;
Insert into FIPLAN_GMA_DES.DHWTB004_TIPO_PENDENCIA_AUD (IDEN_TIPO_PENDENCIA,SIGLA_TIPO_PENDENCIA,DESC_TIPO_PENDENCIA,IDEN_TIPO_OCORRENCIA,IDEN_GRUPO_PENDENCIA,IDEN_SUBGRUPO_PENDENCIA,FLAG_SITUACAO,TIPO_OPERACAO,IDEN_AUDITORIA) values ('19','SIOPS','AplicaÁ„o MÌnima de recursos em Sa˙de','49','15','22','ATIVO','0','499');
Insert into FIPLAN_GMA_DES.DHWTB004_TIPO_PENDENCIA_AUD (IDEN_TIPO_PENDENCIA,SIGLA_TIPO_PENDENCIA,DESC_TIPO_PENDENCIA,IDEN_TIPO_OCORRENCIA,IDEN_GRUPO_PENDENCIA,IDEN_SUBGRUPO_PENDENCIA,FLAG_SITUACAO,TIPO_OPERACAO,IDEN_AUDITORIA) values ('31','TP','asdasd','51',null,null,'ATIVO','2','781');
Insert into FIPLAN_GMA_DES.DHWTB004_TIPO_PENDENCIA_AUD (IDEN_TIPO_PENDENCIA,SIGLA_TIPO_PENDENCIA,DESC_TIPO_PENDENCIA,IDEN_TIPO_OCORRENCIA,IDEN_GRUPO_PENDENCIA,IDEN_SUBGRUPO_PENDENCIA,FLAG_SITUACAO,TIPO_OPERACAO,IDEN_AUDITORIA) values ('32','TP1','Tipo PendÍncia 1','51',null,null,'ATIVO','0','782');
Insert into FIPLAN_GMA_DES.DHWTB004_TIPO_PENDENCIA_AUD (IDEN_TIPO_PENDENCIA,SIGLA_TIPO_PENDENCIA,DESC_TIPO_PENDENCIA,IDEN_TIPO_OCORRENCIA,IDEN_GRUPO_PENDENCIA,IDEN_SUBGRUPO_PENDENCIA,FLAG_SITUACAO,TIPO_OPERACAO,IDEN_AUDITORIA) values ('33','TP2','Tipo PendÍncia 2','56',null,null,'ATIVO','0','783');
Insert into FIPLAN_GMA_DES.DHWTB004_TIPO_PENDENCIA_AUD (IDEN_TIPO_PENDENCIA,SIGLA_TIPO_PENDENCIA,DESC_TIPO_PENDENCIA,IDEN_TIPO_OCORRENCIA,IDEN_GRUPO_PENDENCIA,IDEN_SUBGRUPO_PENDENCIA,FLAG_SITUACAO,TIPO_OPERACAO,IDEN_AUDITORIA) values ('2','CND CONJUNTA','Certid„o Negativa de DÈbitos','49','12','11','ATIVO','0','478');
Insert into FIPLAN_GMA_DES.DHWTB004_TIPO_PENDENCIA_AUD (IDEN_TIPO_PENDENCIA,SIGLA_TIPO_PENDENCIA,DESC_TIPO_PENDENCIA,IDEN_TIPO_OCORRENCIA,IDEN_GRUPO_PENDENCIA,IDEN_SUBGRUPO_PENDENCIA,FLAG_SITUACAO,TIPO_OPERACAO,IDEN_AUDITORIA) values ('3','CRF-FGTS','Certificado de Regularidade do FGTS','49','12','12','ATIVO','0','479');
Insert into FIPLAN_GMA_DES.DHWTB004_TIPO_PENDENCIA_AUD (IDEN_TIPO_PENDENCIA,SIGLA_TIPO_PENDENCIA,DESC_TIPO_PENDENCIA,IDEN_TIPO_OCORRENCIA,IDEN_GRUPO_PENDENCIA,IDEN_SUBGRUPO_PENDENCIA,FLAG_SITUACAO,TIPO_OPERACAO,IDEN_AUDITORIA) values ('4','EMPR…STIMOS E FINANCIAMENTOS - STN','EMPR…STIMOS E FINANCIAMENTOS - STN','49','12','13','ATIVO','0','480');
Insert into FIPLAN_GMA_DES.DHWTB004_TIPO_PENDENCIA_AUD (IDEN_TIPO_PENDENCIA,SIGLA_TIPO_PENDENCIA,DESC_TIPO_PENDENCIA,IDEN_TIPO_OCORRENCIA,IDEN_GRUPO_PENDENCIA,IDEN_SUBGRUPO_PENDENCIA,FLAG_SITUACAO,TIPO_OPERACAO,IDEN_AUDITORIA) values ('5','CADIN','Cadastro Informativo de CrÈditos n„o Quitados do Setor P˙blico Federal','49','12','14','ATIVO','0','481');
Insert into FIPLAN_GMA_DES.DHWTB004_TIPO_PENDENCIA_AUD (IDEN_TIPO_PENDENCIA,SIGLA_TIPO_PENDENCIA,DESC_TIPO_PENDENCIA,IDEN_TIPO_OCORRENCIA,IDEN_GRUPO_PENDENCIA,IDEN_SUBGRUPO_PENDENCIA,FLAG_SITUACAO,TIPO_OPERACAO,IDEN_AUDITORIA) values ('6','SIAFI','Sistema Integrado de AdministraÁ„o Financeira do Governo Federal','49','13','15','ATIVO','0','482');
Insert into FIPLAN_GMA_DES.DHWTB004_TIPO_PENDENCIA_AUD (IDEN_TIPO_PENDENCIA,SIGLA_TIPO_PENDENCIA,DESC_TIPO_PENDENCIA,IDEN_TIPO_OCORRENCIA,IDEN_GRUPO_PENDENCIA,IDEN_SUBGRUPO_PENDENCIA,FLAG_SITUACAO,TIPO_OPERACAO,IDEN_AUDITORIA) values ('7','SICONV','Sistema de ConvÍnios','49','13','15','ATIVO','0','483');
Insert into FIPLAN_GMA_DES.DHWTB004_TIPO_PENDENCIA_AUD (IDEN_TIPO_PENDENCIA,SIGLA_TIPO_PENDENCIA,DESC_TIPO_PENDENCIA,IDEN_TIPO_OCORRENCIA,IDEN_GRUPO_PENDENCIA,IDEN_SUBGRUPO_PENDENCIA,FLAG_SITUACAO,TIPO_OPERACAO,IDEN_AUDITORIA) values ('8','PublicaÁ„o do RelatÛrio de Gest„o Fiscal - RGF','PublicaÁ„o do RelatÛrio de Gest„o Fiscal - RGF','49','14','16','ATIVO','0','484');
Insert into FIPLAN_GMA_DES.DHWTB004_TIPO_PENDENCIA_AUD (IDEN_TIPO_PENDENCIA,SIGLA_TIPO_PENDENCIA,DESC_TIPO_PENDENCIA,IDEN_TIPO_OCORRENCIA,IDEN_GRUPO_PENDENCIA,IDEN_SUBGRUPO_PENDENCIA,FLAG_SITUACAO,TIPO_OPERACAO,IDEN_AUDITORIA) values ('9','PublicaÁ„o do RelatÛrio Resumido de ExecuÁ„o OrÁament·ria - RREO','PublicaÁ„o do RelatÛrio Resumido de ExecuÁ„o OrÁament·ria - RREO','49','14','17','ATIVO','0','485');
Insert into FIPLAN_GMA_DES.DHWTB004_TIPO_PENDENCIA_AUD (IDEN_TIPO_PENDENCIA,SIGLA_TIPO_PENDENCIA,DESC_TIPO_PENDENCIA,IDEN_TIPO_OCORRENCIA,IDEN_GRUPO_PENDENCIA,IDEN_SUBGRUPO_PENDENCIA,FLAG_SITUACAO,TIPO_OPERACAO,IDEN_AUDITORIA) values ('10','Encaminhamento das Contas Anuais','Encaminhamento das Contas Anuais','49','14','18','ATIVO','0','486');
Insert into FIPLAN_GMA_DES.DHWTB004_TIPO_PENDENCIA_AUD (IDEN_TIPO_PENDENCIA,SIGLA_TIPO_PENDENCIA,DESC_TIPO_PENDENCIA,IDEN_TIPO_OCORRENCIA,IDEN_GRUPO_PENDENCIA,IDEN_SUBGRUPO_PENDENCIA,FLAG_SITUACAO,TIPO_OPERACAO,IDEN_AUDITORIA) values ('11','Encaminhamento da Matriz de Saldos Cont·beis','Encaminhamento da Matriz de Saldos Cont·beis','49','14','18','ATIVO','0','487');
Insert into FIPLAN_GMA_DES.DHWTB004_TIPO_PENDENCIA_AUD (IDEN_TIPO_PENDENCIA,SIGLA_TIPO_PENDENCIA,DESC_TIPO_PENDENCIA,IDEN_TIPO_OCORRENCIA,IDEN_GRUPO_PENDENCIA,IDEN_SUBGRUPO_PENDENCIA,FLAG_SITUACAO,TIPO_OPERACAO,IDEN_AUDITORIA) values ('12','ExercÌcio da Plena CompetÍncia Tribut·ria','ExercÌcio da Plena CompetÍncia Tribut·ria','49','15','20','ATIVO','0','488');
Insert into FIPLAN_GMA_DES.DHWTB004_TIPO_PENDENCIA_AUD (IDEN_TIPO_PENDENCIA,SIGLA_TIPO_PENDENCIA,DESC_TIPO_PENDENCIA,IDEN_TIPO_OCORRENCIA,IDEN_GRUPO_PENDENCIA,IDEN_SUBGRUPO_PENDENCIA,FLAG_SITUACAO,TIPO_OPERACAO,IDEN_AUDITORIA) values ('13','AplicaÁ„o MÌnima de recursos em EducaÁ„o - SIOPE','AplicaÁ„o MÌnima de recursos em EducaÁ„o - SIOPE','49','15','21','ATIVO','0','489');
Insert into FIPLAN_GMA_DES.DHWTB004_TIPO_PENDENCIA_AUD (IDEN_TIPO_PENDENCIA,SIGLA_TIPO_PENDENCIA,DESC_TIPO_PENDENCIA,IDEN_TIPO_OCORRENCIA,IDEN_GRUPO_PENDENCIA,IDEN_SUBGRUPO_PENDENCIA,FLAG_SITUACAO,TIPO_OPERACAO,IDEN_AUDITORIA) values ('14','AplicaÁ„o MÌnima de recursos em Sa˙de - SIOPS ','AplicaÁ„o MÌnima de recursos em Sa˙de - SIOPS ','49','15','22','ATIVO','0','490');
Insert into FIPLAN_GMA_DES.DHWTB004_TIPO_PENDENCIA_AUD (IDEN_TIPO_PENDENCIA,SIGLA_TIPO_PENDENCIA,DESC_TIPO_PENDENCIA,IDEN_TIPO_OCORRENCIA,IDEN_GRUPO_PENDENCIA,IDEN_SUBGRUPO_PENDENCIA,FLAG_SITUACAO,TIPO_OPERACAO,IDEN_AUDITORIA) values ('15','CRP','Certid„o de Regularidade Previdenci·ria','49','15','23','ATIVO','0','491');
Insert into FIPLAN_GMA_DES.DHWTB004_TIPO_PENDENCIA_AUD (IDEN_TIPO_PENDENCIA,SIGLA_TIPO_PENDENCIA,DESC_TIPO_PENDENCIA,IDEN_TIPO_OCORRENCIA,IDEN_GRUPO_PENDENCIA,IDEN_SUBGRUPO_PENDENCIA,FLAG_SITUACAO,TIPO_OPERACAO,IDEN_AUDITORIA) values ('8','PublicaÁ„o do RelatÛrio de Gest„o Fiscal - RGF','PublicaÁ„o do RelatÛrio de Gest„o Fiscal - RGF','49','14','16','ATIVO','2','492');
Insert into FIPLAN_GMA_DES.DHWTB004_TIPO_PENDENCIA_AUD (IDEN_TIPO_PENDENCIA,SIGLA_TIPO_PENDENCIA,DESC_TIPO_PENDENCIA,IDEN_TIPO_OCORRENCIA,IDEN_GRUPO_PENDENCIA,IDEN_SUBGRUPO_PENDENCIA,FLAG_SITUACAO,TIPO_OPERACAO,IDEN_AUDITORIA) values ('16','RGF','PublicaÁ„o do RelatÛrio de Gest„o Fiscal','49','14','16','ATIVO','0','493');
Insert into FIPLAN_GMA_DES.DHWTB004_TIPO_PENDENCIA_AUD (IDEN_TIPO_PENDENCIA,SIGLA_TIPO_PENDENCIA,DESC_TIPO_PENDENCIA,IDEN_TIPO_OCORRENCIA,IDEN_GRUPO_PENDENCIA,IDEN_SUBGRUPO_PENDENCIA,FLAG_SITUACAO,TIPO_OPERACAO,IDEN_AUDITORIA) values ('9','PublicaÁ„o do RelatÛrio Resumido de ExecuÁ„o OrÁament·ria - RREO','PublicaÁ„o do RelatÛrio Resumido de ExecuÁ„o OrÁament·ria - RREO','49','14','17','ATIVO','2','494');
Insert into FIPLAN_GMA_DES.DHWTB004_TIPO_PENDENCIA_AUD (IDEN_TIPO_PENDENCIA,SIGLA_TIPO_PENDENCIA,DESC_TIPO_PENDENCIA,IDEN_TIPO_OCORRENCIA,IDEN_GRUPO_PENDENCIA,IDEN_SUBGRUPO_PENDENCIA,FLAG_SITUACAO,TIPO_OPERACAO,IDEN_AUDITORIA) values ('17','RREO','PublicaÁ„o do RelatÛrio Resumido de ExecuÁ„o OrÁament·ria','49','14','17','ATIVO','0','495');
Insert into FIPLAN_GMA_DES.DHWTB004_TIPO_PENDENCIA_AUD (IDEN_TIPO_PENDENCIA,SIGLA_TIPO_PENDENCIA,DESC_TIPO_PENDENCIA,IDEN_TIPO_OCORRENCIA,IDEN_GRUPO_PENDENCIA,IDEN_SUBGRUPO_PENDENCIA,FLAG_SITUACAO,TIPO_OPERACAO,IDEN_AUDITORIA) values ('13','AplicaÁ„o MÌnima de recursos em EducaÁ„o - SIOPE','AplicaÁ„o MÌnima de recursos em EducaÁ„o - SIOPE','49','15','21','ATIVO','2','496');
Insert into FIPLAN_GMA_DES.DHWTB004_TIPO_PENDENCIA_AUD (IDEN_TIPO_PENDENCIA,SIGLA_TIPO_PENDENCIA,DESC_TIPO_PENDENCIA,IDEN_TIPO_OCORRENCIA,IDEN_GRUPO_PENDENCIA,IDEN_SUBGRUPO_PENDENCIA,FLAG_SITUACAO,TIPO_OPERACAO,IDEN_AUDITORIA) values ('18','SIOPE','AplicaÁ„o MÌnima de recursos em EducaÁ„o','49','15','21','ATIVO','0','497');
Insert into FIPLAN_GMA_DES.DHWTB004_TIPO_PENDENCIA_AUD (IDEN_TIPO_PENDENCIA,SIGLA_TIPO_PENDENCIA,DESC_TIPO_PENDENCIA,IDEN_TIPO_OCORRENCIA,IDEN_GRUPO_PENDENCIA,IDEN_SUBGRUPO_PENDENCIA,FLAG_SITUACAO,TIPO_OPERACAO,IDEN_AUDITORIA) values ('14','AplicaÁ„o MÌnima de recursos em Sa˙de - SIOPS ','AplicaÁ„o MÌnima de recursos em Sa˙de - SIOPS ','49','15','22','ATIVO','2','498');
Insert into FIPLAN_GMA_DES.DHWTB004_TIPO_PENDENCIA_AUD (IDEN_TIPO_PENDENCIA,SIGLA_TIPO_PENDENCIA,DESC_TIPO_PENDENCIA,IDEN_TIPO_OCORRENCIA,IDEN_GRUPO_PENDENCIA,IDEN_SUBGRUPO_PENDENCIA,FLAG_SITUACAO,TIPO_OPERACAO,IDEN_AUDITORIA) values ('20','SIOPS','AplicaÁ„o MÌnima de recursos em Sa˙de','49','13','15','ATIVO','0','630');
Insert into FIPLAN_GMA_DES.DHWTB004_TIPO_PENDENCIA_AUD (IDEN_TIPO_PENDENCIA,SIGLA_TIPO_PENDENCIA,DESC_TIPO_PENDENCIA,IDEN_TIPO_OCORRENCIA,IDEN_GRUPO_PENDENCIA,IDEN_SUBGRUPO_PENDENCIA,FLAG_SITUACAO,TIPO_OPERACAO,IDEN_AUDITORIA) values ('32','TP1','Tipo PendÍncia 1','51',null,null,'ATIVO','2','785');
Insert into FIPLAN_GMA_DES.DHWTB004_TIPO_PENDENCIA_AUD (IDEN_TIPO_PENDENCIA,SIGLA_TIPO_PENDENCIA,DESC_TIPO_PENDENCIA,IDEN_TIPO_OCORRENCIA,IDEN_GRUPO_PENDENCIA,IDEN_SUBGRUPO_PENDENCIA,FLAG_SITUACAO,TIPO_OPERACAO,IDEN_AUDITORIA) values ('33','TP2','Tipo PendÍncia 2','56',null,null,'ATIVO','2','786');
Insert into FIPLAN_GMA_DES.DHWTB004_TIPO_PENDENCIA_AUD (IDEN_TIPO_PENDENCIA,SIGLA_TIPO_PENDENCIA,DESC_TIPO_PENDENCIA,IDEN_TIPO_OCORRENCIA,IDEN_GRUPO_PENDENCIA,IDEN_SUBGRUPO_PENDENCIA,FLAG_SITUACAO,TIPO_OPERACAO,IDEN_AUDITORIA) values ('28','AI','AUTO DE INFRA«√O','51',null,null,'INATIVO','2','787');
Insert into FIPLAN_GMA_DES.DHWTB004_TIPO_PENDENCIA_AUD (IDEN_TIPO_PENDENCIA,SIGLA_TIPO_PENDENCIA,DESC_TIPO_PENDENCIA,IDEN_TIPO_OCORRENCIA,IDEN_GRUPO_PENDENCIA,IDEN_SUBGRUPO_PENDENCIA,FLAG_SITUACAO,TIPO_OPERACAO,IDEN_AUDITORIA) values ('34','SIAFI','Sistema Integrado de AdministraÁ„o Financeira do Governo Federal','56',null,null,'ATIVO','0','788');
Insert into FIPLAN_GMA_DES.DHWTB004_TIPO_PENDENCIA_AUD (IDEN_TIPO_PENDENCIA,SIGLA_TIPO_PENDENCIA,DESC_TIPO_PENDENCIA,IDEN_TIPO_OCORRENCIA,IDEN_GRUPO_PENDENCIA,IDEN_SUBGRUPO_PENDENCIA,FLAG_SITUACAO,TIPO_OPERACAO,IDEN_AUDITORIA) values ('35','SIAFI','Sistema Integrado de AdministraÁ„o Financeira do Governo Federal','51',null,null,'ATIVO','0','789');
Insert into FIPLAN_GMA_DES.DHWTB004_TIPO_PENDENCIA_AUD (IDEN_TIPO_PENDENCIA,SIGLA_TIPO_PENDENCIA,DESC_TIPO_PENDENCIA,IDEN_TIPO_OCORRENCIA,IDEN_GRUPO_PENDENCIA,IDEN_SUBGRUPO_PENDENCIA,FLAG_SITUACAO,TIPO_OPERACAO,IDEN_AUDITORIA) values ('36','SIAFI','Sistema Integrado de AdministraÁ„o Financeira do Governo Federal','49','12','11','ATIVO','0','790');
Insert into FIPLAN_GMA_DES.DHWTB004_TIPO_PENDENCIA_AUD (IDEN_TIPO_PENDENCIA,SIGLA_TIPO_PENDENCIA,DESC_TIPO_PENDENCIA,IDEN_TIPO_OCORRENCIA,IDEN_GRUPO_PENDENCIA,IDEN_SUBGRUPO_PENDENCIA,FLAG_SITUACAO,TIPO_OPERACAO,IDEN_AUDITORIA) values ('35','SIAFI','Sistema Integrado de AdministraÁ„o Financeira do Governo Federal','51',null,null,'ATIVO','2','791');
Insert into FIPLAN_GMA_DES.DHWTB004_TIPO_PENDENCIA_AUD (IDEN_TIPO_PENDENCIA,SIGLA_TIPO_PENDENCIA,DESC_TIPO_PENDENCIA,IDEN_TIPO_OCORRENCIA,IDEN_GRUPO_PENDENCIA,IDEN_SUBGRUPO_PENDENCIA,FLAG_SITUACAO,TIPO_OPERACAO,IDEN_AUDITORIA) values ('34','SIAFI','Sistema Integrado de AdministraÁ„o Financeira do Governo Federal','56',null,null,'ATIVO','2','792');
Insert into FIPLAN_GMA_DES.DHWTB004_TIPO_PENDENCIA_AUD (IDEN_TIPO_PENDENCIA,SIGLA_TIPO_PENDENCIA,DESC_TIPO_PENDENCIA,IDEN_TIPO_OCORRENCIA,IDEN_GRUPO_PENDENCIA,IDEN_SUBGRUPO_PENDENCIA,FLAG_SITUACAO,TIPO_OPERACAO,IDEN_AUDITORIA) values ('36','SIAFI','Sistema Integrado de AdministraÁ„o Financeira do Governo Federal','49','12','11','ATIVO','2','793');
Insert into FIPLAN_GMA_DES.DHWTB004_TIPO_PENDENCIA_AUD (IDEN_TIPO_PENDENCIA,SIGLA_TIPO_PENDENCIA,DESC_TIPO_PENDENCIA,IDEN_TIPO_OCORRENCIA,IDEN_GRUPO_PENDENCIA,IDEN_SUBGRUPO_PENDENCIA,FLAG_SITUACAO,TIPO_OPERACAO,IDEN_AUDITORIA) values ('37','AI','Auto de InfraÁ„o','51',null,null,'ATIVO','0','794');
Insert into FIPLAN_GMA_DES.DHWTB004_TIPO_PENDENCIA_AUD (IDEN_TIPO_PENDENCIA,SIGLA_TIPO_PENDENCIA,DESC_TIPO_PENDENCIA,IDEN_TIPO_OCORRENCIA,IDEN_GRUPO_PENDENCIA,IDEN_SUBGRUPO_PENDENCIA,FLAG_SITUACAO,TIPO_OPERACAO,IDEN_AUDITORIA) values ('38','FGTS','Fundo de Garantia do Tempo de ServiÁo','51',null,null,'ATIVO','0','795');
Insert into FIPLAN_GMA_DES.DHWTB004_TIPO_PENDENCIA_AUD (IDEN_TIPO_PENDENCIA,SIGLA_TIPO_PENDENCIA,DESC_TIPO_PENDENCIA,IDEN_TIPO_OCORRENCIA,IDEN_GRUPO_PENDENCIA,IDEN_SUBGRUPO_PENDENCIA,FLAG_SITUACAO,TIPO_OPERACAO,IDEN_AUDITORIA) values ('19','SIOPS','AplicaÁ„o MÌnima de recursos em Sa˙de','49','15','22','INATIVO','1','631');
Insert into FIPLAN_GMA_DES.DHWTB004_TIPO_PENDENCIA_AUD (IDEN_TIPO_PENDENCIA,SIGLA_TIPO_PENDENCIA,DESC_TIPO_PENDENCIA,IDEN_TIPO_OCORRENCIA,IDEN_GRUPO_PENDENCIA,IDEN_SUBGRUPO_PENDENCIA,FLAG_SITUACAO,TIPO_OPERACAO,IDEN_AUDITORIA) values ('20','SIOPS','AplicaÁ„o MÌnima de recursos em Sa˙de','49','13','15','ATIVO','2','632');
Insert into FIPLAN_GMA_DES.DHWTB004_TIPO_PENDENCIA_AUD (IDEN_TIPO_PENDENCIA,SIGLA_TIPO_PENDENCIA,DESC_TIPO_PENDENCIA,IDEN_TIPO_OCORRENCIA,IDEN_GRUPO_PENDENCIA,IDEN_SUBGRUPO_PENDENCIA,FLAG_SITUACAO,TIPO_OPERACAO,IDEN_AUDITORIA) values ('19','SIOPS','AplicaÁ„o MÌnima de recursos em Sa˙de','49','15','22','INATIVO','2','633');
Insert into FIPLAN_GMA_DES.DHWTB004_TIPO_PENDENCIA_AUD (IDEN_TIPO_PENDENCIA,SIGLA_TIPO_PENDENCIA,DESC_TIPO_PENDENCIA,IDEN_TIPO_OCORRENCIA,IDEN_GRUPO_PENDENCIA,IDEN_SUBGRUPO_PENDENCIA,FLAG_SITUACAO,TIPO_OPERACAO,IDEN_AUDITORIA) values ('21','SIOPS','AplicaÁ„o Minima de recursos em Sa˙de','49','15','22','ATIVO','0','634');
Insert into FIPLAN_GMA_DES.DHWTB004_TIPO_PENDENCIA_AUD (IDEN_TIPO_PENDENCIA,SIGLA_TIPO_PENDENCIA,DESC_TIPO_PENDENCIA,IDEN_TIPO_OCORRENCIA,IDEN_GRUPO_PENDENCIA,IDEN_SUBGRUPO_PENDENCIA,FLAG_SITUACAO,TIPO_OPERACAO,IDEN_AUDITORIA) values ('26','Teste','Teste Incluir somente com OcorrÍncia','50',null,null,'ATIVO','0','744');
Insert into FIPLAN_GMA_DES.DHWTB004_TIPO_PENDENCIA_AUD (IDEN_TIPO_PENDENCIA,SIGLA_TIPO_PENDENCIA,DESC_TIPO_PENDENCIA,IDEN_TIPO_OCORRENCIA,IDEN_GRUPO_PENDENCIA,IDEN_SUBGRUPO_PENDENCIA,FLAG_SITUACAO,TIPO_OPERACAO,IDEN_AUDITORIA) values ('5','CADIN','Cadastro Informativo de CrÈditos n„o Quitados do Setor P˙blico Federal','49','12','14','ATIVO','2','750');
Insert into FIPLAN_GMA_DES.DHWTB004_TIPO_PENDENCIA_AUD (IDEN_TIPO_PENDENCIA,SIGLA_TIPO_PENDENCIA,DESC_TIPO_PENDENCIA,IDEN_TIPO_OCORRENCIA,IDEN_GRUPO_PENDENCIA,IDEN_SUBGRUPO_PENDENCIA,FLAG_SITUACAO,TIPO_OPERACAO,IDEN_AUDITORIA) values ('27','CADIN','Cadastro Informativo de CrÈditos n„o Quitados do Setor P˙blico Federal','49','12','14','ATIVO','0','751');
Insert into FIPLAN_GMA_DES.DHWTB004_TIPO_PENDENCIA_AUD (IDEN_TIPO_PENDENCIA,SIGLA_TIPO_PENDENCIA,DESC_TIPO_PENDENCIA,IDEN_TIPO_OCORRENCIA,IDEN_GRUPO_PENDENCIA,IDEN_SUBGRUPO_PENDENCIA,FLAG_SITUACAO,TIPO_OPERACAO,IDEN_AUDITORIA) values ('28','AI','AUTO DE INFRA«√O','51',null,null,'ATIVO','0','752');
Insert into FIPLAN_GMA_DES.DHWTB004_TIPO_PENDENCIA_AUD (IDEN_TIPO_PENDENCIA,SIGLA_TIPO_PENDENCIA,DESC_TIPO_PENDENCIA,IDEN_TIPO_OCORRENCIA,IDEN_GRUPO_PENDENCIA,IDEN_SUBGRUPO_PENDENCIA,FLAG_SITUACAO,TIPO_OPERACAO,IDEN_AUDITORIA) values ('28','AI','AUTO DE INFRA«√O','51',null,null,'INATIVO','1','753');
Insert into FIPLAN_GMA_DES.DHWTB004_TIPO_PENDENCIA_AUD (IDEN_TIPO_PENDENCIA,SIGLA_TIPO_PENDENCIA,DESC_TIPO_PENDENCIA,IDEN_TIPO_OCORRENCIA,IDEN_GRUPO_PENDENCIA,IDEN_SUBGRUPO_PENDENCIA,FLAG_SITUACAO,TIPO_OPERACAO,IDEN_AUDITORIA) values ('26','Teste','Teste Incluir somente com OcorrÍncia','50',null,null,'INATIVO','1','754');
Insert into FIPLAN_GMA_DES.DHWTB004_TIPO_PENDENCIA_AUD (IDEN_TIPO_PENDENCIA,SIGLA_TIPO_PENDENCIA,DESC_TIPO_PENDENCIA,IDEN_TIPO_OCORRENCIA,IDEN_GRUPO_PENDENCIA,IDEN_SUBGRUPO_PENDENCIA,FLAG_SITUACAO,TIPO_OPERACAO,IDEN_AUDITORIA) values ('26','Teste','Teste Incluir somente com OcorrÍncia','50',null,null,'INATIVO','2','774');
Insert into FIPLAN_GMA_DES.DHWTB004_TIPO_PENDENCIA_AUD (IDEN_TIPO_PENDENCIA,SIGLA_TIPO_PENDENCIA,DESC_TIPO_PENDENCIA,IDEN_TIPO_OCORRENCIA,IDEN_GRUPO_PENDENCIA,IDEN_SUBGRUPO_PENDENCIA,FLAG_SITUACAO,TIPO_OPERACAO,IDEN_AUDITORIA) values ('29','TP','Tipo PendÍncia','51',null,null,'ATIVO','0','775');
Insert into FIPLAN_GMA_DES.DHWTB004_TIPO_PENDENCIA_AUD (IDEN_TIPO_PENDENCIA,SIGLA_TIPO_PENDENCIA,DESC_TIPO_PENDENCIA,IDEN_TIPO_OCORRENCIA,IDEN_GRUPO_PENDENCIA,IDEN_SUBGRUPO_PENDENCIA,FLAG_SITUACAO,TIPO_OPERACAO,IDEN_AUDITORIA) values ('39','INSS','Instituto Nacional do Seguro Social','51',null,null,'ATIVO','0','796');
Insert into FIPLAN_GMA_DES.DHWTB004_TIPO_PENDENCIA_AUD (IDEN_TIPO_PENDENCIA,SIGLA_TIPO_PENDENCIA,DESC_TIPO_PENDENCIA,IDEN_TIPO_OCORRENCIA,IDEN_GRUPO_PENDENCIA,IDEN_SUBGRUPO_PENDENCIA,FLAG_SITUACAO,TIPO_OPERACAO,IDEN_AUDITORIA) values ('47','DCTF','DeclaraÁ„o de DÈbitos e CrÈditos Tribut·rios Federais','56',null,null,'ATIVO','0','805');
Insert into FIPLAN_GMA_DES.DHWTB004_TIPO_PENDENCIA_AUD (IDEN_TIPO_PENDENCIA,SIGLA_TIPO_PENDENCIA,DESC_TIPO_PENDENCIA,IDEN_TIPO_OCORRENCIA,IDEN_GRUPO_PENDENCIA,IDEN_SUBGRUPO_PENDENCIA,FLAG_SITUACAO,TIPO_OPERACAO,IDEN_AUDITORIA) values ('48','DIRF','DeclaraÁ„o do Imposto de Renda Retido na Fonte','56',null,null,'ATIVO','0','806');
Insert into FIPLAN_GMA_DES.DHWTB004_TIPO_PENDENCIA_AUD (IDEN_TIPO_PENDENCIA,SIGLA_TIPO_PENDENCIA,DESC_TIPO_PENDENCIA,IDEN_TIPO_OCORRENCIA,IDEN_GRUPO_PENDENCIA,IDEN_SUBGRUPO_PENDENCIA,FLAG_SITUACAO,TIPO_OPERACAO,IDEN_AUDITORIA) values ('49','IRRF','Imposto de Renda Retido na Fonte','56',null,null,'ATIVO','0','807');
Insert into FIPLAN_GMA_DES.DHWTB004_TIPO_PENDENCIA_AUD (IDEN_TIPO_PENDENCIA,SIGLA_TIPO_PENDENCIA,DESC_TIPO_PENDENCIA,IDEN_TIPO_OCORRENCIA,IDEN_GRUPO_PENDENCIA,IDEN_SUBGRUPO_PENDENCIA,FLAG_SITUACAO,TIPO_OPERACAO,IDEN_AUDITORIA) values ('50','DITR','DeclaraÁ„o do Imposto sobre a Propriedade Territorial Rural','56',null,null,'ATIVO','0','808');
Insert into FIPLAN_GMA_DES.DHWTB004_TIPO_PENDENCIA_AUD (IDEN_TIPO_PENDENCIA,SIGLA_TIPO_PENDENCIA,DESC_TIPO_PENDENCIA,IDEN_TIPO_OCORRENCIA,IDEN_GRUPO_PENDENCIA,IDEN_SUBGRUPO_PENDENCIA,FLAG_SITUACAO,TIPO_OPERACAO,IDEN_AUDITORIA) values ('51','PIS/PASEP','Programa de IntegraÁ„o Social / Programa de FormaÁ„o do PatrimÙnio do Servidor P˙blico','56',null,null,'ATIVO','0','809');
Insert into FIPLAN_GMA_DES.DHWTB004_TIPO_PENDENCIA_AUD (IDEN_TIPO_PENDENCIA,SIGLA_TIPO_PENDENCIA,DESC_TIPO_PENDENCIA,IDEN_TIPO_OCORRENCIA,IDEN_GRUPO_PENDENCIA,IDEN_SUBGRUPO_PENDENCIA,FLAG_SITUACAO,TIPO_OPERACAO,IDEN_AUDITORIA) values ('52','TIF','TIF','56',null,null,'ATIVO','0','810');
Insert into FIPLAN_GMA_DES.DHWTB004_TIPO_PENDENCIA_AUD (IDEN_TIPO_PENDENCIA,SIGLA_TIPO_PENDENCIA,DESC_TIPO_PENDENCIA,IDEN_TIPO_OCORRENCIA,IDEN_GRUPO_PENDENCIA,IDEN_SUBGRUPO_PENDENCIA,FLAG_SITUACAO,TIPO_OPERACAO,IDEN_AUDITORIA) values ('42','TIF','TIF','51',null,null,'ATIVO','0','799');
Insert into FIPLAN_GMA_DES.DHWTB004_TIPO_PENDENCIA_AUD (IDEN_TIPO_PENDENCIA,SIGLA_TIPO_PENDENCIA,DESC_TIPO_PENDENCIA,IDEN_TIPO_OCORRENCIA,IDEN_GRUPO_PENDENCIA,IDEN_SUBGRUPO_PENDENCIA,FLAG_SITUACAO,TIPO_OPERACAO,IDEN_AUDITORIA) values ('40','MT PREV','Mato Grosso PrevidÍncia','51',null,null,'ATIVO','0','797');
Insert into FIPLAN_GMA_DES.DHWTB004_TIPO_PENDENCIA_AUD (IDEN_TIPO_PENDENCIA,SIGLA_TIPO_PENDENCIA,DESC_TIPO_PENDENCIA,IDEN_TIPO_OCORRENCIA,IDEN_GRUPO_PENDENCIA,IDEN_SUBGRUPO_PENDENCIA,FLAG_SITUACAO,TIPO_OPERACAO,IDEN_AUDITORIA) values ('41','RAIS','RelatÛrio de InformaÁıes SÛcio-EconÙmicas','51',null,null,'ATIVO','0','798');
Insert into FIPLAN_GMA_DES.DHWTB004_TIPO_PENDENCIA_AUD (IDEN_TIPO_PENDENCIA,SIGLA_TIPO_PENDENCIA,DESC_TIPO_PENDENCIA,IDEN_TIPO_OCORRENCIA,IDEN_GRUPO_PENDENCIA,IDEN_SUBGRUPO_PENDENCIA,FLAG_SITUACAO,TIPO_OPERACAO,IDEN_AUDITORIA) values ('43','AI','Auto de InfraÁ„o','56',null,null,'ATIVO','0','800');
Insert into FIPLAN_GMA_DES.DHWTB004_TIPO_PENDENCIA_AUD (IDEN_TIPO_PENDENCIA,SIGLA_TIPO_PENDENCIA,DESC_TIPO_PENDENCIA,IDEN_TIPO_OCORRENCIA,IDEN_GRUPO_PENDENCIA,IDEN_SUBGRUPO_PENDENCIA,FLAG_SITUACAO,TIPO_OPERACAO,IDEN_AUDITORIA) values ('44','FGTS','Fundo de Garantia do Tempo de ServiÁo','56',null,null,'ATIVO','0','801');
Insert into FIPLAN_GMA_DES.DHWTB004_TIPO_PENDENCIA_AUD (IDEN_TIPO_PENDENCIA,SIGLA_TIPO_PENDENCIA,DESC_TIPO_PENDENCIA,IDEN_TIPO_OCORRENCIA,IDEN_GRUPO_PENDENCIA,IDEN_SUBGRUPO_PENDENCIA,FLAG_SITUACAO,TIPO_OPERACAO,IDEN_AUDITORIA) values ('44','FGTS','Fundo de Garantia do Tempo de ServiÁo','56',null,null,'ATIVO','2','802');
Insert into FIPLAN_GMA_DES.DHWTB004_TIPO_PENDENCIA_AUD (IDEN_TIPO_PENDENCIA,SIGLA_TIPO_PENDENCIA,DESC_TIPO_PENDENCIA,IDEN_TIPO_OCORRENCIA,IDEN_GRUPO_PENDENCIA,IDEN_SUBGRUPO_PENDENCIA,FLAG_SITUACAO,TIPO_OPERACAO,IDEN_AUDITORIA) values ('45','COFINS','ContribuiÁ„o para o Financiamento da Seguridade Social','56',null,null,'ATIVO','0','803');
Insert into FIPLAN_GMA_DES.DHWTB004_TIPO_PENDENCIA_AUD (IDEN_TIPO_PENDENCIA,SIGLA_TIPO_PENDENCIA,DESC_TIPO_PENDENCIA,IDEN_TIPO_OCORRENCIA,IDEN_GRUPO_PENDENCIA,IDEN_SUBGRUPO_PENDENCIA,FLAG_SITUACAO,TIPO_OPERACAO,IDEN_AUDITORIA) values ('46','CSLL','ContribuiÁ„o Social Sobre o Lucro LÌquido','56',null,null,'ATIVO','0','804');
Insert into FIPLAN_GMA_DES.DHWTB004_TIPO_PENDENCIA_AUD (IDEN_TIPO_PENDENCIA,SIGLA_TIPO_PENDENCIA,DESC_TIPO_PENDENCIA,IDEN_TIPO_OCORRENCIA,IDEN_GRUPO_PENDENCIA,IDEN_SUBGRUPO_PENDENCIA,FLAG_SITUACAO,TIPO_OPERACAO,IDEN_AUDITORIA) values ('2','CND CONJUNTA','Certid„o Negativa de DÈbitos','49','12','11','INATIVO','1','694');
Insert into FIPLAN_GMA_DES.DHWTB004_TIPO_PENDENCIA_AUD (IDEN_TIPO_PENDENCIA,SIGLA_TIPO_PENDENCIA,DESC_TIPO_PENDENCIA,IDEN_TIPO_OCORRENCIA,IDEN_GRUPO_PENDENCIA,IDEN_SUBGRUPO_PENDENCIA,FLAG_SITUACAO,TIPO_OPERACAO,IDEN_AUDITORIA) values ('2','CND CONJUNTA','Certid„o Negativa de DÈbitos','49','12','11','ATIVO','1','695');
Insert into FIPLAN_GMA_DES.DHWTB004_TIPO_PENDENCIA_AUD (IDEN_TIPO_PENDENCIA,SIGLA_TIPO_PENDENCIA,DESC_TIPO_PENDENCIA,IDEN_TIPO_OCORRENCIA,IDEN_GRUPO_PENDENCIA,IDEN_SUBGRUPO_PENDENCIA,FLAG_SITUACAO,TIPO_OPERACAO,IDEN_AUDITORIA) values ('2','CND CONJUNTA','Certid„o Negativa de DÈbitos','49','12','11','INATIVO','1','696');
Insert into FIPLAN_GMA_DES.DHWTB004_TIPO_PENDENCIA_AUD (IDEN_TIPO_PENDENCIA,SIGLA_TIPO_PENDENCIA,DESC_TIPO_PENDENCIA,IDEN_TIPO_OCORRENCIA,IDEN_GRUPO_PENDENCIA,IDEN_SUBGRUPO_PENDENCIA,FLAG_SITUACAO,TIPO_OPERACAO,IDEN_AUDITORIA) values ('2','CND CONJUNTA','Certid„o Negativa de DÈbitos','49','12','11','ATIVO','1','697');
Insert into FIPLAN_GMA_DES.DHWTB004_TIPO_PENDENCIA_AUD (IDEN_TIPO_PENDENCIA,SIGLA_TIPO_PENDENCIA,DESC_TIPO_PENDENCIA,IDEN_TIPO_OCORRENCIA,IDEN_GRUPO_PENDENCIA,IDEN_SUBGRUPO_PENDENCIA,FLAG_SITUACAO,TIPO_OPERACAO,IDEN_AUDITORIA) values ('30','TP TESTE','TP','56',null,null,'ATIVO','0','777');
Insert into FIPLAN_GMA_DES.DHWTB004_TIPO_PENDENCIA_AUD (IDEN_TIPO_PENDENCIA,SIGLA_TIPO_PENDENCIA,DESC_TIPO_PENDENCIA,IDEN_TIPO_OCORRENCIA,IDEN_GRUPO_PENDENCIA,IDEN_SUBGRUPO_PENDENCIA,FLAG_SITUACAO,TIPO_OPERACAO,IDEN_AUDITORIA) values ('29','TP','Tipo PendÍncia','51',null,null,'ATIVO','2','778');
Insert into FIPLAN_GMA_DES.DHWTB004_TIPO_PENDENCIA_AUD (IDEN_TIPO_PENDENCIA,SIGLA_TIPO_PENDENCIA,DESC_TIPO_PENDENCIA,IDEN_TIPO_OCORRENCIA,IDEN_GRUPO_PENDENCIA,IDEN_SUBGRUPO_PENDENCIA,FLAG_SITUACAO,TIPO_OPERACAO,IDEN_AUDITORIA) values ('30','TP TESTE','TP','56',null,null,'ATIVO','2','779');
Insert into FIPLAN_GMA_DES.DHWTB004_TIPO_PENDENCIA_AUD (IDEN_TIPO_PENDENCIA,SIGLA_TIPO_PENDENCIA,DESC_TIPO_PENDENCIA,IDEN_TIPO_OCORRENCIA,IDEN_GRUPO_PENDENCIA,IDEN_SUBGRUPO_PENDENCIA,FLAG_SITUACAO,TIPO_OPERACAO,IDEN_AUDITORIA) values ('31','TP','asdasd','51',null,null,'ATIVO','0','780');
REM INSERTING into FIPLAN_GMA_DES.DHWTB005_TIPO_ADM_AUD
SET DEFINE OFF;
Insert into FIPLAN_GMA_DES.DHWTB005_TIPO_ADM_AUD (IDEN_TIPO_ADMINISTRACAO,DESC_TIPO_ADMINISTRACAO,FLAG_TIPO_PODER,FLAG_SITUACAO,TIPO_OPERACAO,IDEN_AUDITORIA) values ('13','AdministraÁ„o P˙blica Direta','PODER_EXECUTIVO','ATIVO','0','500');
Insert into FIPLAN_GMA_DES.DHWTB005_TIPO_ADM_AUD (IDEN_TIPO_ADMINISTRACAO,DESC_TIPO_ADMINISTRACAO,FLAG_TIPO_PODER,FLAG_SITUACAO,TIPO_OPERACAO,IDEN_AUDITORIA) values ('14','AdministraÁ„o P˙blica Direta Fundos','PODER_EXECUTIVO','ATIVO','0','501');
Insert into FIPLAN_GMA_DES.DHWTB005_TIPO_ADM_AUD (IDEN_TIPO_ADMINISTRACAO,DESC_TIPO_ADMINISTRACAO,FLAG_TIPO_PODER,FLAG_SITUACAO,TIPO_OPERACAO,IDEN_AUDITORIA) values ('15','AdministraÁ„o P˙blica Indireta','PODER_EXECUTIVO','ATIVO','0','502');
Insert into FIPLAN_GMA_DES.DHWTB005_TIPO_ADM_AUD (IDEN_TIPO_ADMINISTRACAO,DESC_TIPO_ADMINISTRACAO,FLAG_TIPO_PODER,FLAG_SITUACAO,TIPO_OPERACAO,IDEN_AUDITORIA) values ('16','Poder Legislativo','PODER_LEGISLATIVO','ATIVO','0','503');
Insert into FIPLAN_GMA_DES.DHWTB005_TIPO_ADM_AUD (IDEN_TIPO_ADMINISTRACAO,DESC_TIPO_ADMINISTRACAO,FLAG_TIPO_PODER,FLAG_SITUACAO,TIPO_OPERACAO,IDEN_AUDITORIA) values ('17','Poder Judici·rio','PODER_JUDICIARIO','ATIVO','0','504');
Insert into FIPLAN_GMA_DES.DHWTB005_TIPO_ADM_AUD (IDEN_TIPO_ADMINISTRACAO,DESC_TIPO_ADMINISTRACAO,FLAG_TIPO_PODER,FLAG_SITUACAO,TIPO_OPERACAO,IDEN_AUDITORIA) values ('18','Poder Judici·rio Fundos','PODER_JUDICIARIO','ATIVO','0','511');
Insert into FIPLAN_GMA_DES.DHWTB005_TIPO_ADM_AUD (IDEN_TIPO_ADMINISTRACAO,DESC_TIPO_ADMINISTRACAO,FLAG_TIPO_PODER,FLAG_SITUACAO,TIPO_OPERACAO,IDEN_AUDITORIA) values ('19','”rg„os AutÙnomos','ORGAO_AUTONOMO','ATIVO','0','512');
Insert into FIPLAN_GMA_DES.DHWTB005_TIPO_ADM_AUD (IDEN_TIPO_ADMINISTRACAO,DESC_TIPO_ADMINISTRACAO,FLAG_TIPO_PODER,FLAG_SITUACAO,TIPO_OPERACAO,IDEN_AUDITORIA) values ('20','”rg„os AutÙnomos Fundos','ORGAO_AUTONOMO','ATIVO','0','513');
Insert into FIPLAN_GMA_DES.DHWTB005_TIPO_ADM_AUD (IDEN_TIPO_ADMINISTRACAO,DESC_TIPO_ADMINISTRACAO,FLAG_TIPO_PODER,FLAG_SITUACAO,TIPO_OPERACAO,IDEN_AUDITORIA) values ('21','AdministraÁ„o P˙blica Diretas','PODER_EXECUTIVO','ATIVO','0','664');
Insert into FIPLAN_GMA_DES.DHWTB005_TIPO_ADM_AUD (IDEN_TIPO_ADMINISTRACAO,DESC_TIPO_ADMINISTRACAO,FLAG_TIPO_PODER,FLAG_SITUACAO,TIPO_OPERACAO,IDEN_AUDITORIA) values ('22','AdministraÁ„o P˙blica Diretas','PODER_LEGISLATIVO','ATIVO','0','665');
Insert into FIPLAN_GMA_DES.DHWTB005_TIPO_ADM_AUD (IDEN_TIPO_ADMINISTRACAO,DESC_TIPO_ADMINISTRACAO,FLAG_TIPO_PODER,FLAG_SITUACAO,TIPO_OPERACAO,IDEN_AUDITORIA) values ('13','AdministraÁ„o P˙blica Direta','PODER_EXECUTIVO','INATIVO','1','666');
Insert into FIPLAN_GMA_DES.DHWTB005_TIPO_ADM_AUD (IDEN_TIPO_ADMINISTRACAO,DESC_TIPO_ADMINISTRACAO,FLAG_TIPO_PODER,FLAG_SITUACAO,TIPO_OPERACAO,IDEN_AUDITORIA) values ('13','AdministraÁ„o P˙blica Direta','PODER_EXECUTIVO','ATIVO','1','667');
Insert into FIPLAN_GMA_DES.DHWTB005_TIPO_ADM_AUD (IDEN_TIPO_ADMINISTRACAO,DESC_TIPO_ADMINISTRACAO,FLAG_TIPO_PODER,FLAG_SITUACAO,TIPO_OPERACAO,IDEN_AUDITORIA) values ('21','AdministraÁ„o P˙blica Diretas','PODER_EXECUTIVO','ATIVO','2','668');
Insert into FIPLAN_GMA_DES.DHWTB005_TIPO_ADM_AUD (IDEN_TIPO_ADMINISTRACAO,DESC_TIPO_ADMINISTRACAO,FLAG_TIPO_PODER,FLAG_SITUACAO,TIPO_OPERACAO,IDEN_AUDITORIA) values ('22','AdministraÁ„o P˙blica Diretas','PODER_LEGISLATIVO','ATIVO','2','669');
Insert into FIPLAN_GMA_DES.DHWTB005_TIPO_ADM_AUD (IDEN_TIPO_ADMINISTRACAO,DESC_TIPO_ADMINISTRACAO,FLAG_TIPO_PODER,FLAG_SITUACAO,TIPO_OPERACAO,IDEN_AUDITORIA) values ('13','AdministraÁ„o P˙blica Direta','PODER_EXECUTIVO','INATIVO','1','856');
Insert into FIPLAN_GMA_DES.DHWTB005_TIPO_ADM_AUD (IDEN_TIPO_ADMINISTRACAO,DESC_TIPO_ADMINISTRACAO,FLAG_TIPO_PODER,FLAG_SITUACAO,TIPO_OPERACAO,IDEN_AUDITORIA) values ('13','AdministraÁ„o P˙blica Direta','PODER_EXECUTIVO','ATIVO','1','857');
REM INSERTING into FIPLAN_GMA_DES.DHWTB005_TIPO_ADMINISTRACAO
SET DEFINE OFF;
Insert into FIPLAN_GMA_DES.DHWTB005_TIPO_ADMINISTRACAO (IDEN_TIPO_ADMINISTRACAO,DESC_TIPO_ADMINISTRACAO,FLAG_TIPO_PODER,FLAG_SITUACAO,DATA_CRIACAO,DATA_ATUALIZACAO) values ('13','AdministraÁ„o P˙blica Direta','PODER_EXECUTIVO','ATIVO',to_date('07/11/18','DD/MM/RR'),to_date('22/11/18','DD/MM/RR'));
Insert into FIPLAN_GMA_DES.DHWTB005_TIPO_ADMINISTRACAO (IDEN_TIPO_ADMINISTRACAO,DESC_TIPO_ADMINISTRACAO,FLAG_TIPO_PODER,FLAG_SITUACAO,DATA_CRIACAO,DATA_ATUALIZACAO) values ('14','AdministraÁ„o P˙blica Direta Fundos','PODER_EXECUTIVO','ATIVO',to_date('07/11/18','DD/MM/RR'),null);
Insert into FIPLAN_GMA_DES.DHWTB005_TIPO_ADMINISTRACAO (IDEN_TIPO_ADMINISTRACAO,DESC_TIPO_ADMINISTRACAO,FLAG_TIPO_PODER,FLAG_SITUACAO,DATA_CRIACAO,DATA_ATUALIZACAO) values ('15','AdministraÁ„o P˙blica Indireta','PODER_EXECUTIVO','ATIVO',to_date('07/11/18','DD/MM/RR'),null);
Insert into FIPLAN_GMA_DES.DHWTB005_TIPO_ADMINISTRACAO (IDEN_TIPO_ADMINISTRACAO,DESC_TIPO_ADMINISTRACAO,FLAG_TIPO_PODER,FLAG_SITUACAO,DATA_CRIACAO,DATA_ATUALIZACAO) values ('16','Poder Legislativo','PODER_LEGISLATIVO','ATIVO',to_date('07/11/18','DD/MM/RR'),null);
Insert into FIPLAN_GMA_DES.DHWTB005_TIPO_ADMINISTRACAO (IDEN_TIPO_ADMINISTRACAO,DESC_TIPO_ADMINISTRACAO,FLAG_TIPO_PODER,FLAG_SITUACAO,DATA_CRIACAO,DATA_ATUALIZACAO) values ('17','Poder Judici·rio','PODER_JUDICIARIO','ATIVO',to_date('07/11/18','DD/MM/RR'),null);
Insert into FIPLAN_GMA_DES.DHWTB005_TIPO_ADMINISTRACAO (IDEN_TIPO_ADMINISTRACAO,DESC_TIPO_ADMINISTRACAO,FLAG_TIPO_PODER,FLAG_SITUACAO,DATA_CRIACAO,DATA_ATUALIZACAO) values ('18','Poder Judici·rio Fundos','PODER_JUDICIARIO','ATIVO',to_date('07/11/18','DD/MM/RR'),null);
Insert into FIPLAN_GMA_DES.DHWTB005_TIPO_ADMINISTRACAO (IDEN_TIPO_ADMINISTRACAO,DESC_TIPO_ADMINISTRACAO,FLAG_TIPO_PODER,FLAG_SITUACAO,DATA_CRIACAO,DATA_ATUALIZACAO) values ('19','”rg„os AutÙnomos','ORGAO_AUTONOMO','ATIVO',to_date('07/11/18','DD/MM/RR'),null);
Insert into FIPLAN_GMA_DES.DHWTB005_TIPO_ADMINISTRACAO (IDEN_TIPO_ADMINISTRACAO,DESC_TIPO_ADMINISTRACAO,FLAG_TIPO_PODER,FLAG_SITUACAO,DATA_CRIACAO,DATA_ATUALIZACAO) values ('20','”rg„os AutÙnomos Fundos','ORGAO_AUTONOMO','ATIVO',to_date('07/11/18','DD/MM/RR'),null);
REM INSERTING into FIPLAN_GMA_DES.DHWTB006_NATUREZA_JURIDICA
SET DEFINE OFF;
Insert into FIPLAN_GMA_DES.DHWTB006_NATUREZA_JURIDICA (IDEN_NATUREZA_JURIDICA,NUMR_NATUREZA_JURIDICA,DESC_NATUREZA_JURIDICA,FLAG_TIPO_NATUREZA_JURIDICA,FLAG_SITUACAO,DATA_CRIACAO,DATA_ATUALIZACAO) values ('40','2062','Sociedade Empres·ria Limitada','ENTIDADES_EMPRESARIAIS','ATIVO',to_date('07/11/18','DD/MM/RR'),to_date('13/11/18','DD/MM/RR'));
Insert into FIPLAN_GMA_DES.DHWTB006_NATUREZA_JURIDICA (IDEN_NATUREZA_JURIDICA,NUMR_NATUREZA_JURIDICA,DESC_NATUREZA_JURIDICA,FLAG_TIPO_NATUREZA_JURIDICA,FLAG_SITUACAO,DATA_CRIACAO,DATA_ATUALIZACAO) values ('41','2070','Sociedade Empres·ria em Nome Coletivo','ENTIDADES_EMPRESARIAIS','ATIVO',to_date('07/11/18','DD/MM/RR'),null);
Insert into FIPLAN_GMA_DES.DHWTB006_NATUREZA_JURIDICA (IDEN_NATUREZA_JURIDICA,NUMR_NATUREZA_JURIDICA,DESC_NATUREZA_JURIDICA,FLAG_TIPO_NATUREZA_JURIDICA,FLAG_SITUACAO,DATA_CRIACAO,DATA_ATUALIZACAO) values ('42','2097','Sociedade Empres·ria em Comandita por AÁıes','ENTIDADES_EMPRESARIAIS','ATIVO',to_date('07/11/18','DD/MM/RR'),null);
Insert into FIPLAN_GMA_DES.DHWTB006_NATUREZA_JURIDICA (IDEN_NATUREZA_JURIDICA,NUMR_NATUREZA_JURIDICA,DESC_NATUREZA_JURIDICA,FLAG_TIPO_NATUREZA_JURIDICA,FLAG_SITUACAO,DATA_CRIACAO,DATA_ATUALIZACAO) values ('37','2089','Sociedade Empres·ria em Comandita Simples','ENTIDADES_EMPRESARIAIS','ATIVO',to_date('07/11/18','DD/MM/RR'),null);
Insert into FIPLAN_GMA_DES.DHWTB006_NATUREZA_JURIDICA (IDEN_NATUREZA_JURIDICA,NUMR_NATUREZA_JURIDICA,DESC_NATUREZA_JURIDICA,FLAG_TIPO_NATUREZA_JURIDICA,FLAG_SITUACAO,DATA_CRIACAO,DATA_ATUALIZACAO) values ('38','2046','Sociedade AnÙnima Aberta','ENTIDADES_EMPRESARIAIS','ATIVO',to_date('07/11/18','DD/MM/RR'),null);
Insert into FIPLAN_GMA_DES.DHWTB006_NATUREZA_JURIDICA (IDEN_NATUREZA_JURIDICA,NUMR_NATUREZA_JURIDICA,DESC_NATUREZA_JURIDICA,FLAG_TIPO_NATUREZA_JURIDICA,FLAG_SITUACAO,DATA_CRIACAO,DATA_ATUALIZACAO) values ('39','2054','Sociedade AnÙnima Fechada','ENTIDADES_EMPRESARIAIS','ATIVO',to_date('07/11/18','DD/MM/RR'),null);
Insert into FIPLAN_GMA_DES.DHWTB006_NATUREZA_JURIDICA (IDEN_NATUREZA_JURIDICA,NUMR_NATUREZA_JURIDICA,DESC_NATUREZA_JURIDICA,FLAG_TIPO_NATUREZA_JURIDICA,FLAG_SITUACAO,DATA_CRIACAO,DATA_ATUALIZACAO) values ('43','2127','Sociedade em Conta de ParticipaÁ„o','ENTIDADES_EMPRESARIAIS','ATIVO',to_date('07/11/18','DD/MM/RR'),null);
Insert into FIPLAN_GMA_DES.DHWTB006_NATUREZA_JURIDICA (IDEN_NATUREZA_JURIDICA,NUMR_NATUREZA_JURIDICA,DESC_NATUREZA_JURIDICA,FLAG_TIPO_NATUREZA_JURIDICA,FLAG_SITUACAO,DATA_CRIACAO,DATA_ATUALIZACAO) values ('44','2135','Empres·rio (Individual)','ENTIDADES_EMPRESARIAIS','ATIVO',to_date('07/11/18','DD/MM/RR'),null);
Insert into FIPLAN_GMA_DES.DHWTB006_NATUREZA_JURIDICA (IDEN_NATUREZA_JURIDICA,NUMR_NATUREZA_JURIDICA,DESC_NATUREZA_JURIDICA,FLAG_TIPO_NATUREZA_JURIDICA,FLAG_SITUACAO,DATA_CRIACAO,DATA_ATUALIZACAO) values ('45','2143','Cooperativa','ENTIDADES_EMPRESARIAIS','ATIVO',to_date('07/11/18','DD/MM/RR'),null);
Insert into FIPLAN_GMA_DES.DHWTB006_NATUREZA_JURIDICA (IDEN_NATUREZA_JURIDICA,NUMR_NATUREZA_JURIDICA,DESC_NATUREZA_JURIDICA,FLAG_TIPO_NATUREZA_JURIDICA,FLAG_SITUACAO,DATA_CRIACAO,DATA_ATUALIZACAO) values ('46','2151','ConsÛrcio de Sociedades','ENTIDADES_EMPRESARIAIS','ATIVO',to_date('07/11/18','DD/MM/RR'),null);
Insert into FIPLAN_GMA_DES.DHWTB006_NATUREZA_JURIDICA (IDEN_NATUREZA_JURIDICA,NUMR_NATUREZA_JURIDICA,DESC_NATUREZA_JURIDICA,FLAG_TIPO_NATUREZA_JURIDICA,FLAG_SITUACAO,DATA_CRIACAO,DATA_ATUALIZACAO) values ('47','2160','Grupo de Sociedades','ENTIDADES_EMPRESARIAIS','ATIVO',to_date('07/11/18','DD/MM/RR'),null);
Insert into FIPLAN_GMA_DES.DHWTB006_NATUREZA_JURIDICA (IDEN_NATUREZA_JURIDICA,NUMR_NATUREZA_JURIDICA,DESC_NATUREZA_JURIDICA,FLAG_TIPO_NATUREZA_JURIDICA,FLAG_SITUACAO,DATA_CRIACAO,DATA_ATUALIZACAO) values ('48','2178','Estabelecimento, no Brasil, de Sociedade Estrangeira','ENTIDADES_EMPRESARIAIS','ATIVO',to_date('07/11/18','DD/MM/RR'),null);
Insert into FIPLAN_GMA_DES.DHWTB006_NATUREZA_JURIDICA (IDEN_NATUREZA_JURIDICA,NUMR_NATUREZA_JURIDICA,DESC_NATUREZA_JURIDICA,FLAG_TIPO_NATUREZA_JURIDICA,FLAG_SITUACAO,DATA_CRIACAO,DATA_ATUALIZACAO) values ('49','2194','Estabelecimento, no Brasil, de Empresa Binacional Argentino-Brasileira','ENTIDADES_EMPRESARIAIS','ATIVO',to_date('07/11/18','DD/MM/RR'),null);
Insert into FIPLAN_GMA_DES.DHWTB006_NATUREZA_JURIDICA (IDEN_NATUREZA_JURIDICA,NUMR_NATUREZA_JURIDICA,DESC_NATUREZA_JURIDICA,FLAG_TIPO_NATUREZA_JURIDICA,FLAG_SITUACAO,DATA_CRIACAO,DATA_ATUALIZACAO) values ('50','2216','Empresa Domiciliada no Exterior','ENTIDADES_EMPRESARIAIS','ATIVO',to_date('07/11/18','DD/MM/RR'),null);
Insert into FIPLAN_GMA_DES.DHWTB006_NATUREZA_JURIDICA (IDEN_NATUREZA_JURIDICA,NUMR_NATUREZA_JURIDICA,DESC_NATUREZA_JURIDICA,FLAG_TIPO_NATUREZA_JURIDICA,FLAG_SITUACAO,DATA_CRIACAO,DATA_ATUALIZACAO) values ('51','2224','Clube/Fundo de Investimento','ENTIDADES_EMPRESARIAIS','ATIVO',to_date('07/11/18','DD/MM/RR'),null);
Insert into FIPLAN_GMA_DES.DHWTB006_NATUREZA_JURIDICA (IDEN_NATUREZA_JURIDICA,NUMR_NATUREZA_JURIDICA,DESC_NATUREZA_JURIDICA,FLAG_TIPO_NATUREZA_JURIDICA,FLAG_SITUACAO,DATA_CRIACAO,DATA_ATUALIZACAO) values ('52','2232','Sociedade Simples Pura','ENTIDADES_EMPRESARIAIS','ATIVO',to_date('07/11/18','DD/MM/RR'),null);
Insert into FIPLAN_GMA_DES.DHWTB006_NATUREZA_JURIDICA (IDEN_NATUREZA_JURIDICA,NUMR_NATUREZA_JURIDICA,DESC_NATUREZA_JURIDICA,FLAG_TIPO_NATUREZA_JURIDICA,FLAG_SITUACAO,DATA_CRIACAO,DATA_ATUALIZACAO) values ('53','2240','Sociedade Simples Limitada','ENTIDADES_EMPRESARIAIS','ATIVO',to_date('07/11/18','DD/MM/RR'),null);
Insert into FIPLAN_GMA_DES.DHWTB006_NATUREZA_JURIDICA (IDEN_NATUREZA_JURIDICA,NUMR_NATUREZA_JURIDICA,DESC_NATUREZA_JURIDICA,FLAG_TIPO_NATUREZA_JURIDICA,FLAG_SITUACAO,DATA_CRIACAO,DATA_ATUALIZACAO) values ('54','2259','Sociedade Simples em Nome Coletivo','ENTIDADES_EMPRESARIAIS','ATIVO',to_date('07/11/18','DD/MM/RR'),null);
Insert into FIPLAN_GMA_DES.DHWTB006_NATUREZA_JURIDICA (IDEN_NATUREZA_JURIDICA,NUMR_NATUREZA_JURIDICA,DESC_NATUREZA_JURIDICA,FLAG_TIPO_NATUREZA_JURIDICA,FLAG_SITUACAO,DATA_CRIACAO,DATA_ATUALIZACAO) values ('55','2267','Sociedade Simples em Comandita Simples','ENTIDADES_EMPRESARIAIS','ATIVO',to_date('07/11/18','DD/MM/RR'),null);
Insert into FIPLAN_GMA_DES.DHWTB006_NATUREZA_JURIDICA (IDEN_NATUREZA_JURIDICA,NUMR_NATUREZA_JURIDICA,DESC_NATUREZA_JURIDICA,FLAG_TIPO_NATUREZA_JURIDICA,FLAG_SITUACAO,DATA_CRIACAO,DATA_ATUALIZACAO) values ('56','2275','Empresa Binacional','ENTIDADES_EMPRESARIAIS','ATIVO',to_date('07/11/18','DD/MM/RR'),null);
Insert into FIPLAN_GMA_DES.DHWTB006_NATUREZA_JURIDICA (IDEN_NATUREZA_JURIDICA,NUMR_NATUREZA_JURIDICA,DESC_NATUREZA_JURIDICA,FLAG_TIPO_NATUREZA_JURIDICA,FLAG_SITUACAO,DATA_CRIACAO,DATA_ATUALIZACAO) values ('57','2283','ConsÛrcio de Empregadores','ENTIDADES_EMPRESARIAIS','ATIVO',to_date('07/11/18','DD/MM/RR'),null);
Insert into FIPLAN_GMA_DES.DHWTB006_NATUREZA_JURIDICA (IDEN_NATUREZA_JURIDICA,NUMR_NATUREZA_JURIDICA,DESC_NATUREZA_JURIDICA,FLAG_TIPO_NATUREZA_JURIDICA,FLAG_SITUACAO,DATA_CRIACAO,DATA_ATUALIZACAO) values ('58','2291','ConsÛrcio Simples','ENTIDADES_EMPRESARIAIS','ATIVO',to_date('07/11/18','DD/MM/RR'),null);
Insert into FIPLAN_GMA_DES.DHWTB006_NATUREZA_JURIDICA (IDEN_NATUREZA_JURIDICA,NUMR_NATUREZA_JURIDICA,DESC_NATUREZA_JURIDICA,FLAG_TIPO_NATUREZA_JURIDICA,FLAG_SITUACAO,DATA_CRIACAO,DATA_ATUALIZACAO) values ('59','2305','Empresa Individual de Responsabilidade Limitada (de Natureza Empres·ria)','ENTIDADES_EMPRESARIAIS','ATIVO',to_date('07/11/18','DD/MM/RR'),null);
Insert into FIPLAN_GMA_DES.DHWTB006_NATUREZA_JURIDICA (IDEN_NATUREZA_JURIDICA,NUMR_NATUREZA_JURIDICA,DESC_NATUREZA_JURIDICA,FLAG_TIPO_NATUREZA_JURIDICA,FLAG_SITUACAO,DATA_CRIACAO,DATA_ATUALIZACAO) values ('60','2313','Empresa Individual de Responsabilidade Limitada (de Natureza Simples)','ENTIDADES_EMPRESARIAIS','ATIVO',to_date('07/11/18','DD/MM/RR'),null);
Insert into FIPLAN_GMA_DES.DHWTB006_NATUREZA_JURIDICA (IDEN_NATUREZA_JURIDICA,NUMR_NATUREZA_JURIDICA,DESC_NATUREZA_JURIDICA,FLAG_TIPO_NATUREZA_JURIDICA,FLAG_SITUACAO,DATA_CRIACAO,DATA_ATUALIZACAO) values ('61','2321','Sociedade Unipessoal de Advogados','ENTIDADES_EMPRESARIAIS','ATIVO',to_date('07/11/18','DD/MM/RR'),null);
Insert into FIPLAN_GMA_DES.DHWTB006_NATUREZA_JURIDICA (IDEN_NATUREZA_JURIDICA,NUMR_NATUREZA_JURIDICA,DESC_NATUREZA_JURIDICA,FLAG_TIPO_NATUREZA_JURIDICA,FLAG_SITUACAO,DATA_CRIACAO,DATA_ATUALIZACAO) values ('62','2330','Cooperativas de Consumo','ENTIDADES_EMPRESARIAIS','ATIVO',to_date('07/11/18','DD/MM/RR'),null);
Insert into FIPLAN_GMA_DES.DHWTB006_NATUREZA_JURIDICA (IDEN_NATUREZA_JURIDICA,NUMR_NATUREZA_JURIDICA,DESC_NATUREZA_JURIDICA,FLAG_TIPO_NATUREZA_JURIDICA,FLAG_SITUACAO,DATA_CRIACAO,DATA_ATUALIZACAO) values ('63','3034','ServiÁo Notarial e Registral (CartÛrio)','ENTIDADES_SEM_FINS_LUCRATIVOS','ATIVO',to_date('07/11/18','DD/MM/RR'),null);
Insert into FIPLAN_GMA_DES.DHWTB006_NATUREZA_JURIDICA (IDEN_NATUREZA_JURIDICA,NUMR_NATUREZA_JURIDICA,DESC_NATUREZA_JURIDICA,FLAG_TIPO_NATUREZA_JURIDICA,FLAG_SITUACAO,DATA_CRIACAO,DATA_ATUALIZACAO) values ('64','3069','FundaÁ„o Privada','ENTIDADES_SEM_FINS_LUCRATIVOS','ATIVO',to_date('07/11/18','DD/MM/RR'),null);
Insert into FIPLAN_GMA_DES.DHWTB006_NATUREZA_JURIDICA (IDEN_NATUREZA_JURIDICA,NUMR_NATUREZA_JURIDICA,DESC_NATUREZA_JURIDICA,FLAG_TIPO_NATUREZA_JURIDICA,FLAG_SITUACAO,DATA_CRIACAO,DATA_ATUALIZACAO) values ('65','3077','ServiÁo Social AutÙnomo','ENTIDADES_SEM_FINS_LUCRATIVOS','ATIVO',to_date('07/11/18','DD/MM/RR'),null);
Insert into FIPLAN_GMA_DES.DHWTB006_NATUREZA_JURIDICA (IDEN_NATUREZA_JURIDICA,NUMR_NATUREZA_JURIDICA,DESC_NATUREZA_JURIDICA,FLAG_TIPO_NATUREZA_JURIDICA,FLAG_SITUACAO,DATA_CRIACAO,DATA_ATUALIZACAO) values ('66','3085','CondomÌnio EdilÌcio','ENTIDADES_SEM_FINS_LUCRATIVOS','ATIVO',to_date('07/11/18','DD/MM/RR'),null);
Insert into FIPLAN_GMA_DES.DHWTB006_NATUREZA_JURIDICA (IDEN_NATUREZA_JURIDICA,NUMR_NATUREZA_JURIDICA,DESC_NATUREZA_JURIDICA,FLAG_TIPO_NATUREZA_JURIDICA,FLAG_SITUACAO,DATA_CRIACAO,DATA_ATUALIZACAO) values ('67','3107','Comiss„o de ConciliaÁ„o PrÈvia','ENTIDADES_SEM_FINS_LUCRATIVOS','ATIVO',to_date('07/11/18','DD/MM/RR'),null);
Insert into FIPLAN_GMA_DES.DHWTB006_NATUREZA_JURIDICA (IDEN_NATUREZA_JURIDICA,NUMR_NATUREZA_JURIDICA,DESC_NATUREZA_JURIDICA,FLAG_TIPO_NATUREZA_JURIDICA,FLAG_SITUACAO,DATA_CRIACAO,DATA_ATUALIZACAO) values ('68','3115','Entidade de MediaÁ„o e Arbitragem','ENTIDADES_SEM_FINS_LUCRATIVOS','ATIVO',to_date('07/11/18','DD/MM/RR'),null);
Insert into FIPLAN_GMA_DES.DHWTB006_NATUREZA_JURIDICA (IDEN_NATUREZA_JURIDICA,NUMR_NATUREZA_JURIDICA,DESC_NATUREZA_JURIDICA,FLAG_TIPO_NATUREZA_JURIDICA,FLAG_SITUACAO,DATA_CRIACAO,DATA_ATUALIZACAO) values ('69','3131','Entidade Sindical','ENTIDADES_SEM_FINS_LUCRATIVOS','ATIVO',to_date('07/11/18','DD/MM/RR'),null);
Insert into FIPLAN_GMA_DES.DHWTB006_NATUREZA_JURIDICA (IDEN_NATUREZA_JURIDICA,NUMR_NATUREZA_JURIDICA,DESC_NATUREZA_JURIDICA,FLAG_TIPO_NATUREZA_JURIDICA,FLAG_SITUACAO,DATA_CRIACAO,DATA_ATUALIZACAO) values ('70','3204','Estabelecimento, no Brasil, de FundaÁ„o ou AssociaÁ„o Estrangeiras','ENTIDADES_SEM_FINS_LUCRATIVOS','ATIVO',to_date('07/11/18','DD/MM/RR'),null);
Insert into FIPLAN_GMA_DES.DHWTB006_NATUREZA_JURIDICA (IDEN_NATUREZA_JURIDICA,NUMR_NATUREZA_JURIDICA,DESC_NATUREZA_JURIDICA,FLAG_TIPO_NATUREZA_JURIDICA,FLAG_SITUACAO,DATA_CRIACAO,DATA_ATUALIZACAO) values ('71','3212','FundaÁ„o ou AssociaÁ„o Domiciliada no Exterior','ENTIDADES_SEM_FINS_LUCRATIVOS','ATIVO',to_date('07/11/18','DD/MM/RR'),null);
Insert into FIPLAN_GMA_DES.DHWTB006_NATUREZA_JURIDICA (IDEN_NATUREZA_JURIDICA,NUMR_NATUREZA_JURIDICA,DESC_NATUREZA_JURIDICA,FLAG_TIPO_NATUREZA_JURIDICA,FLAG_SITUACAO,DATA_CRIACAO,DATA_ATUALIZACAO) values ('72','3220','OrganizaÁ„o Religiosa','ENTIDADES_SEM_FINS_LUCRATIVOS','ATIVO',to_date('07/11/18','DD/MM/RR'),null);
Insert into FIPLAN_GMA_DES.DHWTB006_NATUREZA_JURIDICA (IDEN_NATUREZA_JURIDICA,NUMR_NATUREZA_JURIDICA,DESC_NATUREZA_JURIDICA,FLAG_TIPO_NATUREZA_JURIDICA,FLAG_SITUACAO,DATA_CRIACAO,DATA_ATUALIZACAO) values ('73','3239','Comunidade IndÌgena†','ENTIDADES_SEM_FINS_LUCRATIVOS','ATIVO',to_date('07/11/18','DD/MM/RR'),null);
Insert into FIPLAN_GMA_DES.DHWTB006_NATUREZA_JURIDICA (IDEN_NATUREZA_JURIDICA,NUMR_NATUREZA_JURIDICA,DESC_NATUREZA_JURIDICA,FLAG_TIPO_NATUREZA_JURIDICA,FLAG_SITUACAO,DATA_CRIACAO,DATA_ATUALIZACAO) values ('74','3247','Fundo Privado','ENTIDADES_SEM_FINS_LUCRATIVOS','ATIVO',to_date('07/11/18','DD/MM/RR'),null);
Insert into FIPLAN_GMA_DES.DHWTB006_NATUREZA_JURIDICA (IDEN_NATUREZA_JURIDICA,NUMR_NATUREZA_JURIDICA,DESC_NATUREZA_JURIDICA,FLAG_TIPO_NATUREZA_JURIDICA,FLAG_SITUACAO,DATA_CRIACAO,DATA_ATUALIZACAO) values ('75','3255','”rg„o de DireÁ„o Nacional de Partido PolÌtico','ENTIDADES_SEM_FINS_LUCRATIVOS','ATIVO',to_date('07/11/18','DD/MM/RR'),null);
Insert into FIPLAN_GMA_DES.DHWTB006_NATUREZA_JURIDICA (IDEN_NATUREZA_JURIDICA,NUMR_NATUREZA_JURIDICA,DESC_NATUREZA_JURIDICA,FLAG_TIPO_NATUREZA_JURIDICA,FLAG_SITUACAO,DATA_CRIACAO,DATA_ATUALIZACAO) values ('76','3263','”rg„o de DireÁ„o Regional de Partido PolÌtico','ENTIDADES_SEM_FINS_LUCRATIVOS','ATIVO',to_date('07/11/18','DD/MM/RR'),null);
Insert into FIPLAN_GMA_DES.DHWTB006_NATUREZA_JURIDICA (IDEN_NATUREZA_JURIDICA,NUMR_NATUREZA_JURIDICA,DESC_NATUREZA_JURIDICA,FLAG_TIPO_NATUREZA_JURIDICA,FLAG_SITUACAO,DATA_CRIACAO,DATA_ATUALIZACAO) values ('77','3271','”rg„o de DireÁ„o Local de Partido PolÌtico','ENTIDADES_SEM_FINS_LUCRATIVOS','ATIVO',to_date('07/11/18','DD/MM/RR'),null);
Insert into FIPLAN_GMA_DES.DHWTB006_NATUREZA_JURIDICA (IDEN_NATUREZA_JURIDICA,NUMR_NATUREZA_JURIDICA,DESC_NATUREZA_JURIDICA,FLAG_TIPO_NATUREZA_JURIDICA,FLAG_SITUACAO,DATA_CRIACAO,DATA_ATUALIZACAO) values ('78','3280','ComitÍ Financeiro de Partido PolÌtico','ENTIDADES_SEM_FINS_LUCRATIVOS','ATIVO',to_date('07/11/18','DD/MM/RR'),null);
Insert into FIPLAN_GMA_DES.DHWTB006_NATUREZA_JURIDICA (IDEN_NATUREZA_JURIDICA,NUMR_NATUREZA_JURIDICA,DESC_NATUREZA_JURIDICA,FLAG_TIPO_NATUREZA_JURIDICA,FLAG_SITUACAO,DATA_CRIACAO,DATA_ATUALIZACAO) values ('79','3298','Frente Plebiscit·ria ou Referend·ria','ENTIDADES_SEM_FINS_LUCRATIVOS','ATIVO',to_date('07/11/18','DD/MM/RR'),null);
Insert into FIPLAN_GMA_DES.DHWTB006_NATUREZA_JURIDICA (IDEN_NATUREZA_JURIDICA,NUMR_NATUREZA_JURIDICA,DESC_NATUREZA_JURIDICA,FLAG_TIPO_NATUREZA_JURIDICA,FLAG_SITUACAO,DATA_CRIACAO,DATA_ATUALIZACAO) values ('80','3301','OrganizaÁ„o Social (OS)','ENTIDADES_SEM_FINS_LUCRATIVOS','ATIVO',to_date('07/11/18','DD/MM/RR'),null);
Insert into FIPLAN_GMA_DES.DHWTB006_NATUREZA_JURIDICA (IDEN_NATUREZA_JURIDICA,NUMR_NATUREZA_JURIDICA,DESC_NATUREZA_JURIDICA,FLAG_TIPO_NATUREZA_JURIDICA,FLAG_SITUACAO,DATA_CRIACAO,DATA_ATUALIZACAO) values ('81','3310','Demais CondomÌnios','ENTIDADES_SEM_FINS_LUCRATIVOS','ATIVO',to_date('07/11/18','DD/MM/RR'),null);
Insert into FIPLAN_GMA_DES.DHWTB006_NATUREZA_JURIDICA (IDEN_NATUREZA_JURIDICA,NUMR_NATUREZA_JURIDICA,DESC_NATUREZA_JURIDICA,FLAG_TIPO_NATUREZA_JURIDICA,FLAG_SITUACAO,DATA_CRIACAO,DATA_ATUALIZACAO) values ('82','3999','AssociaÁ„o Privada','ENTIDADES_SEM_FINS_LUCRATIVOS','ATIVO',to_date('07/11/18','DD/MM/RR'),null);
Insert into FIPLAN_GMA_DES.DHWTB006_NATUREZA_JURIDICA (IDEN_NATUREZA_JURIDICA,NUMR_NATUREZA_JURIDICA,DESC_NATUREZA_JURIDICA,FLAG_TIPO_NATUREZA_JURIDICA,FLAG_SITUACAO,DATA_CRIACAO,DATA_ATUALIZACAO) values ('83','4014','Empresa Individual Imobili·ria','PESSOAS_FISICAS','ATIVO',to_date('07/11/18','DD/MM/RR'),null);
Insert into FIPLAN_GMA_DES.DHWTB006_NATUREZA_JURIDICA (IDEN_NATUREZA_JURIDICA,NUMR_NATUREZA_JURIDICA,DESC_NATUREZA_JURIDICA,FLAG_TIPO_NATUREZA_JURIDICA,FLAG_SITUACAO,DATA_CRIACAO,DATA_ATUALIZACAO) values ('84','4022','Segurado Especial','PESSOAS_FISICAS','ATIVO',to_date('07/11/18','DD/MM/RR'),null);
Insert into FIPLAN_GMA_DES.DHWTB006_NATUREZA_JURIDICA (IDEN_NATUREZA_JURIDICA,NUMR_NATUREZA_JURIDICA,DESC_NATUREZA_JURIDICA,FLAG_TIPO_NATUREZA_JURIDICA,FLAG_SITUACAO,DATA_CRIACAO,DATA_ATUALIZACAO) values ('85','4081','Contribuinte individual','PESSOAS_FISICAS','ATIVO',to_date('07/11/18','DD/MM/RR'),null);
Insert into FIPLAN_GMA_DES.DHWTB006_NATUREZA_JURIDICA (IDEN_NATUREZA_JURIDICA,NUMR_NATUREZA_JURIDICA,DESC_NATUREZA_JURIDICA,FLAG_TIPO_NATUREZA_JURIDICA,FLAG_SITUACAO,DATA_CRIACAO,DATA_ATUALIZACAO) values ('86','4090','Candidato a Cargo PolÌtico Eletivo','PESSOAS_FISICAS','ATIVO',to_date('07/11/18','DD/MM/RR'),null);
Insert into FIPLAN_GMA_DES.DHWTB006_NATUREZA_JURIDICA (IDEN_NATUREZA_JURIDICA,NUMR_NATUREZA_JURIDICA,DESC_NATUREZA_JURIDICA,FLAG_TIPO_NATUREZA_JURIDICA,FLAG_SITUACAO,DATA_CRIACAO,DATA_ATUALIZACAO) values ('87','4111','Leiloeiro','PESSOAS_FISICAS','ATIVO',to_date('07/11/18','DD/MM/RR'),null);
Insert into FIPLAN_GMA_DES.DHWTB006_NATUREZA_JURIDICA (IDEN_NATUREZA_JURIDICA,NUMR_NATUREZA_JURIDICA,DESC_NATUREZA_JURIDICA,FLAG_TIPO_NATUREZA_JURIDICA,FLAG_SITUACAO,DATA_CRIACAO,DATA_ATUALIZACAO) values ('88','4120','Produtor Rural (Pessoa FÌsica)','PESSOAS_FISICAS','ATIVO',to_date('07/11/18','DD/MM/RR'),null);
Insert into FIPLAN_GMA_DES.DHWTB006_NATUREZA_JURIDICA (IDEN_NATUREZA_JURIDICA,NUMR_NATUREZA_JURIDICA,DESC_NATUREZA_JURIDICA,FLAG_TIPO_NATUREZA_JURIDICA,FLAG_SITUACAO,DATA_CRIACAO,DATA_ATUALIZACAO) values ('89','5010','OrganizaÁ„o Internacional','ORGANIZACOES_INTERNACIONAIS','ATIVO',to_date('07/11/18','DD/MM/RR'),null);
Insert into FIPLAN_GMA_DES.DHWTB006_NATUREZA_JURIDICA (IDEN_NATUREZA_JURIDICA,NUMR_NATUREZA_JURIDICA,DESC_NATUREZA_JURIDICA,FLAG_TIPO_NATUREZA_JURIDICA,FLAG_SITUACAO,DATA_CRIACAO,DATA_ATUALIZACAO) values ('90','5029','RepresentaÁ„o Diplom·tica Estrangeira','ORGANIZACOES_INTERNACIONAIS','ATIVO',to_date('07/11/18','DD/MM/RR'),null);
Insert into FIPLAN_GMA_DES.DHWTB006_NATUREZA_JURIDICA (IDEN_NATUREZA_JURIDICA,NUMR_NATUREZA_JURIDICA,DESC_NATUREZA_JURIDICA,FLAG_TIPO_NATUREZA_JURIDICA,FLAG_SITUACAO,DATA_CRIACAO,DATA_ATUALIZACAO) values ('91','5037','Outras InstituiÁıes Extraterritoriais','ORGANIZACOES_INTERNACIONAIS','ATIVO',to_date('07/11/18','DD/MM/RR'),null);
Insert into FIPLAN_GMA_DES.DHWTB006_NATUREZA_JURIDICA (IDEN_NATUREZA_JURIDICA,NUMR_NATUREZA_JURIDICA,DESC_NATUREZA_JURIDICA,FLAG_TIPO_NATUREZA_JURIDICA,FLAG_SITUACAO,DATA_CRIACAO,DATA_ATUALIZACAO) values ('5','1015','”rg„o P˙blico do Poder Executivo Federal','ADMINISTRACAO_PUBLICA','ATIVO',to_date('07/11/18','DD/MM/RR'),to_date('07/11/18','DD/MM/RR'));
Insert into FIPLAN_GMA_DES.DHWTB006_NATUREZA_JURIDICA (IDEN_NATUREZA_JURIDICA,NUMR_NATUREZA_JURIDICA,DESC_NATUREZA_JURIDICA,FLAG_TIPO_NATUREZA_JURIDICA,FLAG_SITUACAO,DATA_CRIACAO,DATA_ATUALIZACAO) values ('6','1023','”rg„o P˙blico do Poder Executivo Estadual ou do Distrito Federal','ADMINISTRACAO_PUBLICA','ATIVO',to_date('07/11/18','DD/MM/RR'),null);
Insert into FIPLAN_GMA_DES.DHWTB006_NATUREZA_JURIDICA (IDEN_NATUREZA_JURIDICA,NUMR_NATUREZA_JURIDICA,DESC_NATUREZA_JURIDICA,FLAG_TIPO_NATUREZA_JURIDICA,FLAG_SITUACAO,DATA_CRIACAO,DATA_ATUALIZACAO) values ('7','1031','”rg„o P˙blico do Poder Executivo Municipal','ADMINISTRACAO_PUBLICA','ATIVO',to_date('07/11/18','DD/MM/RR'),null);
Insert into FIPLAN_GMA_DES.DHWTB006_NATUREZA_JURIDICA (IDEN_NATUREZA_JURIDICA,NUMR_NATUREZA_JURIDICA,DESC_NATUREZA_JURIDICA,FLAG_TIPO_NATUREZA_JURIDICA,FLAG_SITUACAO,DATA_CRIACAO,DATA_ATUALIZACAO) values ('8','1040','”rg„o P˙blico do Poder Legislativo Federal','ADMINISTRACAO_PUBLICA','ATIVO',to_date('07/11/18','DD/MM/RR'),null);
Insert into FIPLAN_GMA_DES.DHWTB006_NATUREZA_JURIDICA (IDEN_NATUREZA_JURIDICA,NUMR_NATUREZA_JURIDICA,DESC_NATUREZA_JURIDICA,FLAG_TIPO_NATUREZA_JURIDICA,FLAG_SITUACAO,DATA_CRIACAO,DATA_ATUALIZACAO) values ('9','1058','”rg„o P˙blico do Poder Legislativo Estadual ou do Distrito Federal','ADMINISTRACAO_PUBLICA','ATIVO',to_date('07/11/18','DD/MM/RR'),null);
Insert into FIPLAN_GMA_DES.DHWTB006_NATUREZA_JURIDICA (IDEN_NATUREZA_JURIDICA,NUMR_NATUREZA_JURIDICA,DESC_NATUREZA_JURIDICA,FLAG_TIPO_NATUREZA_JURIDICA,FLAG_SITUACAO,DATA_CRIACAO,DATA_ATUALIZACAO) values ('10','1066','”rg„o P˙blico do Poder Legislativo Municipal','ADMINISTRACAO_PUBLICA','ATIVO',to_date('07/11/18','DD/MM/RR'),null);
Insert into FIPLAN_GMA_DES.DHWTB006_NATUREZA_JURIDICA (IDEN_NATUREZA_JURIDICA,NUMR_NATUREZA_JURIDICA,DESC_NATUREZA_JURIDICA,FLAG_TIPO_NATUREZA_JURIDICA,FLAG_SITUACAO,DATA_CRIACAO,DATA_ATUALIZACAO) values ('11','1074','”rg„o P˙blico do Poder Judici·rio Federal','ADMINISTRACAO_PUBLICA','ATIVO',to_date('07/11/18','DD/MM/RR'),null);
Insert into FIPLAN_GMA_DES.DHWTB006_NATUREZA_JURIDICA (IDEN_NATUREZA_JURIDICA,NUMR_NATUREZA_JURIDICA,DESC_NATUREZA_JURIDICA,FLAG_TIPO_NATUREZA_JURIDICA,FLAG_SITUACAO,DATA_CRIACAO,DATA_ATUALIZACAO) values ('12','1082','”rg„o P˙blico do Poder Judici·rio Estadual','ADMINISTRACAO_PUBLICA','ATIVO',to_date('07/11/18','DD/MM/RR'),null);
Insert into FIPLAN_GMA_DES.DHWTB006_NATUREZA_JURIDICA (IDEN_NATUREZA_JURIDICA,NUMR_NATUREZA_JURIDICA,DESC_NATUREZA_JURIDICA,FLAG_TIPO_NATUREZA_JURIDICA,FLAG_SITUACAO,DATA_CRIACAO,DATA_ATUALIZACAO) values ('13','1104','Autarquia Federal','ADMINISTRACAO_PUBLICA','ATIVO',to_date('07/11/18','DD/MM/RR'),null);
Insert into FIPLAN_GMA_DES.DHWTB006_NATUREZA_JURIDICA (IDEN_NATUREZA_JURIDICA,NUMR_NATUREZA_JURIDICA,DESC_NATUREZA_JURIDICA,FLAG_TIPO_NATUREZA_JURIDICA,FLAG_SITUACAO,DATA_CRIACAO,DATA_ATUALIZACAO) values ('14','1112','Autarquia Estadual ou do Distrito Federal','ADMINISTRACAO_PUBLICA','ATIVO',to_date('07/11/18','DD/MM/RR'),null);
Insert into FIPLAN_GMA_DES.DHWTB006_NATUREZA_JURIDICA (IDEN_NATUREZA_JURIDICA,NUMR_NATUREZA_JURIDICA,DESC_NATUREZA_JURIDICA,FLAG_TIPO_NATUREZA_JURIDICA,FLAG_SITUACAO,DATA_CRIACAO,DATA_ATUALIZACAO) values ('15','1120','Autarquia Municipal†','ADMINISTRACAO_PUBLICA','ATIVO',to_date('07/11/18','DD/MM/RR'),null);
Insert into FIPLAN_GMA_DES.DHWTB006_NATUREZA_JURIDICA (IDEN_NATUREZA_JURIDICA,NUMR_NATUREZA_JURIDICA,DESC_NATUREZA_JURIDICA,FLAG_TIPO_NATUREZA_JURIDICA,FLAG_SITUACAO,DATA_CRIACAO,DATA_ATUALIZACAO) values ('16','1139','FundaÁ„o P˙blica de Direito P˙blico Federal','ADMINISTRACAO_PUBLICA','ATIVO',to_date('07/11/18','DD/MM/RR'),null);
Insert into FIPLAN_GMA_DES.DHWTB006_NATUREZA_JURIDICA (IDEN_NATUREZA_JURIDICA,NUMR_NATUREZA_JURIDICA,DESC_NATUREZA_JURIDICA,FLAG_TIPO_NATUREZA_JURIDICA,FLAG_SITUACAO,DATA_CRIACAO,DATA_ATUALIZACAO) values ('17','1147','FundaÁ„o P˙blica de Direito P˙blico Estadual ou do Distrito Federal','ADMINISTRACAO_PUBLICA','ATIVO',to_date('07/11/18','DD/MM/RR'),null);
Insert into FIPLAN_GMA_DES.DHWTB006_NATUREZA_JURIDICA (IDEN_NATUREZA_JURIDICA,NUMR_NATUREZA_JURIDICA,DESC_NATUREZA_JURIDICA,FLAG_TIPO_NATUREZA_JURIDICA,FLAG_SITUACAO,DATA_CRIACAO,DATA_ATUALIZACAO) values ('18','1155','FundaÁ„o P˙blica de Direito P˙blico Municipal','ADMINISTRACAO_PUBLICA','ATIVO',to_date('07/11/18','DD/MM/RR'),null);
Insert into FIPLAN_GMA_DES.DHWTB006_NATUREZA_JURIDICA (IDEN_NATUREZA_JURIDICA,NUMR_NATUREZA_JURIDICA,DESC_NATUREZA_JURIDICA,FLAG_TIPO_NATUREZA_JURIDICA,FLAG_SITUACAO,DATA_CRIACAO,DATA_ATUALIZACAO) values ('19','1163','”rg„o P˙blico AutÙnomo Federal','ADMINISTRACAO_PUBLICA','ATIVO',to_date('07/11/18','DD/MM/RR'),null);
Insert into FIPLAN_GMA_DES.DHWTB006_NATUREZA_JURIDICA (IDEN_NATUREZA_JURIDICA,NUMR_NATUREZA_JURIDICA,DESC_NATUREZA_JURIDICA,FLAG_TIPO_NATUREZA_JURIDICA,FLAG_SITUACAO,DATA_CRIACAO,DATA_ATUALIZACAO) values ('20','1171','”rg„o P˙blico AutÙnomo Estadual ou do Distrito Federal','ADMINISTRACAO_PUBLICA','ATIVO',to_date('07/11/18','DD/MM/RR'),null);
Insert into FIPLAN_GMA_DES.DHWTB006_NATUREZA_JURIDICA (IDEN_NATUREZA_JURIDICA,NUMR_NATUREZA_JURIDICA,DESC_NATUREZA_JURIDICA,FLAG_TIPO_NATUREZA_JURIDICA,FLAG_SITUACAO,DATA_CRIACAO,DATA_ATUALIZACAO) values ('21','1180','”rg„o P˙blico AutÙnomo Municipal','ADMINISTRACAO_PUBLICA','ATIVO',to_date('07/11/18','DD/MM/RR'),null);
Insert into FIPLAN_GMA_DES.DHWTB006_NATUREZA_JURIDICA (IDEN_NATUREZA_JURIDICA,NUMR_NATUREZA_JURIDICA,DESC_NATUREZA_JURIDICA,FLAG_TIPO_NATUREZA_JURIDICA,FLAG_SITUACAO,DATA_CRIACAO,DATA_ATUALIZACAO) values ('22','1198','Comiss„o Polinacional','ADMINISTRACAO_PUBLICA','ATIVO',to_date('07/11/18','DD/MM/RR'),null);
Insert into FIPLAN_GMA_DES.DHWTB006_NATUREZA_JURIDICA (IDEN_NATUREZA_JURIDICA,NUMR_NATUREZA_JURIDICA,DESC_NATUREZA_JURIDICA,FLAG_TIPO_NATUREZA_JURIDICA,FLAG_SITUACAO,DATA_CRIACAO,DATA_ATUALIZACAO) values ('23','1201','Fundo P˙blico','ADMINISTRACAO_PUBLICA','ATIVO',to_date('07/11/18','DD/MM/RR'),null);
Insert into FIPLAN_GMA_DES.DHWTB006_NATUREZA_JURIDICA (IDEN_NATUREZA_JURIDICA,NUMR_NATUREZA_JURIDICA,DESC_NATUREZA_JURIDICA,FLAG_TIPO_NATUREZA_JURIDICA,FLAG_SITUACAO,DATA_CRIACAO,DATA_ATUALIZACAO) values ('24','1210','ConsÛrcio P˙blico de Direito P˙blico (AssociaÁ„o P˙blica)','ADMINISTRACAO_PUBLICA','ATIVO',to_date('07/11/18','DD/MM/RR'),null);
Insert into FIPLAN_GMA_DES.DHWTB006_NATUREZA_JURIDICA (IDEN_NATUREZA_JURIDICA,NUMR_NATUREZA_JURIDICA,DESC_NATUREZA_JURIDICA,FLAG_TIPO_NATUREZA_JURIDICA,FLAG_SITUACAO,DATA_CRIACAO,DATA_ATUALIZACAO) values ('25','1228','ConsÛrcio P˙blico de Direito Privado','ADMINISTRACAO_PUBLICA','ATIVO',to_date('07/11/18','DD/MM/RR'),null);
Insert into FIPLAN_GMA_DES.DHWTB006_NATUREZA_JURIDICA (IDEN_NATUREZA_JURIDICA,NUMR_NATUREZA_JURIDICA,DESC_NATUREZA_JURIDICA,FLAG_TIPO_NATUREZA_JURIDICA,FLAG_SITUACAO,DATA_CRIACAO,DATA_ATUALIZACAO) values ('26','1236','Estado ou Distrito Federal','ADMINISTRACAO_PUBLICA','ATIVO',to_date('07/11/18','DD/MM/RR'),null);
Insert into FIPLAN_GMA_DES.DHWTB006_NATUREZA_JURIDICA (IDEN_NATUREZA_JURIDICA,NUMR_NATUREZA_JURIDICA,DESC_NATUREZA_JURIDICA,FLAG_TIPO_NATUREZA_JURIDICA,FLAG_SITUACAO,DATA_CRIACAO,DATA_ATUALIZACAO) values ('27','1244','MunicÌpio','ADMINISTRACAO_PUBLICA','ATIVO',to_date('07/11/18','DD/MM/RR'),null);
Insert into FIPLAN_GMA_DES.DHWTB006_NATUREZA_JURIDICA (IDEN_NATUREZA_JURIDICA,NUMR_NATUREZA_JURIDICA,DESC_NATUREZA_JURIDICA,FLAG_TIPO_NATUREZA_JURIDICA,FLAG_SITUACAO,DATA_CRIACAO,DATA_ATUALIZACAO) values ('28','1252','FundaÁ„o P˙blica de Direito Privado Federal','ADMINISTRACAO_PUBLICA','ATIVO',to_date('07/11/18','DD/MM/RR'),null);
Insert into FIPLAN_GMA_DES.DHWTB006_NATUREZA_JURIDICA (IDEN_NATUREZA_JURIDICA,NUMR_NATUREZA_JURIDICA,DESC_NATUREZA_JURIDICA,FLAG_TIPO_NATUREZA_JURIDICA,FLAG_SITUACAO,DATA_CRIACAO,DATA_ATUALIZACAO) values ('29','1260','FundaÁ„o P˙blica de Direito Privado Estadual ou do Distrito Federal','ADMINISTRACAO_PUBLICA','ATIVO',to_date('07/11/18','DD/MM/RR'),null);
Insert into FIPLAN_GMA_DES.DHWTB006_NATUREZA_JURIDICA (IDEN_NATUREZA_JURIDICA,NUMR_NATUREZA_JURIDICA,DESC_NATUREZA_JURIDICA,FLAG_TIPO_NATUREZA_JURIDICA,FLAG_SITUACAO,DATA_CRIACAO,DATA_ATUALIZACAO) values ('30','1279','FundaÁ„o P˙blica de Direito Privado Municipal','ADMINISTRACAO_PUBLICA','ATIVO',to_date('07/11/18','DD/MM/RR'),null);
Insert into FIPLAN_GMA_DES.DHWTB006_NATUREZA_JURIDICA (IDEN_NATUREZA_JURIDICA,NUMR_NATUREZA_JURIDICA,DESC_NATUREZA_JURIDICA,FLAG_TIPO_NATUREZA_JURIDICA,FLAG_SITUACAO,DATA_CRIACAO,DATA_ATUALIZACAO) values ('31','2011','Empresa P˙blica','ENTIDADES_EMPRESARIAIS','ATIVO',to_date('07/11/18','DD/MM/RR'),null);
Insert into FIPLAN_GMA_DES.DHWTB006_NATUREZA_JURIDICA (IDEN_NATUREZA_JURIDICA,NUMR_NATUREZA_JURIDICA,DESC_NATUREZA_JURIDICA,FLAG_TIPO_NATUREZA_JURIDICA,FLAG_SITUACAO,DATA_CRIACAO,DATA_ATUALIZACAO) values ('32','2038','Sociedade de Economia Mista','ENTIDADES_EMPRESARIAIS','ATIVO',to_date('07/11/18','DD/MM/RR'),null);
REM INSERTING into FIPLAN_GMA_DES.DHWTB006_NATUREZA_JURIDICA_AUD
SET DEFINE OFF;
Insert into FIPLAN_GMA_DES.DHWTB006_NATUREZA_JURIDICA_AUD (IDEN_NATUREZA_JURIDICA,NUMR_NATUREZA_JURIDICA,DESC_NATUREZA_JURIDICA,FLAG_TIPO_NATUREZA_JURIDICA,FLAG_SITUACAO,TIPO_OPERACAO,IDEN_AUDITORIA) values ('34','2054','Sociedade AnÙnima Fechada','ADMINISTRACAO_PUBLICA','ATIVO','0','543');
Insert into FIPLAN_GMA_DES.DHWTB006_NATUREZA_JURIDICA_AUD (IDEN_NATUREZA_JURIDICA,NUMR_NATUREZA_JURIDICA,DESC_NATUREZA_JURIDICA,FLAG_TIPO_NATUREZA_JURIDICA,FLAG_SITUACAO,TIPO_OPERACAO,IDEN_AUDITORIA) values ('35','2062','Sociedade Empres·ria Limitada','ADMINISTRACAO_PUBLICA','ATIVO','0','544');
Insert into FIPLAN_GMA_DES.DHWTB006_NATUREZA_JURIDICA_AUD (IDEN_NATUREZA_JURIDICA,NUMR_NATUREZA_JURIDICA,DESC_NATUREZA_JURIDICA,FLAG_TIPO_NATUREZA_JURIDICA,FLAG_SITUACAO,TIPO_OPERACAO,IDEN_AUDITORIA) values ('36','2070','Sociedade Empres·ria em Nome Coletivo','ADMINISTRACAO_PUBLICA','ATIVO','0','545');
Insert into FIPLAN_GMA_DES.DHWTB006_NATUREZA_JURIDICA_AUD (IDEN_NATUREZA_JURIDICA,NUMR_NATUREZA_JURIDICA,DESC_NATUREZA_JURIDICA,FLAG_TIPO_NATUREZA_JURIDICA,FLAG_SITUACAO,TIPO_OPERACAO,IDEN_AUDITORIA) values ('37','2089','Sociedade Empres·ria em Comandita Simples','ENTIDADES_EMPRESARIAIS','ATIVO','0','546');
Insert into FIPLAN_GMA_DES.DHWTB006_NATUREZA_JURIDICA_AUD (IDEN_NATUREZA_JURIDICA,NUMR_NATUREZA_JURIDICA,DESC_NATUREZA_JURIDICA,FLAG_TIPO_NATUREZA_JURIDICA,FLAG_SITUACAO,TIPO_OPERACAO,IDEN_AUDITORIA) values ('33','2046','Sociedade AnÙnima Aberta','ADMINISTRACAO_PUBLICA','ATIVO','2','547');
Insert into FIPLAN_GMA_DES.DHWTB006_NATUREZA_JURIDICA_AUD (IDEN_NATUREZA_JURIDICA,NUMR_NATUREZA_JURIDICA,DESC_NATUREZA_JURIDICA,FLAG_TIPO_NATUREZA_JURIDICA,FLAG_SITUACAO,TIPO_OPERACAO,IDEN_AUDITORIA) values ('38','2046','Sociedade AnÙnima Aberta','ENTIDADES_EMPRESARIAIS','ATIVO','0','548');
Insert into FIPLAN_GMA_DES.DHWTB006_NATUREZA_JURIDICA_AUD (IDEN_NATUREZA_JURIDICA,NUMR_NATUREZA_JURIDICA,DESC_NATUREZA_JURIDICA,FLAG_TIPO_NATUREZA_JURIDICA,FLAG_SITUACAO,TIPO_OPERACAO,IDEN_AUDITORIA) values ('34','2054','Sociedade AnÙnima Fechada','ADMINISTRACAO_PUBLICA','ATIVO','2','549');
Insert into FIPLAN_GMA_DES.DHWTB006_NATUREZA_JURIDICA_AUD (IDEN_NATUREZA_JURIDICA,NUMR_NATUREZA_JURIDICA,DESC_NATUREZA_JURIDICA,FLAG_TIPO_NATUREZA_JURIDICA,FLAG_SITUACAO,TIPO_OPERACAO,IDEN_AUDITORIA) values ('39','2054','Sociedade AnÙnima Fechada','ENTIDADES_EMPRESARIAIS','ATIVO','0','550');
Insert into FIPLAN_GMA_DES.DHWTB006_NATUREZA_JURIDICA_AUD (IDEN_NATUREZA_JURIDICA,NUMR_NATUREZA_JURIDICA,DESC_NATUREZA_JURIDICA,FLAG_TIPO_NATUREZA_JURIDICA,FLAG_SITUACAO,TIPO_OPERACAO,IDEN_AUDITORIA) values ('35','2062','Sociedade Empres·ria Limitada','ADMINISTRACAO_PUBLICA','ATIVO','2','551');
Insert into FIPLAN_GMA_DES.DHWTB006_NATUREZA_JURIDICA_AUD (IDEN_NATUREZA_JURIDICA,NUMR_NATUREZA_JURIDICA,DESC_NATUREZA_JURIDICA,FLAG_TIPO_NATUREZA_JURIDICA,FLAG_SITUACAO,TIPO_OPERACAO,IDEN_AUDITORIA) values ('40','2062','Sociedade Empres·ria Limitada','ENTIDADES_EMPRESARIAIS','ATIVO','0','552');
Insert into FIPLAN_GMA_DES.DHWTB006_NATUREZA_JURIDICA_AUD (IDEN_NATUREZA_JURIDICA,NUMR_NATUREZA_JURIDICA,DESC_NATUREZA_JURIDICA,FLAG_TIPO_NATUREZA_JURIDICA,FLAG_SITUACAO,TIPO_OPERACAO,IDEN_AUDITORIA) values ('36','2070','Sociedade Empres·ria em Nome Coletivo','ADMINISTRACAO_PUBLICA','ATIVO','2','553');
Insert into FIPLAN_GMA_DES.DHWTB006_NATUREZA_JURIDICA_AUD (IDEN_NATUREZA_JURIDICA,NUMR_NATUREZA_JURIDICA,DESC_NATUREZA_JURIDICA,FLAG_TIPO_NATUREZA_JURIDICA,FLAG_SITUACAO,TIPO_OPERACAO,IDEN_AUDITORIA) values ('41','2070','Sociedade Empres·ria em Nome Coletivo','ENTIDADES_EMPRESARIAIS','ATIVO','0','554');
Insert into FIPLAN_GMA_DES.DHWTB006_NATUREZA_JURIDICA_AUD (IDEN_NATUREZA_JURIDICA,NUMR_NATUREZA_JURIDICA,DESC_NATUREZA_JURIDICA,FLAG_TIPO_NATUREZA_JURIDICA,FLAG_SITUACAO,TIPO_OPERACAO,IDEN_AUDITORIA) values ('42','2097','Sociedade Empres·ria em Comandita por AÁıes','ENTIDADES_EMPRESARIAIS','ATIVO','0','555');
Insert into FIPLAN_GMA_DES.DHWTB006_NATUREZA_JURIDICA_AUD (IDEN_NATUREZA_JURIDICA,NUMR_NATUREZA_JURIDICA,DESC_NATUREZA_JURIDICA,FLAG_TIPO_NATUREZA_JURIDICA,FLAG_SITUACAO,TIPO_OPERACAO,IDEN_AUDITORIA) values ('43','2127','Sociedade em Conta de ParticipaÁ„o','ENTIDADES_EMPRESARIAIS','ATIVO','0','556');
Insert into FIPLAN_GMA_DES.DHWTB006_NATUREZA_JURIDICA_AUD (IDEN_NATUREZA_JURIDICA,NUMR_NATUREZA_JURIDICA,DESC_NATUREZA_JURIDICA,FLAG_TIPO_NATUREZA_JURIDICA,FLAG_SITUACAO,TIPO_OPERACAO,IDEN_AUDITORIA) values ('44','2135','Empres·rio (Individual)','ENTIDADES_EMPRESARIAIS','ATIVO','0','557');
Insert into FIPLAN_GMA_DES.DHWTB006_NATUREZA_JURIDICA_AUD (IDEN_NATUREZA_JURIDICA,NUMR_NATUREZA_JURIDICA,DESC_NATUREZA_JURIDICA,FLAG_TIPO_NATUREZA_JURIDICA,FLAG_SITUACAO,TIPO_OPERACAO,IDEN_AUDITORIA) values ('45','2143','Cooperativa','ENTIDADES_EMPRESARIAIS','ATIVO','0','558');
Insert into FIPLAN_GMA_DES.DHWTB006_NATUREZA_JURIDICA_AUD (IDEN_NATUREZA_JURIDICA,NUMR_NATUREZA_JURIDICA,DESC_NATUREZA_JURIDICA,FLAG_TIPO_NATUREZA_JURIDICA,FLAG_SITUACAO,TIPO_OPERACAO,IDEN_AUDITORIA) values ('46','2151','ConsÛrcio de Sociedades','ENTIDADES_EMPRESARIAIS','ATIVO','0','559');
Insert into FIPLAN_GMA_DES.DHWTB006_NATUREZA_JURIDICA_AUD (IDEN_NATUREZA_JURIDICA,NUMR_NATUREZA_JURIDICA,DESC_NATUREZA_JURIDICA,FLAG_TIPO_NATUREZA_JURIDICA,FLAG_SITUACAO,TIPO_OPERACAO,IDEN_AUDITORIA) values ('47','2160','Grupo de Sociedades','ENTIDADES_EMPRESARIAIS','ATIVO','0','560');
Insert into FIPLAN_GMA_DES.DHWTB006_NATUREZA_JURIDICA_AUD (IDEN_NATUREZA_JURIDICA,NUMR_NATUREZA_JURIDICA,DESC_NATUREZA_JURIDICA,FLAG_TIPO_NATUREZA_JURIDICA,FLAG_SITUACAO,TIPO_OPERACAO,IDEN_AUDITORIA) values ('48','2178','Estabelecimento, no Brasil, de Sociedade Estrangeira','ENTIDADES_EMPRESARIAIS','ATIVO','0','561');
Insert into FIPLAN_GMA_DES.DHWTB006_NATUREZA_JURIDICA_AUD (IDEN_NATUREZA_JURIDICA,NUMR_NATUREZA_JURIDICA,DESC_NATUREZA_JURIDICA,FLAG_TIPO_NATUREZA_JURIDICA,FLAG_SITUACAO,TIPO_OPERACAO,IDEN_AUDITORIA) values ('49','2194','Estabelecimento, no Brasil, de Empresa Binacional Argentino-Brasileira','ENTIDADES_EMPRESARIAIS','ATIVO','0','562');
Insert into FIPLAN_GMA_DES.DHWTB006_NATUREZA_JURIDICA_AUD (IDEN_NATUREZA_JURIDICA,NUMR_NATUREZA_JURIDICA,DESC_NATUREZA_JURIDICA,FLAG_TIPO_NATUREZA_JURIDICA,FLAG_SITUACAO,TIPO_OPERACAO,IDEN_AUDITORIA) values ('50','2216','Empresa Domiciliada no Exterior','ENTIDADES_EMPRESARIAIS','ATIVO','0','563');
Insert into FIPLAN_GMA_DES.DHWTB006_NATUREZA_JURIDICA_AUD (IDEN_NATUREZA_JURIDICA,NUMR_NATUREZA_JURIDICA,DESC_NATUREZA_JURIDICA,FLAG_TIPO_NATUREZA_JURIDICA,FLAG_SITUACAO,TIPO_OPERACAO,IDEN_AUDITORIA) values ('51','2224','Clube/Fundo de Investimento','ENTIDADES_EMPRESARIAIS','ATIVO','0','564');
Insert into FIPLAN_GMA_DES.DHWTB006_NATUREZA_JURIDICA_AUD (IDEN_NATUREZA_JURIDICA,NUMR_NATUREZA_JURIDICA,DESC_NATUREZA_JURIDICA,FLAG_TIPO_NATUREZA_JURIDICA,FLAG_SITUACAO,TIPO_OPERACAO,IDEN_AUDITORIA) values ('52','2232','Sociedade Simples Pura','ENTIDADES_EMPRESARIAIS','ATIVO','0','565');
Insert into FIPLAN_GMA_DES.DHWTB006_NATUREZA_JURIDICA_AUD (IDEN_NATUREZA_JURIDICA,NUMR_NATUREZA_JURIDICA,DESC_NATUREZA_JURIDICA,FLAG_TIPO_NATUREZA_JURIDICA,FLAG_SITUACAO,TIPO_OPERACAO,IDEN_AUDITORIA) values ('53','2240','Sociedade Simples Limitada','ENTIDADES_EMPRESARIAIS','ATIVO','0','566');
Insert into FIPLAN_GMA_DES.DHWTB006_NATUREZA_JURIDICA_AUD (IDEN_NATUREZA_JURIDICA,NUMR_NATUREZA_JURIDICA,DESC_NATUREZA_JURIDICA,FLAG_TIPO_NATUREZA_JURIDICA,FLAG_SITUACAO,TIPO_OPERACAO,IDEN_AUDITORIA) values ('54','2259','Sociedade Simples em Nome Coletivo','ENTIDADES_EMPRESARIAIS','ATIVO','0','567');
Insert into FIPLAN_GMA_DES.DHWTB006_NATUREZA_JURIDICA_AUD (IDEN_NATUREZA_JURIDICA,NUMR_NATUREZA_JURIDICA,DESC_NATUREZA_JURIDICA,FLAG_TIPO_NATUREZA_JURIDICA,FLAG_SITUACAO,TIPO_OPERACAO,IDEN_AUDITORIA) values ('55','2267','Sociedade Simples em Comandita Simples','ENTIDADES_EMPRESARIAIS','ATIVO','0','568');
Insert into FIPLAN_GMA_DES.DHWTB006_NATUREZA_JURIDICA_AUD (IDEN_NATUREZA_JURIDICA,NUMR_NATUREZA_JURIDICA,DESC_NATUREZA_JURIDICA,FLAG_TIPO_NATUREZA_JURIDICA,FLAG_SITUACAO,TIPO_OPERACAO,IDEN_AUDITORIA) values ('56','2275','Empresa Binacional','ENTIDADES_EMPRESARIAIS','ATIVO','0','569');
Insert into FIPLAN_GMA_DES.DHWTB006_NATUREZA_JURIDICA_AUD (IDEN_NATUREZA_JURIDICA,NUMR_NATUREZA_JURIDICA,DESC_NATUREZA_JURIDICA,FLAG_TIPO_NATUREZA_JURIDICA,FLAG_SITUACAO,TIPO_OPERACAO,IDEN_AUDITORIA) values ('57','2283','ConsÛrcio de Empregadores','ENTIDADES_EMPRESARIAIS','ATIVO','0','570');
Insert into FIPLAN_GMA_DES.DHWTB006_NATUREZA_JURIDICA_AUD (IDEN_NATUREZA_JURIDICA,NUMR_NATUREZA_JURIDICA,DESC_NATUREZA_JURIDICA,FLAG_TIPO_NATUREZA_JURIDICA,FLAG_SITUACAO,TIPO_OPERACAO,IDEN_AUDITORIA) values ('58','2291','ConsÛrcio Simples','ENTIDADES_EMPRESARIAIS','ATIVO','0','571');
Insert into FIPLAN_GMA_DES.DHWTB006_NATUREZA_JURIDICA_AUD (IDEN_NATUREZA_JURIDICA,NUMR_NATUREZA_JURIDICA,DESC_NATUREZA_JURIDICA,FLAG_TIPO_NATUREZA_JURIDICA,FLAG_SITUACAO,TIPO_OPERACAO,IDEN_AUDITORIA) values ('59','2305','Empresa Individual de Responsabilidade Limitada (de Natureza Empres·ria)','ENTIDADES_EMPRESARIAIS','ATIVO','0','572');
Insert into FIPLAN_GMA_DES.DHWTB006_NATUREZA_JURIDICA_AUD (IDEN_NATUREZA_JURIDICA,NUMR_NATUREZA_JURIDICA,DESC_NATUREZA_JURIDICA,FLAG_TIPO_NATUREZA_JURIDICA,FLAG_SITUACAO,TIPO_OPERACAO,IDEN_AUDITORIA) values ('60','2313','Empresa Individual de Responsabilidade Limitada (de Natureza Simples)','ENTIDADES_EMPRESARIAIS','ATIVO','0','573');
Insert into FIPLAN_GMA_DES.DHWTB006_NATUREZA_JURIDICA_AUD (IDEN_NATUREZA_JURIDICA,NUMR_NATUREZA_JURIDICA,DESC_NATUREZA_JURIDICA,FLAG_TIPO_NATUREZA_JURIDICA,FLAG_SITUACAO,TIPO_OPERACAO,IDEN_AUDITORIA) values ('61','2321','Sociedade Unipessoal de Advogados','ENTIDADES_EMPRESARIAIS','ATIVO','0','574');
Insert into FIPLAN_GMA_DES.DHWTB006_NATUREZA_JURIDICA_AUD (IDEN_NATUREZA_JURIDICA,NUMR_NATUREZA_JURIDICA,DESC_NATUREZA_JURIDICA,FLAG_TIPO_NATUREZA_JURIDICA,FLAG_SITUACAO,TIPO_OPERACAO,IDEN_AUDITORIA) values ('62','2330','Cooperativas de Consumo','ENTIDADES_EMPRESARIAIS','ATIVO','0','575');
Insert into FIPLAN_GMA_DES.DHWTB006_NATUREZA_JURIDICA_AUD (IDEN_NATUREZA_JURIDICA,NUMR_NATUREZA_JURIDICA,DESC_NATUREZA_JURIDICA,FLAG_TIPO_NATUREZA_JURIDICA,FLAG_SITUACAO,TIPO_OPERACAO,IDEN_AUDITORIA) values ('63','3034','ServiÁo Notarial e Registral (CartÛrio)','ENTIDADES_SEM_FINS_LUCRATIVOS','ATIVO','0','576');
Insert into FIPLAN_GMA_DES.DHWTB006_NATUREZA_JURIDICA_AUD (IDEN_NATUREZA_JURIDICA,NUMR_NATUREZA_JURIDICA,DESC_NATUREZA_JURIDICA,FLAG_TIPO_NATUREZA_JURIDICA,FLAG_SITUACAO,TIPO_OPERACAO,IDEN_AUDITORIA) values ('64','3069','FundaÁ„o Privada','ENTIDADES_SEM_FINS_LUCRATIVOS','ATIVO','0','577');
Insert into FIPLAN_GMA_DES.DHWTB006_NATUREZA_JURIDICA_AUD (IDEN_NATUREZA_JURIDICA,NUMR_NATUREZA_JURIDICA,DESC_NATUREZA_JURIDICA,FLAG_TIPO_NATUREZA_JURIDICA,FLAG_SITUACAO,TIPO_OPERACAO,IDEN_AUDITORIA) values ('65','3077','ServiÁo Social AutÙnomo','ENTIDADES_SEM_FINS_LUCRATIVOS','ATIVO','0','578');
Insert into FIPLAN_GMA_DES.DHWTB006_NATUREZA_JURIDICA_AUD (IDEN_NATUREZA_JURIDICA,NUMR_NATUREZA_JURIDICA,DESC_NATUREZA_JURIDICA,FLAG_TIPO_NATUREZA_JURIDICA,FLAG_SITUACAO,TIPO_OPERACAO,IDEN_AUDITORIA) values ('66','3085','CondomÌnio EdilÌcio','ENTIDADES_SEM_FINS_LUCRATIVOS','ATIVO','0','579');
Insert into FIPLAN_GMA_DES.DHWTB006_NATUREZA_JURIDICA_AUD (IDEN_NATUREZA_JURIDICA,NUMR_NATUREZA_JURIDICA,DESC_NATUREZA_JURIDICA,FLAG_TIPO_NATUREZA_JURIDICA,FLAG_SITUACAO,TIPO_OPERACAO,IDEN_AUDITORIA) values ('67','3107','Comiss„o de ConciliaÁ„o PrÈvia','ENTIDADES_SEM_FINS_LUCRATIVOS','ATIVO','0','580');
Insert into FIPLAN_GMA_DES.DHWTB006_NATUREZA_JURIDICA_AUD (IDEN_NATUREZA_JURIDICA,NUMR_NATUREZA_JURIDICA,DESC_NATUREZA_JURIDICA,FLAG_TIPO_NATUREZA_JURIDICA,FLAG_SITUACAO,TIPO_OPERACAO,IDEN_AUDITORIA) values ('68','3115','Entidade de MediaÁ„o e Arbitragem','ENTIDADES_SEM_FINS_LUCRATIVOS','ATIVO','0','581');
Insert into FIPLAN_GMA_DES.DHWTB006_NATUREZA_JURIDICA_AUD (IDEN_NATUREZA_JURIDICA,NUMR_NATUREZA_JURIDICA,DESC_NATUREZA_JURIDICA,FLAG_TIPO_NATUREZA_JURIDICA,FLAG_SITUACAO,TIPO_OPERACAO,IDEN_AUDITORIA) values ('69','3131','Entidade Sindical','ENTIDADES_SEM_FINS_LUCRATIVOS','ATIVO','0','582');
Insert into FIPLAN_GMA_DES.DHWTB006_NATUREZA_JURIDICA_AUD (IDEN_NATUREZA_JURIDICA,NUMR_NATUREZA_JURIDICA,DESC_NATUREZA_JURIDICA,FLAG_TIPO_NATUREZA_JURIDICA,FLAG_SITUACAO,TIPO_OPERACAO,IDEN_AUDITORIA) values ('70','3204','Estabelecimento, no Brasil, de FundaÁ„o ou AssociaÁ„o Estrangeiras','ENTIDADES_SEM_FINS_LUCRATIVOS','ATIVO','0','583');
Insert into FIPLAN_GMA_DES.DHWTB006_NATUREZA_JURIDICA_AUD (IDEN_NATUREZA_JURIDICA,NUMR_NATUREZA_JURIDICA,DESC_NATUREZA_JURIDICA,FLAG_TIPO_NATUREZA_JURIDICA,FLAG_SITUACAO,TIPO_OPERACAO,IDEN_AUDITORIA) values ('71','3212','FundaÁ„o ou AssociaÁ„o Domiciliada no Exterior','ENTIDADES_SEM_FINS_LUCRATIVOS','ATIVO','0','584');
Insert into FIPLAN_GMA_DES.DHWTB006_NATUREZA_JURIDICA_AUD (IDEN_NATUREZA_JURIDICA,NUMR_NATUREZA_JURIDICA,DESC_NATUREZA_JURIDICA,FLAG_TIPO_NATUREZA_JURIDICA,FLAG_SITUACAO,TIPO_OPERACAO,IDEN_AUDITORIA) values ('72','3220','OrganizaÁ„o Religiosa','ENTIDADES_SEM_FINS_LUCRATIVOS','ATIVO','0','585');
Insert into FIPLAN_GMA_DES.DHWTB006_NATUREZA_JURIDICA_AUD (IDEN_NATUREZA_JURIDICA,NUMR_NATUREZA_JURIDICA,DESC_NATUREZA_JURIDICA,FLAG_TIPO_NATUREZA_JURIDICA,FLAG_SITUACAO,TIPO_OPERACAO,IDEN_AUDITORIA) values ('73','3239','Comunidade IndÌgena†','ENTIDADES_SEM_FINS_LUCRATIVOS','ATIVO','0','586');
Insert into FIPLAN_GMA_DES.DHWTB006_NATUREZA_JURIDICA_AUD (IDEN_NATUREZA_JURIDICA,NUMR_NATUREZA_JURIDICA,DESC_NATUREZA_JURIDICA,FLAG_TIPO_NATUREZA_JURIDICA,FLAG_SITUACAO,TIPO_OPERACAO,IDEN_AUDITORIA) values ('74','3247','Fundo Privado','ENTIDADES_SEM_FINS_LUCRATIVOS','ATIVO','0','587');
Insert into FIPLAN_GMA_DES.DHWTB006_NATUREZA_JURIDICA_AUD (IDEN_NATUREZA_JURIDICA,NUMR_NATUREZA_JURIDICA,DESC_NATUREZA_JURIDICA,FLAG_TIPO_NATUREZA_JURIDICA,FLAG_SITUACAO,TIPO_OPERACAO,IDEN_AUDITORIA) values ('75','3255','”rg„o de DireÁ„o Nacional de Partido PolÌtico','ENTIDADES_SEM_FINS_LUCRATIVOS','ATIVO','0','588');
Insert into FIPLAN_GMA_DES.DHWTB006_NATUREZA_JURIDICA_AUD (IDEN_NATUREZA_JURIDICA,NUMR_NATUREZA_JURIDICA,DESC_NATUREZA_JURIDICA,FLAG_TIPO_NATUREZA_JURIDICA,FLAG_SITUACAO,TIPO_OPERACAO,IDEN_AUDITORIA) values ('76','3263','”rg„o de DireÁ„o Regional de Partido PolÌtico','ENTIDADES_SEM_FINS_LUCRATIVOS','ATIVO','0','589');
Insert into FIPLAN_GMA_DES.DHWTB006_NATUREZA_JURIDICA_AUD (IDEN_NATUREZA_JURIDICA,NUMR_NATUREZA_JURIDICA,DESC_NATUREZA_JURIDICA,FLAG_TIPO_NATUREZA_JURIDICA,FLAG_SITUACAO,TIPO_OPERACAO,IDEN_AUDITORIA) values ('77','3271','”rg„o de DireÁ„o Local de Partido PolÌtico','ENTIDADES_SEM_FINS_LUCRATIVOS','ATIVO','0','590');
Insert into FIPLAN_GMA_DES.DHWTB006_NATUREZA_JURIDICA_AUD (IDEN_NATUREZA_JURIDICA,NUMR_NATUREZA_JURIDICA,DESC_NATUREZA_JURIDICA,FLAG_TIPO_NATUREZA_JURIDICA,FLAG_SITUACAO,TIPO_OPERACAO,IDEN_AUDITORIA) values ('78','3280','ComitÍ Financeiro de Partido PolÌtico','ENTIDADES_SEM_FINS_LUCRATIVOS','ATIVO','0','591');
Insert into FIPLAN_GMA_DES.DHWTB006_NATUREZA_JURIDICA_AUD (IDEN_NATUREZA_JURIDICA,NUMR_NATUREZA_JURIDICA,DESC_NATUREZA_JURIDICA,FLAG_TIPO_NATUREZA_JURIDICA,FLAG_SITUACAO,TIPO_OPERACAO,IDEN_AUDITORIA) values ('79','3298','Frente Plebiscit·ria ou Referend·ria','ENTIDADES_SEM_FINS_LUCRATIVOS','ATIVO','0','592');
Insert into FIPLAN_GMA_DES.DHWTB006_NATUREZA_JURIDICA_AUD (IDEN_NATUREZA_JURIDICA,NUMR_NATUREZA_JURIDICA,DESC_NATUREZA_JURIDICA,FLAG_TIPO_NATUREZA_JURIDICA,FLAG_SITUACAO,TIPO_OPERACAO,IDEN_AUDITORIA) values ('80','3301','OrganizaÁ„o Social (OS)','ENTIDADES_SEM_FINS_LUCRATIVOS','ATIVO','0','593');
Insert into FIPLAN_GMA_DES.DHWTB006_NATUREZA_JURIDICA_AUD (IDEN_NATUREZA_JURIDICA,NUMR_NATUREZA_JURIDICA,DESC_NATUREZA_JURIDICA,FLAG_TIPO_NATUREZA_JURIDICA,FLAG_SITUACAO,TIPO_OPERACAO,IDEN_AUDITORIA) values ('81','3310','Demais CondomÌnios','ENTIDADES_SEM_FINS_LUCRATIVOS','ATIVO','0','594');
Insert into FIPLAN_GMA_DES.DHWTB006_NATUREZA_JURIDICA_AUD (IDEN_NATUREZA_JURIDICA,NUMR_NATUREZA_JURIDICA,DESC_NATUREZA_JURIDICA,FLAG_TIPO_NATUREZA_JURIDICA,FLAG_SITUACAO,TIPO_OPERACAO,IDEN_AUDITORIA) values ('82','3999','AssociaÁ„o Privada','ENTIDADES_SEM_FINS_LUCRATIVOS','ATIVO','0','595');
Insert into FIPLAN_GMA_DES.DHWTB006_NATUREZA_JURIDICA_AUD (IDEN_NATUREZA_JURIDICA,NUMR_NATUREZA_JURIDICA,DESC_NATUREZA_JURIDICA,FLAG_TIPO_NATUREZA_JURIDICA,FLAG_SITUACAO,TIPO_OPERACAO,IDEN_AUDITORIA) values ('83','4014','Empresa Individual Imobili·ria','PESSOAS_FISICAS','ATIVO','0','596');
Insert into FIPLAN_GMA_DES.DHWTB006_NATUREZA_JURIDICA_AUD (IDEN_NATUREZA_JURIDICA,NUMR_NATUREZA_JURIDICA,DESC_NATUREZA_JURIDICA,FLAG_TIPO_NATUREZA_JURIDICA,FLAG_SITUACAO,TIPO_OPERACAO,IDEN_AUDITORIA) values ('84','4022','Segurado Especial','PESSOAS_FISICAS','ATIVO','0','597');
Insert into FIPLAN_GMA_DES.DHWTB006_NATUREZA_JURIDICA_AUD (IDEN_NATUREZA_JURIDICA,NUMR_NATUREZA_JURIDICA,DESC_NATUREZA_JURIDICA,FLAG_TIPO_NATUREZA_JURIDICA,FLAG_SITUACAO,TIPO_OPERACAO,IDEN_AUDITORIA) values ('85','4081','Contribuinte individual','PESSOAS_FISICAS','ATIVO','0','598');
Insert into FIPLAN_GMA_DES.DHWTB006_NATUREZA_JURIDICA_AUD (IDEN_NATUREZA_JURIDICA,NUMR_NATUREZA_JURIDICA,DESC_NATUREZA_JURIDICA,FLAG_TIPO_NATUREZA_JURIDICA,FLAG_SITUACAO,TIPO_OPERACAO,IDEN_AUDITORIA) values ('86','4090','Candidato a Cargo PolÌtico Eletivo','PESSOAS_FISICAS','ATIVO','0','599');
Insert into FIPLAN_GMA_DES.DHWTB006_NATUREZA_JURIDICA_AUD (IDEN_NATUREZA_JURIDICA,NUMR_NATUREZA_JURIDICA,DESC_NATUREZA_JURIDICA,FLAG_TIPO_NATUREZA_JURIDICA,FLAG_SITUACAO,TIPO_OPERACAO,IDEN_AUDITORIA) values ('87','4111','Leiloeiro','PESSOAS_FISICAS','ATIVO','0','600');
Insert into FIPLAN_GMA_DES.DHWTB006_NATUREZA_JURIDICA_AUD (IDEN_NATUREZA_JURIDICA,NUMR_NATUREZA_JURIDICA,DESC_NATUREZA_JURIDICA,FLAG_TIPO_NATUREZA_JURIDICA,FLAG_SITUACAO,TIPO_OPERACAO,IDEN_AUDITORIA) values ('88','4120','Produtor Rural (Pessoa FÌsica)','PESSOAS_FISICAS','ATIVO','0','601');
Insert into FIPLAN_GMA_DES.DHWTB006_NATUREZA_JURIDICA_AUD (IDEN_NATUREZA_JURIDICA,NUMR_NATUREZA_JURIDICA,DESC_NATUREZA_JURIDICA,FLAG_TIPO_NATUREZA_JURIDICA,FLAG_SITUACAO,TIPO_OPERACAO,IDEN_AUDITORIA) values ('89','5010','OrganizaÁ„o Internacional','ORGANIZACOES_INTERNACIONAIS','ATIVO','0','602');
Insert into FIPLAN_GMA_DES.DHWTB006_NATUREZA_JURIDICA_AUD (IDEN_NATUREZA_JURIDICA,NUMR_NATUREZA_JURIDICA,DESC_NATUREZA_JURIDICA,FLAG_TIPO_NATUREZA_JURIDICA,FLAG_SITUACAO,TIPO_OPERACAO,IDEN_AUDITORIA) values ('90','5029','RepresentaÁ„o Diplom·tica Estrangeira','ORGANIZACOES_INTERNACIONAIS','ATIVO','0','603');
Insert into FIPLAN_GMA_DES.DHWTB006_NATUREZA_JURIDICA_AUD (IDEN_NATUREZA_JURIDICA,NUMR_NATUREZA_JURIDICA,DESC_NATUREZA_JURIDICA,FLAG_TIPO_NATUREZA_JURIDICA,FLAG_SITUACAO,TIPO_OPERACAO,IDEN_AUDITORIA) values ('91','5037','Outras InstituiÁıes Extraterritoriais','ORGANIZACOES_INTERNACIONAIS','ATIVO','0','604');
Insert into FIPLAN_GMA_DES.DHWTB006_NATUREZA_JURIDICA_AUD (IDEN_NATUREZA_JURIDICA,NUMR_NATUREZA_JURIDICA,DESC_NATUREZA_JURIDICA,FLAG_TIPO_NATUREZA_JURIDICA,FLAG_SITUACAO,TIPO_OPERACAO,IDEN_AUDITORIA) values ('5','1015','”rg„o P˙blico do Poder Executivo Federal','ADMINISTRACAO_PUBLICA','INATIVO','1','605');
Insert into FIPLAN_GMA_DES.DHWTB006_NATUREZA_JURIDICA_AUD (IDEN_NATUREZA_JURIDICA,NUMR_NATUREZA_JURIDICA,DESC_NATUREZA_JURIDICA,FLAG_TIPO_NATUREZA_JURIDICA,FLAG_SITUACAO,TIPO_OPERACAO,IDEN_AUDITORIA) values ('5','1015','”rg„o P˙blico do Poder Executivo Federal','ADMINISTRACAO_PUBLICA','ATIVO','1','606');
Insert into FIPLAN_GMA_DES.DHWTB006_NATUREZA_JURIDICA_AUD (IDEN_NATUREZA_JURIDICA,NUMR_NATUREZA_JURIDICA,DESC_NATUREZA_JURIDICA,FLAG_TIPO_NATUREZA_JURIDICA,FLAG_SITUACAO,TIPO_OPERACAO,IDEN_AUDITORIA) values ('5','1015','”rg„o P˙blico do Poder Executivo Federal','ADMINISTRACAO_PUBLICA','ATIVO','0','514');
Insert into FIPLAN_GMA_DES.DHWTB006_NATUREZA_JURIDICA_AUD (IDEN_NATUREZA_JURIDICA,NUMR_NATUREZA_JURIDICA,DESC_NATUREZA_JURIDICA,FLAG_TIPO_NATUREZA_JURIDICA,FLAG_SITUACAO,TIPO_OPERACAO,IDEN_AUDITORIA) values ('6','1023','”rg„o P˙blico do Poder Executivo Estadual ou do Distrito Federal','ADMINISTRACAO_PUBLICA','ATIVO','0','515');
Insert into FIPLAN_GMA_DES.DHWTB006_NATUREZA_JURIDICA_AUD (IDEN_NATUREZA_JURIDICA,NUMR_NATUREZA_JURIDICA,DESC_NATUREZA_JURIDICA,FLAG_TIPO_NATUREZA_JURIDICA,FLAG_SITUACAO,TIPO_OPERACAO,IDEN_AUDITORIA) values ('7','1031','”rg„o P˙blico do Poder Executivo Municipal','ADMINISTRACAO_PUBLICA','ATIVO','0','516');
Insert into FIPLAN_GMA_DES.DHWTB006_NATUREZA_JURIDICA_AUD (IDEN_NATUREZA_JURIDICA,NUMR_NATUREZA_JURIDICA,DESC_NATUREZA_JURIDICA,FLAG_TIPO_NATUREZA_JURIDICA,FLAG_SITUACAO,TIPO_OPERACAO,IDEN_AUDITORIA) values ('8','1040','”rg„o P˙blico do Poder Legislativo Federal','ADMINISTRACAO_PUBLICA','ATIVO','0','517');
Insert into FIPLAN_GMA_DES.DHWTB006_NATUREZA_JURIDICA_AUD (IDEN_NATUREZA_JURIDICA,NUMR_NATUREZA_JURIDICA,DESC_NATUREZA_JURIDICA,FLAG_TIPO_NATUREZA_JURIDICA,FLAG_SITUACAO,TIPO_OPERACAO,IDEN_AUDITORIA) values ('9','1058','”rg„o P˙blico do Poder Legislativo Estadual ou do Distrito Federal','ADMINISTRACAO_PUBLICA','ATIVO','0','518');
Insert into FIPLAN_GMA_DES.DHWTB006_NATUREZA_JURIDICA_AUD (IDEN_NATUREZA_JURIDICA,NUMR_NATUREZA_JURIDICA,DESC_NATUREZA_JURIDICA,FLAG_TIPO_NATUREZA_JURIDICA,FLAG_SITUACAO,TIPO_OPERACAO,IDEN_AUDITORIA) values ('10','1066','”rg„o P˙blico do Poder Legislativo Municipal','ADMINISTRACAO_PUBLICA','ATIVO','0','519');
Insert into FIPLAN_GMA_DES.DHWTB006_NATUREZA_JURIDICA_AUD (IDEN_NATUREZA_JURIDICA,NUMR_NATUREZA_JURIDICA,DESC_NATUREZA_JURIDICA,FLAG_TIPO_NATUREZA_JURIDICA,FLAG_SITUACAO,TIPO_OPERACAO,IDEN_AUDITORIA) values ('11','1074','”rg„o P˙blico do Poder Judici·rio Federal','ADMINISTRACAO_PUBLICA','ATIVO','0','520');
Insert into FIPLAN_GMA_DES.DHWTB006_NATUREZA_JURIDICA_AUD (IDEN_NATUREZA_JURIDICA,NUMR_NATUREZA_JURIDICA,DESC_NATUREZA_JURIDICA,FLAG_TIPO_NATUREZA_JURIDICA,FLAG_SITUACAO,TIPO_OPERACAO,IDEN_AUDITORIA) values ('12','1082','”rg„o P˙blico do Poder Judici·rio Estadual','ADMINISTRACAO_PUBLICA','ATIVO','0','521');
Insert into FIPLAN_GMA_DES.DHWTB006_NATUREZA_JURIDICA_AUD (IDEN_NATUREZA_JURIDICA,NUMR_NATUREZA_JURIDICA,DESC_NATUREZA_JURIDICA,FLAG_TIPO_NATUREZA_JURIDICA,FLAG_SITUACAO,TIPO_OPERACAO,IDEN_AUDITORIA) values ('13','1104','Autarquia Federal','ADMINISTRACAO_PUBLICA','ATIVO','0','522');
Insert into FIPLAN_GMA_DES.DHWTB006_NATUREZA_JURIDICA_AUD (IDEN_NATUREZA_JURIDICA,NUMR_NATUREZA_JURIDICA,DESC_NATUREZA_JURIDICA,FLAG_TIPO_NATUREZA_JURIDICA,FLAG_SITUACAO,TIPO_OPERACAO,IDEN_AUDITORIA) values ('14','1112','Autarquia Estadual ou do Distrito Federal','ADMINISTRACAO_PUBLICA','ATIVO','0','523');
Insert into FIPLAN_GMA_DES.DHWTB006_NATUREZA_JURIDICA_AUD (IDEN_NATUREZA_JURIDICA,NUMR_NATUREZA_JURIDICA,DESC_NATUREZA_JURIDICA,FLAG_TIPO_NATUREZA_JURIDICA,FLAG_SITUACAO,TIPO_OPERACAO,IDEN_AUDITORIA) values ('15','1120','Autarquia Municipal†','ADMINISTRACAO_PUBLICA','ATIVO','0','524');
Insert into FIPLAN_GMA_DES.DHWTB006_NATUREZA_JURIDICA_AUD (IDEN_NATUREZA_JURIDICA,NUMR_NATUREZA_JURIDICA,DESC_NATUREZA_JURIDICA,FLAG_TIPO_NATUREZA_JURIDICA,FLAG_SITUACAO,TIPO_OPERACAO,IDEN_AUDITORIA) values ('16','1139','FundaÁ„o P˙blica de Direito P˙blico Federal','ADMINISTRACAO_PUBLICA','ATIVO','0','525');
Insert into FIPLAN_GMA_DES.DHWTB006_NATUREZA_JURIDICA_AUD (IDEN_NATUREZA_JURIDICA,NUMR_NATUREZA_JURIDICA,DESC_NATUREZA_JURIDICA,FLAG_TIPO_NATUREZA_JURIDICA,FLAG_SITUACAO,TIPO_OPERACAO,IDEN_AUDITORIA) values ('17','1147','FundaÁ„o P˙blica de Direito P˙blico Estadual ou do Distrito Federal','ADMINISTRACAO_PUBLICA','ATIVO','0','526');
Insert into FIPLAN_GMA_DES.DHWTB006_NATUREZA_JURIDICA_AUD (IDEN_NATUREZA_JURIDICA,NUMR_NATUREZA_JURIDICA,DESC_NATUREZA_JURIDICA,FLAG_TIPO_NATUREZA_JURIDICA,FLAG_SITUACAO,TIPO_OPERACAO,IDEN_AUDITORIA) values ('18','1155','FundaÁ„o P˙blica de Direito P˙blico Municipal','ADMINISTRACAO_PUBLICA','ATIVO','0','527');
Insert into FIPLAN_GMA_DES.DHWTB006_NATUREZA_JURIDICA_AUD (IDEN_NATUREZA_JURIDICA,NUMR_NATUREZA_JURIDICA,DESC_NATUREZA_JURIDICA,FLAG_TIPO_NATUREZA_JURIDICA,FLAG_SITUACAO,TIPO_OPERACAO,IDEN_AUDITORIA) values ('19','1163','”rg„o P˙blico AutÙnomo Federal','ADMINISTRACAO_PUBLICA','ATIVO','0','528');
Insert into FIPLAN_GMA_DES.DHWTB006_NATUREZA_JURIDICA_AUD (IDEN_NATUREZA_JURIDICA,NUMR_NATUREZA_JURIDICA,DESC_NATUREZA_JURIDICA,FLAG_TIPO_NATUREZA_JURIDICA,FLAG_SITUACAO,TIPO_OPERACAO,IDEN_AUDITORIA) values ('20','1171','”rg„o P˙blico AutÙnomo Estadual ou do Distrito Federal','ADMINISTRACAO_PUBLICA','ATIVO','0','529');
Insert into FIPLAN_GMA_DES.DHWTB006_NATUREZA_JURIDICA_AUD (IDEN_NATUREZA_JURIDICA,NUMR_NATUREZA_JURIDICA,DESC_NATUREZA_JURIDICA,FLAG_TIPO_NATUREZA_JURIDICA,FLAG_SITUACAO,TIPO_OPERACAO,IDEN_AUDITORIA) values ('21','1180','”rg„o P˙blico AutÙnomo Municipal','ADMINISTRACAO_PUBLICA','ATIVO','0','530');
Insert into FIPLAN_GMA_DES.DHWTB006_NATUREZA_JURIDICA_AUD (IDEN_NATUREZA_JURIDICA,NUMR_NATUREZA_JURIDICA,DESC_NATUREZA_JURIDICA,FLAG_TIPO_NATUREZA_JURIDICA,FLAG_SITUACAO,TIPO_OPERACAO,IDEN_AUDITORIA) values ('22','1198','Comiss„o Polinacional','ADMINISTRACAO_PUBLICA','ATIVO','0','531');
Insert into FIPLAN_GMA_DES.DHWTB006_NATUREZA_JURIDICA_AUD (IDEN_NATUREZA_JURIDICA,NUMR_NATUREZA_JURIDICA,DESC_NATUREZA_JURIDICA,FLAG_TIPO_NATUREZA_JURIDICA,FLAG_SITUACAO,TIPO_OPERACAO,IDEN_AUDITORIA) values ('23','1201','Fundo P˙blico','ADMINISTRACAO_PUBLICA','ATIVO','0','532');
Insert into FIPLAN_GMA_DES.DHWTB006_NATUREZA_JURIDICA_AUD (IDEN_NATUREZA_JURIDICA,NUMR_NATUREZA_JURIDICA,DESC_NATUREZA_JURIDICA,FLAG_TIPO_NATUREZA_JURIDICA,FLAG_SITUACAO,TIPO_OPERACAO,IDEN_AUDITORIA) values ('24','1210','ConsÛrcio P˙blico de Direito P˙blico (AssociaÁ„o P˙blica)','ADMINISTRACAO_PUBLICA','ATIVO','0','533');
Insert into FIPLAN_GMA_DES.DHWTB006_NATUREZA_JURIDICA_AUD (IDEN_NATUREZA_JURIDICA,NUMR_NATUREZA_JURIDICA,DESC_NATUREZA_JURIDICA,FLAG_TIPO_NATUREZA_JURIDICA,FLAG_SITUACAO,TIPO_OPERACAO,IDEN_AUDITORIA) values ('25','1228','ConsÛrcio P˙blico de Direito Privado','ADMINISTRACAO_PUBLICA','ATIVO','0','534');
Insert into FIPLAN_GMA_DES.DHWTB006_NATUREZA_JURIDICA_AUD (IDEN_NATUREZA_JURIDICA,NUMR_NATUREZA_JURIDICA,DESC_NATUREZA_JURIDICA,FLAG_TIPO_NATUREZA_JURIDICA,FLAG_SITUACAO,TIPO_OPERACAO,IDEN_AUDITORIA) values ('26','1236','Estado ou Distrito Federal','ADMINISTRACAO_PUBLICA','ATIVO','0','535');
Insert into FIPLAN_GMA_DES.DHWTB006_NATUREZA_JURIDICA_AUD (IDEN_NATUREZA_JURIDICA,NUMR_NATUREZA_JURIDICA,DESC_NATUREZA_JURIDICA,FLAG_TIPO_NATUREZA_JURIDICA,FLAG_SITUACAO,TIPO_OPERACAO,IDEN_AUDITORIA) values ('27','1244','MunicÌpio','ADMINISTRACAO_PUBLICA','ATIVO','0','536');
Insert into FIPLAN_GMA_DES.DHWTB006_NATUREZA_JURIDICA_AUD (IDEN_NATUREZA_JURIDICA,NUMR_NATUREZA_JURIDICA,DESC_NATUREZA_JURIDICA,FLAG_TIPO_NATUREZA_JURIDICA,FLAG_SITUACAO,TIPO_OPERACAO,IDEN_AUDITORIA) values ('28','1252','FundaÁ„o P˙blica de Direito Privado Federal','ADMINISTRACAO_PUBLICA','ATIVO','0','537');
Insert into FIPLAN_GMA_DES.DHWTB006_NATUREZA_JURIDICA_AUD (IDEN_NATUREZA_JURIDICA,NUMR_NATUREZA_JURIDICA,DESC_NATUREZA_JURIDICA,FLAG_TIPO_NATUREZA_JURIDICA,FLAG_SITUACAO,TIPO_OPERACAO,IDEN_AUDITORIA) values ('29','1260','FundaÁ„o P˙blica de Direito Privado Estadual ou do Distrito Federal','ADMINISTRACAO_PUBLICA','ATIVO','0','538');
Insert into FIPLAN_GMA_DES.DHWTB006_NATUREZA_JURIDICA_AUD (IDEN_NATUREZA_JURIDICA,NUMR_NATUREZA_JURIDICA,DESC_NATUREZA_JURIDICA,FLAG_TIPO_NATUREZA_JURIDICA,FLAG_SITUACAO,TIPO_OPERACAO,IDEN_AUDITORIA) values ('30','1279','FundaÁ„o P˙blica de Direito Privado Municipal','ADMINISTRACAO_PUBLICA','ATIVO','0','539');
Insert into FIPLAN_GMA_DES.DHWTB006_NATUREZA_JURIDICA_AUD (IDEN_NATUREZA_JURIDICA,NUMR_NATUREZA_JURIDICA,DESC_NATUREZA_JURIDICA,FLAG_TIPO_NATUREZA_JURIDICA,FLAG_SITUACAO,TIPO_OPERACAO,IDEN_AUDITORIA) values ('31','2011','Empresa P˙blica','ENTIDADES_EMPRESARIAIS','ATIVO','0','540');
Insert into FIPLAN_GMA_DES.DHWTB006_NATUREZA_JURIDICA_AUD (IDEN_NATUREZA_JURIDICA,NUMR_NATUREZA_JURIDICA,DESC_NATUREZA_JURIDICA,FLAG_TIPO_NATUREZA_JURIDICA,FLAG_SITUACAO,TIPO_OPERACAO,IDEN_AUDITORIA) values ('32','2038','Sociedade de Economia Mista','ENTIDADES_EMPRESARIAIS','ATIVO','0','541');
Insert into FIPLAN_GMA_DES.DHWTB006_NATUREZA_JURIDICA_AUD (IDEN_NATUREZA_JURIDICA,NUMR_NATUREZA_JURIDICA,DESC_NATUREZA_JURIDICA,FLAG_TIPO_NATUREZA_JURIDICA,FLAG_SITUACAO,TIPO_OPERACAO,IDEN_AUDITORIA) values ('33','2046','Sociedade AnÙnima Aberta','ADMINISTRACAO_PUBLICA','ATIVO','0','542');
Insert into FIPLAN_GMA_DES.DHWTB006_NATUREZA_JURIDICA_AUD (IDEN_NATUREZA_JURIDICA,NUMR_NATUREZA_JURIDICA,DESC_NATUREZA_JURIDICA,FLAG_TIPO_NATUREZA_JURIDICA,FLAG_SITUACAO,TIPO_OPERACAO,IDEN_AUDITORIA) values ('92','1111','teste','ADMINISTRACAO_PUBLICA','ATIVO','0','670');
Insert into FIPLAN_GMA_DES.DHWTB006_NATUREZA_JURIDICA_AUD (IDEN_NATUREZA_JURIDICA,NUMR_NATUREZA_JURIDICA,DESC_NATUREZA_JURIDICA,FLAG_TIPO_NATUREZA_JURIDICA,FLAG_SITUACAO,TIPO_OPERACAO,IDEN_AUDITORIA) values ('92','1111','teste','ADMINISTRACAO_PUBLICA','INATIVO','1','671');
Insert into FIPLAN_GMA_DES.DHWTB006_NATUREZA_JURIDICA_AUD (IDEN_NATUREZA_JURIDICA,NUMR_NATUREZA_JURIDICA,DESC_NATUREZA_JURIDICA,FLAG_TIPO_NATUREZA_JURIDICA,FLAG_SITUACAO,TIPO_OPERACAO,IDEN_AUDITORIA) values ('92','1111','teste','ADMINISTRACAO_PUBLICA','ATIVO','1','672');
Insert into FIPLAN_GMA_DES.DHWTB006_NATUREZA_JURIDICA_AUD (IDEN_NATUREZA_JURIDICA,NUMR_NATUREZA_JURIDICA,DESC_NATUREZA_JURIDICA,FLAG_TIPO_NATUREZA_JURIDICA,FLAG_SITUACAO,TIPO_OPERACAO,IDEN_AUDITORIA) values ('92','1111','teste','ADMINISTRACAO_PUBLICA','ATIVO','2','675');
Insert into FIPLAN_GMA_DES.DHWTB006_NATUREZA_JURIDICA_AUD (IDEN_NATUREZA_JURIDICA,NUMR_NATUREZA_JURIDICA,DESC_NATUREZA_JURIDICA,FLAG_TIPO_NATUREZA_JURIDICA,FLAG_SITUACAO,TIPO_OPERACAO,IDEN_AUDITORIA) values ('40','2062','Sociedade Empres·ria Limitada','ENTIDADES_EMPRESARIAIS','INATIVO','1','676');
Insert into FIPLAN_GMA_DES.DHWTB006_NATUREZA_JURIDICA_AUD (IDEN_NATUREZA_JURIDICA,NUMR_NATUREZA_JURIDICA,DESC_NATUREZA_JURIDICA,FLAG_TIPO_NATUREZA_JURIDICA,FLAG_SITUACAO,TIPO_OPERACAO,IDEN_AUDITORIA) values ('40','2062','Sociedade Empres·ria Limitada','ENTIDADES_EMPRESARIAIS','ATIVO','1','677');
Insert into FIPLAN_GMA_DES.DHWTB006_NATUREZA_JURIDICA_AUD (IDEN_NATUREZA_JURIDICA,NUMR_NATUREZA_JURIDICA,DESC_NATUREZA_JURIDICA,FLAG_TIPO_NATUREZA_JURIDICA,FLAG_SITUACAO,TIPO_OPERACAO,IDEN_AUDITORIA) values ('40','2062','Sociedade Empres·ria Limitada','ENTIDADES_EMPRESARIAIS','INATIVO','1','738');
Insert into FIPLAN_GMA_DES.DHWTB006_NATUREZA_JURIDICA_AUD (IDEN_NATUREZA_JURIDICA,NUMR_NATUREZA_JURIDICA,DESC_NATUREZA_JURIDICA,FLAG_TIPO_NATUREZA_JURIDICA,FLAG_SITUACAO,TIPO_OPERACAO,IDEN_AUDITORIA) values ('40','2062','Sociedade Empres·ria Limitada','ENTIDADES_EMPRESARIAIS','ATIVO','1','739');
Insert into FIPLAN_GMA_DES.DHWTB006_NATUREZA_JURIDICA_AUD (IDEN_NATUREZA_JURIDICA,NUMR_NATUREZA_JURIDICA,DESC_NATUREZA_JURIDICA,FLAG_TIPO_NATUREZA_JURIDICA,FLAG_SITUACAO,TIPO_OPERACAO,IDEN_AUDITORIA) values ('40','2062','Sociedade Empres·ria Limitada','ENTIDADES_EMPRESARIAIS','INATIVO','1','736');
Insert into FIPLAN_GMA_DES.DHWTB006_NATUREZA_JURIDICA_AUD (IDEN_NATUREZA_JURIDICA,NUMR_NATUREZA_JURIDICA,DESC_NATUREZA_JURIDICA,FLAG_TIPO_NATUREZA_JURIDICA,FLAG_SITUACAO,TIPO_OPERACAO,IDEN_AUDITORIA) values ('40','2062','Sociedade Empres·ria Limitada','ENTIDADES_EMPRESARIAIS','ATIVO','1','737');
REM INSERTING into FIPLAN_GMA_DES.DHWTB007_CNAE
SET DEFINE OFF;
Insert into FIPLAN_GMA_DES.DHWTB007_CNAE (IDEN_CNAE,NUMR_CNAE,DESC_CNAE,FLAG_SITUACAO,DATA_CRIACAO,DATA_ATUALIZACAO) values ('12','8411600','ADMINISTRA«√O P⁄BLICA EM GERAL','ATIVO',to_date('07/11/18','DD/MM/RR'),to_date('13/11/18','DD/MM/RR'));
Insert into FIPLAN_GMA_DES.DHWTB007_CNAE (IDEN_CNAE,NUMR_CNAE,DESC_CNAE,FLAG_SITUACAO,DATA_CRIACAO,DATA_ATUALIZACAO) values ('13','9430800','ATIVIDADES DE ASSOCIA«’ES DE DEFESA DE DIREITOS SOCIAIS ','ATIVO',to_date('07/11/18','DD/MM/RR'),null);
Insert into FIPLAN_GMA_DES.DHWTB007_CNAE (IDEN_CNAE,NUMR_CNAE,DESC_CNAE,FLAG_SITUACAO,DATA_CRIACAO,DATA_ATUALIZACAO) values ('14','9493600','ATIVIDADES DE ORGANIZA«’ES ASSOCIATIVAS LIGADAS ¡ CULTURA E A ARTE','ATIVO',to_date('07/11/18','DD/MM/RR'),null);
Insert into FIPLAN_GMA_DES.DHWTB007_CNAE (IDEN_CNAE,NUMR_CNAE,DESC_CNAE,FLAG_SITUACAO,DATA_CRIACAO,DATA_ATUALIZACAO) values ('15','9499500','ATIVIDADES ASSOCIATIVAS N√O ESPECIFICADAS ANTERIORMENTE','ATIVO',to_date('07/11/18','DD/MM/RR'),to_date('13/11/18','DD/MM/RR'));
Insert into FIPLAN_GMA_DES.DHWTB007_CNAE (IDEN_CNAE,NUMR_CNAE,DESC_CNAE,FLAG_SITUACAO,DATA_CRIACAO,DATA_ATUALIZACAO) values ('19','8424800','SEGURAN«A E ORDEM P⁄BLICA','ATIVO',to_date('21/11/18','DD/MM/RR'),null);
Insert into FIPLAN_GMA_DES.DHWTB007_CNAE (IDEN_CNAE,NUMR_CNAE,DESC_CNAE,FLAG_SITUACAO,DATA_CRIACAO,DATA_ATUALIZACAO) values ('21','5456456','ASD4A5SD45','ATIVO',to_date('22/11/18','DD/MM/RR'),null);
REM INSERTING into FIPLAN_GMA_DES.DHWTB007_CNAE_AUD
SET DEFINE OFF;
Insert into FIPLAN_GMA_DES.DHWTB007_CNAE_AUD (IDEN_CNAE,NUMR_CNAE,DESC_CNAE,FLAG_SITUACAO,TIPO_OPERACAO,IDEN_AUDITORIA) values ('12','8411600','ADMINISTRA«√O P⁄BLICA EM GERAL','ATIVO','0','607');
Insert into FIPLAN_GMA_DES.DHWTB007_CNAE_AUD (IDEN_CNAE,NUMR_CNAE,DESC_CNAE,FLAG_SITUACAO,TIPO_OPERACAO,IDEN_AUDITORIA) values ('13','9430800','ATIVIDADES DE ASSOCIA«’ES DE DEFESA DE DIREITOS SOCIAIS ','ATIVO','0','608');
Insert into FIPLAN_GMA_DES.DHWTB007_CNAE_AUD (IDEN_CNAE,NUMR_CNAE,DESC_CNAE,FLAG_SITUACAO,TIPO_OPERACAO,IDEN_AUDITORIA) values ('14','9493600','ATIVIDADES DE ORGANIZA«’ES ASSOCIATIVAS LIGADAS ¡ CULTURA E A ARTE','ATIVO','0','609');
Insert into FIPLAN_GMA_DES.DHWTB007_CNAE_AUD (IDEN_CNAE,NUMR_CNAE,DESC_CNAE,FLAG_SITUACAO,TIPO_OPERACAO,IDEN_AUDITORIA) values ('15','9499500','ATIVIDADES ASSOCIATIVAS N√O ESPECIFICADAS ANTERIORMENTE','ATIVO','0','610');
Insert into FIPLAN_GMA_DES.DHWTB007_CNAE_AUD (IDEN_CNAE,NUMR_CNAE,DESC_CNAE,FLAG_SITUACAO,TIPO_OPERACAO,IDEN_AUDITORIA) values ('11','5789410','Desc CNAE 3','ATIVO','2','611');
Insert into FIPLAN_GMA_DES.DHWTB007_CNAE_AUD (IDEN_CNAE,NUMR_CNAE,DESC_CNAE,FLAG_SITUACAO,TIPO_OPERACAO,IDEN_AUDITORIA) values ('9','1234567','Desc CNAE 4','ATIVO','2','612');
Insert into FIPLAN_GMA_DES.DHWTB007_CNAE_AUD (IDEN_CNAE,NUMR_CNAE,DESC_CNAE,FLAG_SITUACAO,TIPO_OPERACAO,IDEN_AUDITORIA) values ('10','7894561','Desc CNAE 10','ATIVO','2','613');
Insert into FIPLAN_GMA_DES.DHWTB007_CNAE_AUD (IDEN_CNAE,NUMR_CNAE,DESC_CNAE,FLAG_SITUACAO,TIPO_OPERACAO,IDEN_AUDITORIA) values ('16','8888888','teste','ATIVO','0','681');
Insert into FIPLAN_GMA_DES.DHWTB007_CNAE_AUD (IDEN_CNAE,NUMR_CNAE,DESC_CNAE,FLAG_SITUACAO,TIPO_OPERACAO,IDEN_AUDITORIA) values ('17','9999999','ADMINISTRA«√O P⁄BLICA EM GERAL','ATIVO','0','683');
Insert into FIPLAN_GMA_DES.DHWTB007_CNAE_AUD (IDEN_CNAE,NUMR_CNAE,DESC_CNAE,FLAG_SITUACAO,TIPO_OPERACAO,IDEN_AUDITORIA) values ('12','8411600','ADMINISTRA«√O P⁄BLICA EM GERAL','INATIVO','1','684');
Insert into FIPLAN_GMA_DES.DHWTB007_CNAE_AUD (IDEN_CNAE,NUMR_CNAE,DESC_CNAE,FLAG_SITUACAO,TIPO_OPERACAO,IDEN_AUDITORIA) values ('12','8411600','ADMINISTRA«√O P⁄BLICA EM GERAL','ATIVO','1','685');
Insert into FIPLAN_GMA_DES.DHWTB007_CNAE_AUD (IDEN_CNAE,NUMR_CNAE,DESC_CNAE,FLAG_SITUACAO,TIPO_OPERACAO,IDEN_AUDITORIA) values ('16','8888888','teste','ATIVO','2','686');
Insert into FIPLAN_GMA_DES.DHWTB007_CNAE_AUD (IDEN_CNAE,NUMR_CNAE,DESC_CNAE,FLAG_SITUACAO,TIPO_OPERACAO,IDEN_AUDITORIA) values ('17','9999999','ADMINISTRA«√O P⁄BLICA EM GERAL','ATIVO','2','687');
Insert into FIPLAN_GMA_DES.DHWTB007_CNAE_AUD (IDEN_CNAE,NUMR_CNAE,DESC_CNAE,FLAG_SITUACAO,TIPO_OPERACAO,IDEN_AUDITORIA) values ('19','8424800','SEGURAN«A E ORDEM P⁄BLICA','ATIVO','0','840');
Insert into FIPLAN_GMA_DES.DHWTB007_CNAE_AUD (IDEN_CNAE,NUMR_CNAE,DESC_CNAE,FLAG_SITUACAO,TIPO_OPERACAO,IDEN_AUDITORIA) values ('20','5646546','KJDAKSDASDKAJSDLKA','ATIVO','0','854');
Insert into FIPLAN_GMA_DES.DHWTB007_CNAE_AUD (IDEN_CNAE,NUMR_CNAE,DESC_CNAE,FLAG_SITUACAO,TIPO_OPERACAO,IDEN_AUDITORIA) values ('20','5646546','KJDAKSDASDKAJSDLKA','ATIVO','2','855');
Insert into FIPLAN_GMA_DES.DHWTB007_CNAE_AUD (IDEN_CNAE,NUMR_CNAE,DESC_CNAE,FLAG_SITUACAO,TIPO_OPERACAO,IDEN_AUDITORIA) values ('7','1231231','asdasdasd','ATIVO','0','366');
Insert into FIPLAN_GMA_DES.DHWTB007_CNAE_AUD (IDEN_CNAE,NUMR_CNAE,DESC_CNAE,FLAG_SITUACAO,TIPO_OPERACAO,IDEN_AUDITORIA) values ('8','5467564','asdasdasd','ATIVO','0','367');
Insert into FIPLAN_GMA_DES.DHWTB007_CNAE_AUD (IDEN_CNAE,NUMR_CNAE,DESC_CNAE,FLAG_SITUACAO,TIPO_OPERACAO,IDEN_AUDITORIA) values ('15','9499500','ATIVIDADES ASSOCIATIVAS N√O ESPECIFICADAS ANTERIORMENTE','INATIVO','1','745');
Insert into FIPLAN_GMA_DES.DHWTB007_CNAE_AUD (IDEN_CNAE,NUMR_CNAE,DESC_CNAE,FLAG_SITUACAO,TIPO_OPERACAO,IDEN_AUDITORIA) values ('15','9499500','ATIVIDADES ASSOCIATIVAS N√O ESPECIFICADAS ANTERIORMENTE','ATIVO','1','746');
Insert into FIPLAN_GMA_DES.DHWTB007_CNAE_AUD (IDEN_CNAE,NUMR_CNAE,DESC_CNAE,FLAG_SITUACAO,TIPO_OPERACAO,IDEN_AUDITORIA) values ('12','8411600','ADMINISTRA«√O P⁄BLICA EM GERAL','INATIVO','1','755');
Insert into FIPLAN_GMA_DES.DHWTB007_CNAE_AUD (IDEN_CNAE,NUMR_CNAE,DESC_CNAE,FLAG_SITUACAO,TIPO_OPERACAO,IDEN_AUDITORIA) values ('12','8411600','ADMINISTRA«√O P⁄BLICA EM GERAL','ATIVO','1','756');
Insert into FIPLAN_GMA_DES.DHWTB007_CNAE_AUD (IDEN_CNAE,NUMR_CNAE,DESC_CNAE,FLAG_SITUACAO,TIPO_OPERACAO,IDEN_AUDITORIA) values ('7','1231231','asdasdasd','ATIVO','2','423');
Insert into FIPLAN_GMA_DES.DHWTB007_CNAE_AUD (IDEN_CNAE,NUMR_CNAE,DESC_CNAE,FLAG_SITUACAO,TIPO_OPERACAO,IDEN_AUDITORIA) values ('8','5467564','asdasdasd','ATIVO','2','424');
Insert into FIPLAN_GMA_DES.DHWTB007_CNAE_AUD (IDEN_CNAE,NUMR_CNAE,DESC_CNAE,FLAG_SITUACAO,TIPO_OPERACAO,IDEN_AUDITORIA) values ('11','5789410','Desc CNAE 3','ATIVO','0','452');
Insert into FIPLAN_GMA_DES.DHWTB007_CNAE_AUD (IDEN_CNAE,NUMR_CNAE,DESC_CNAE,FLAG_SITUACAO,TIPO_OPERACAO,IDEN_AUDITORIA) values ('12','8411600','ADMINISTRA«√O P⁄BLICA EM GERAL','INATIVO','1','734');
Insert into FIPLAN_GMA_DES.DHWTB007_CNAE_AUD (IDEN_CNAE,NUMR_CNAE,DESC_CNAE,FLAG_SITUACAO,TIPO_OPERACAO,IDEN_AUDITORIA) values ('12','8411600','ADMINISTRA«√O P⁄BLICA EM GERAL','ATIVO','1','735');
Insert into FIPLAN_GMA_DES.DHWTB007_CNAE_AUD (IDEN_CNAE,NUMR_CNAE,DESC_CNAE,FLAG_SITUACAO,TIPO_OPERACAO,IDEN_AUDITORIA) values ('12','8411600','ADMINISTRA«√O P⁄BLICA EM GERAL','INATIVO','1','740');
Insert into FIPLAN_GMA_DES.DHWTB007_CNAE_AUD (IDEN_CNAE,NUMR_CNAE,DESC_CNAE,FLAG_SITUACAO,TIPO_OPERACAO,IDEN_AUDITORIA) values ('12','8411600','ADMINISTRA«√O P⁄BLICA EM GERAL','ATIVO','1','741');
Insert into FIPLAN_GMA_DES.DHWTB007_CNAE_AUD (IDEN_CNAE,NUMR_CNAE,DESC_CNAE,FLAG_SITUACAO,TIPO_OPERACAO,IDEN_AUDITORIA) values ('9','1234567','Desc CNAE 4','ATIVO','0','421');
Insert into FIPLAN_GMA_DES.DHWTB007_CNAE_AUD (IDEN_CNAE,NUMR_CNAE,DESC_CNAE,FLAG_SITUACAO,TIPO_OPERACAO,IDEN_AUDITORIA) values ('10','7894561','Desc CNAE 10','ATIVO','0','422');
Insert into FIPLAN_GMA_DES.DHWTB007_CNAE_AUD (IDEN_CNAE,NUMR_CNAE,DESC_CNAE,FLAG_SITUACAO,TIPO_OPERACAO,IDEN_AUDITORIA) values ('18','1111111','TESTE','ATIVO','0','742');
Insert into FIPLAN_GMA_DES.DHWTB007_CNAE_AUD (IDEN_CNAE,NUMR_CNAE,DESC_CNAE,FLAG_SITUACAO,TIPO_OPERACAO,IDEN_AUDITORIA) values ('18','1111111','TESTE','ATIVO','2','743');
Insert into FIPLAN_GMA_DES.DHWTB007_CNAE_AUD (IDEN_CNAE,NUMR_CNAE,DESC_CNAE,FLAG_SITUACAO,TIPO_OPERACAO,IDEN_AUDITORIA) values ('21','5456456','ASD4A5SD45','ATIVO','0','862');
REM INSERTING into FIPLAN_GMA_DES.DHWTB008_UND_ADM_AUD
SET DEFINE OFF;
Insert into FIPLAN_GMA_DES.DHWTB008_UND_ADM_AUD (IDEN_UNIDADE_ADMINISTRATIVA,NUMR_CNPJ,NOME_EMPRESARIAL,SIGLA,FLAG_SITUACAO_CADASTRAL_CNPJ,FLAG_TIPO_PODER,FLAG_UND_ORCAMEN_CADAST_FIPLAN,IDEN_TIPO_ADMINISTRACAO,CODG_UNIDADE_ORCAMENTARIA,DESC_UNIDADE_ORCAMENTARIA,NUMR_EXER_UND_ORCAMENTARIA,DATA_ABERTURA,DATA_TERMINO,FLAG_TIPO_NATUREZA_JURIDICA,IDEN_NATUREZA_JURIDICA,FLAG_SITUACAO,TIPO_OPERACAO,IDEN_AUDITORIA,SIGLA_UNIDADE_ORCAMENTARIA) values ('148','3507415002350','SECRETARIA DE ESTADO DO MEIO AMBIENTE','SEMA','ATIVO','PODER_EXECUTIVO','SIM','13','27101','SECRETARIA DE ESTADO DO MEIO AMBIENTE ','2018',to_date('29/04/10','DD/MM/RR'),null,'ADMINISTRACAO_PUBLICA','26','ATIVO','0','955','SEMA');
Insert into FIPLAN_GMA_DES.DHWTB008_UND_ADM_AUD (IDEN_UNIDADE_ADMINISTRATIVA,NUMR_CNPJ,NOME_EMPRESARIAL,SIGLA,FLAG_SITUACAO_CADASTRAL_CNPJ,FLAG_TIPO_PODER,FLAG_UND_ORCAMEN_CADAST_FIPLAN,IDEN_TIPO_ADMINISTRACAO,CODG_UNIDADE_ORCAMENTARIA,DESC_UNIDADE_ORCAMENTARIA,NUMR_EXER_UND_ORCAMENTARIA,DATA_ABERTURA,DATA_TERMINO,FLAG_TIPO_NATUREZA_JURIDICA,IDEN_NATUREZA_JURIDICA,FLAG_SITUACAO,TIPO_OPERACAO,IDEN_AUDITORIA,SIGLA_UNIDADE_ORCAMENTARIA) values ('148','3507415002350','SECRETARIA DE ESTADO DO MEIO AMBIENTE','SEMA','ATIVO','PODER_EXECUTIVO','SIM','13','27101','SECRETARIA DE ESTADO DO MEIO AMBIENTE ','2018',to_date('29/04/10','DD/MM/RR'),null,'ADMINISTRACAO_PUBLICA','26','ATIVO','1','956','SEMA');
Insert into FIPLAN_GMA_DES.DHWTB008_UND_ADM_AUD (IDEN_UNIDADE_ADMINISTRATIVA,NUMR_CNPJ,NOME_EMPRESARIAL,SIGLA,FLAG_SITUACAO_CADASTRAL_CNPJ,FLAG_TIPO_PODER,FLAG_UND_ORCAMEN_CADAST_FIPLAN,IDEN_TIPO_ADMINISTRACAO,CODG_UNIDADE_ORCAMENTARIA,DESC_UNIDADE_ORCAMENTARIA,NUMR_EXER_UND_ORCAMENTARIA,DATA_ABERTURA,DATA_TERMINO,FLAG_TIPO_NATUREZA_JURIDICA,IDEN_NATUREZA_JURIDICA,FLAG_SITUACAO,TIPO_OPERACAO,IDEN_AUDITORIA,SIGLA_UNIDADE_ORCAMENTARIA) values ('56','3507415000144','Estado de Mato Grosso','MT','ATIVO','PODER_EXECUTIVO','NAO','13',null,null,null,to_date('10/11/18','DD/MM/RR'),to_date('13/11/18','DD/MM/RR'),'ADMINISTRACAO_PUBLICA','26','ATIVO','0','784',null);
Insert into FIPLAN_GMA_DES.DHWTB008_UND_ADM_AUD (IDEN_UNIDADE_ADMINISTRATIVA,NUMR_CNPJ,NOME_EMPRESARIAL,SIGLA,FLAG_SITUACAO_CADASTRAL_CNPJ,FLAG_TIPO_PODER,FLAG_UND_ORCAMEN_CADAST_FIPLAN,IDEN_TIPO_ADMINISTRACAO,CODG_UNIDADE_ORCAMENTARIA,DESC_UNIDADE_ORCAMENTARIA,NUMR_EXER_UND_ORCAMENTARIA,DATA_ABERTURA,DATA_TERMINO,FLAG_TIPO_NATUREZA_JURIDICA,IDEN_NATUREZA_JURIDICA,FLAG_SITUACAO,TIPO_OPERACAO,IDEN_AUDITORIA,SIGLA_UNIDADE_ORCAMENTARIA) values ('55','12345678945646','EMPRESA 1','EMP1','ATIVO','PODER_EXECUTIVO','NAO','13',null,null,null,to_date('01/11/18','DD/MM/RR'),to_date('13/11/18','DD/MM/RR'),'ADMINISTRACAO_PUBLICA','14','ATIVO','2','812',null);
Insert into FIPLAN_GMA_DES.DHWTB008_UND_ADM_AUD (IDEN_UNIDADE_ADMINISTRATIVA,NUMR_CNPJ,NOME_EMPRESARIAL,SIGLA,FLAG_SITUACAO_CADASTRAL_CNPJ,FLAG_TIPO_PODER,FLAG_UND_ORCAMEN_CADAST_FIPLAN,IDEN_TIPO_ADMINISTRACAO,CODG_UNIDADE_ORCAMENTARIA,DESC_UNIDADE_ORCAMENTARIA,NUMR_EXER_UND_ORCAMENTARIA,DATA_ABERTURA,DATA_TERMINO,FLAG_TIPO_NATUREZA_JURIDICA,IDEN_NATUREZA_JURIDICA,FLAG_SITUACAO,TIPO_OPERACAO,IDEN_AUDITORIA,SIGLA_UNIDADE_ORCAMENTARIA) values ('57','12312312312312','EMPRESA 1','EMP1','ATIVO','PODER_EXECUTIVO','NAO','14',null,null,null,to_date('01/11/18','DD/MM/RR'),null,'ADMINISTRACAO_PUBLICA','13','ATIVO','0','813',null);
Insert into FIPLAN_GMA_DES.DHWTB008_UND_ADM_AUD (IDEN_UNIDADE_ADMINISTRATIVA,NUMR_CNPJ,NOME_EMPRESARIAL,SIGLA,FLAG_SITUACAO_CADASTRAL_CNPJ,FLAG_TIPO_PODER,FLAG_UND_ORCAMEN_CADAST_FIPLAN,IDEN_TIPO_ADMINISTRACAO,CODG_UNIDADE_ORCAMENTARIA,DESC_UNIDADE_ORCAMENTARIA,NUMR_EXER_UND_ORCAMENTARIA,DATA_ABERTURA,DATA_TERMINO,FLAG_TIPO_NATUREZA_JURIDICA,IDEN_NATUREZA_JURIDICA,FLAG_SITUACAO,TIPO_OPERACAO,IDEN_AUDITORIA,SIGLA_UNIDADE_ORCAMENTARIA) values ('57','12312312312312','EMPRESA 1','EMP1','ATIVO','PODER_EXECUTIVO','NAO','14',null,null,null,to_date('01/11/18','DD/MM/RR'),null,'ADMINISTRACAO_PUBLICA','13','ATIVO','1','814',null);
Insert into FIPLAN_GMA_DES.DHWTB008_UND_ADM_AUD (IDEN_UNIDADE_ADMINISTRATIVA,NUMR_CNPJ,NOME_EMPRESARIAL,SIGLA,FLAG_SITUACAO_CADASTRAL_CNPJ,FLAG_TIPO_PODER,FLAG_UND_ORCAMEN_CADAST_FIPLAN,IDEN_TIPO_ADMINISTRACAO,CODG_UNIDADE_ORCAMENTARIA,DESC_UNIDADE_ORCAMENTARIA,NUMR_EXER_UND_ORCAMENTARIA,DATA_ABERTURA,DATA_TERMINO,FLAG_TIPO_NATUREZA_JURIDICA,IDEN_NATUREZA_JURIDICA,FLAG_SITUACAO,TIPO_OPERACAO,IDEN_AUDITORIA,SIGLA_UNIDADE_ORCAMENTARIA) values ('57','12312312312312','EMPRESA 1','EMP1','ATIVO','PODER_EXECUTIVO','NAO','14',null,null,null,to_date('01/11/18','DD/MM/RR'),null,'ADMINISTRACAO_PUBLICA','13','ATIVO','1','847',null);
Insert into FIPLAN_GMA_DES.DHWTB008_UND_ADM_AUD (IDEN_UNIDADE_ADMINISTRATIVA,NUMR_CNPJ,NOME_EMPRESARIAL,SIGLA,FLAG_SITUACAO_CADASTRAL_CNPJ,FLAG_TIPO_PODER,FLAG_UND_ORCAMEN_CADAST_FIPLAN,IDEN_TIPO_ADMINISTRACAO,CODG_UNIDADE_ORCAMENTARIA,DESC_UNIDADE_ORCAMENTARIA,NUMR_EXER_UND_ORCAMENTARIA,DATA_ABERTURA,DATA_TERMINO,FLAG_TIPO_NATUREZA_JURIDICA,IDEN_NATUREZA_JURIDICA,FLAG_SITUACAO,TIPO_OPERACAO,IDEN_AUDITORIA,SIGLA_UNIDADE_ORCAMENTARIA) values ('140','45646545646546','EMPRESA 2','EMP2','ATIVO','PODER_EXECUTIVO','NAO','13',null,null,null,to_date('01/11/18','DD/MM/RR'),null,'ADMINISTRACAO_PUBLICA','14','ATIVO','0','852',null);
Insert into FIPLAN_GMA_DES.DHWTB008_UND_ADM_AUD (IDEN_UNIDADE_ADMINISTRATIVA,NUMR_CNPJ,NOME_EMPRESARIAL,SIGLA,FLAG_SITUACAO_CADASTRAL_CNPJ,FLAG_TIPO_PODER,FLAG_UND_ORCAMEN_CADAST_FIPLAN,IDEN_TIPO_ADMINISTRACAO,CODG_UNIDADE_ORCAMENTARIA,DESC_UNIDADE_ORCAMENTARIA,NUMR_EXER_UND_ORCAMENTARIA,DATA_ABERTURA,DATA_TERMINO,FLAG_TIPO_NATUREZA_JURIDICA,IDEN_NATUREZA_JURIDICA,FLAG_SITUACAO,TIPO_OPERACAO,IDEN_AUDITORIA,SIGLA_UNIDADE_ORCAMENTARIA) values ('140','45646545646546','EMPRESA 2','EMP2','ATIVO','PODER_EXECUTIVO','NAO','13',null,null,null,to_date('01/11/18','DD/MM/RR'),null,'ADMINISTRACAO_PUBLICA','14','ATIVO','1','853',null);
Insert into FIPLAN_GMA_DES.DHWTB008_UND_ADM_AUD (IDEN_UNIDADE_ADMINISTRATIVA,NUMR_CNPJ,NOME_EMPRESARIAL,SIGLA,FLAG_SITUACAO_CADASTRAL_CNPJ,FLAG_TIPO_PODER,FLAG_UND_ORCAMEN_CADAST_FIPLAN,IDEN_TIPO_ADMINISTRACAO,CODG_UNIDADE_ORCAMENTARIA,DESC_UNIDADE_ORCAMENTARIA,NUMR_EXER_UND_ORCAMENTARIA,DATA_ABERTURA,DATA_TERMINO,FLAG_TIPO_NATUREZA_JURIDICA,IDEN_NATUREZA_JURIDICA,FLAG_SITUACAO,TIPO_OPERACAO,IDEN_AUDITORIA,SIGLA_UNIDADE_ORCAMENTARIA) values ('146','3507415003089','PERICIA OFICIAL E IDENTIFICA«√O T…CNICA ','POLITEC','ATIVO','PODER_EXECUTIVO','NAO','13',null,null,null,to_date('29/04/10','DD/MM/RR'),null,'ADMINISTRACAO_PUBLICA','26','ATIVO','0','882',null);
Insert into FIPLAN_GMA_DES.DHWTB008_UND_ADM_AUD (IDEN_UNIDADE_ADMINISTRATIVA,NUMR_CNPJ,NOME_EMPRESARIAL,SIGLA,FLAG_SITUACAO_CADASTRAL_CNPJ,FLAG_TIPO_PODER,FLAG_UND_ORCAMEN_CADAST_FIPLAN,IDEN_TIPO_ADMINISTRACAO,CODG_UNIDADE_ORCAMENTARIA,DESC_UNIDADE_ORCAMENTARIA,NUMR_EXER_UND_ORCAMENTARIA,DATA_ABERTURA,DATA_TERMINO,FLAG_TIPO_NATUREZA_JURIDICA,IDEN_NATUREZA_JURIDICA,FLAG_SITUACAO,TIPO_OPERACAO,IDEN_AUDITORIA,SIGLA_UNIDADE_ORCAMENTARIA) values ('140','45646545646546','EMPRESA 2','EMP2','ATIVO','PODER_EXECUTIVO','NAO','13',null,null,null,to_date('01/11/18','DD/MM/RR'),null,'ADMINISTRACAO_PUBLICA','14','ATIVO','2','883',null);
Insert into FIPLAN_GMA_DES.DHWTB008_UND_ADM_AUD (IDEN_UNIDADE_ADMINISTRATIVA,NUMR_CNPJ,NOME_EMPRESARIAL,SIGLA,FLAG_SITUACAO_CADASTRAL_CNPJ,FLAG_TIPO_PODER,FLAG_UND_ORCAMEN_CADAST_FIPLAN,IDEN_TIPO_ADMINISTRACAO,CODG_UNIDADE_ORCAMENTARIA,DESC_UNIDADE_ORCAMENTARIA,NUMR_EXER_UND_ORCAMENTARIA,DATA_ABERTURA,DATA_TERMINO,FLAG_TIPO_NATUREZA_JURIDICA,IDEN_NATUREZA_JURIDICA,FLAG_SITUACAO,TIPO_OPERACAO,IDEN_AUDITORIA,SIGLA_UNIDADE_ORCAMENTARIA) values ('56','3507415000144','ESTADO DE MATO GROSSOS','MT','ATIVO','PODER_EXECUTIVO','NAO','13',null,null,null,to_date('10/11/18','DD/MM/RR'),to_date('13/11/18','DD/MM/RR'),'ADMINISTRACAO_PUBLICA','26','ATIVO','1','884',null);
Insert into FIPLAN_GMA_DES.DHWTB008_UND_ADM_AUD (IDEN_UNIDADE_ADMINISTRATIVA,NUMR_CNPJ,NOME_EMPRESARIAL,SIGLA,FLAG_SITUACAO_CADASTRAL_CNPJ,FLAG_TIPO_PODER,FLAG_UND_ORCAMEN_CADAST_FIPLAN,IDEN_TIPO_ADMINISTRACAO,CODG_UNIDADE_ORCAMENTARIA,DESC_UNIDADE_ORCAMENTARIA,NUMR_EXER_UND_ORCAMENTARIA,DATA_ABERTURA,DATA_TERMINO,FLAG_TIPO_NATUREZA_JURIDICA,IDEN_NATUREZA_JURIDICA,FLAG_SITUACAO,TIPO_OPERACAO,IDEN_AUDITORIA,SIGLA_UNIDADE_ORCAMENTARIA) values ('56','3507415000144','ESTADO DE MATO GROSSO','MT','ATIVO','PODER_EXECUTIVO','NAO','13',null,null,null,to_date('10/11/18','DD/MM/RR'),to_date('13/11/18','DD/MM/RR'),'ADMINISTRACAO_PUBLICA','26','ATIVO','1','885',null);
Insert into FIPLAN_GMA_DES.DHWTB008_UND_ADM_AUD (IDEN_UNIDADE_ADMINISTRATIVA,NUMR_CNPJ,NOME_EMPRESARIAL,SIGLA,FLAG_SITUACAO_CADASTRAL_CNPJ,FLAG_TIPO_PODER,FLAG_UND_ORCAMEN_CADAST_FIPLAN,IDEN_TIPO_ADMINISTRACAO,CODG_UNIDADE_ORCAMENTARIA,DESC_UNIDADE_ORCAMENTARIA,NUMR_EXER_UND_ORCAMENTARIA,DATA_ABERTURA,DATA_TERMINO,FLAG_TIPO_NATUREZA_JURIDICA,IDEN_NATUREZA_JURIDICA,FLAG_SITUACAO,TIPO_OPERACAO,IDEN_AUDITORIA,SIGLA_UNIDADE_ORCAMENTARIA) values ('146','3507415003089','PERICIA OFICIAL E IDENTIFICA«√O T…CNICA ','POLITEC','ATIVO','PODER_EXECUTIVO','NAO','13',null,null,null,to_date('29/04/10','DD/MM/RR'),null,'ADMINISTRACAO_PUBLICA','26','ATIVO','1','886',null);
Insert into FIPLAN_GMA_DES.DHWTB008_UND_ADM_AUD (IDEN_UNIDADE_ADMINISTRATIVA,NUMR_CNPJ,NOME_EMPRESARIAL,SIGLA,FLAG_SITUACAO_CADASTRAL_CNPJ,FLAG_TIPO_PODER,FLAG_UND_ORCAMEN_CADAST_FIPLAN,IDEN_TIPO_ADMINISTRACAO,CODG_UNIDADE_ORCAMENTARIA,DESC_UNIDADE_ORCAMENTARIA,NUMR_EXER_UND_ORCAMENTARIA,DATA_ABERTURA,DATA_TERMINO,FLAG_TIPO_NATUREZA_JURIDICA,IDEN_NATUREZA_JURIDICA,FLAG_SITUACAO,TIPO_OPERACAO,IDEN_AUDITORIA,SIGLA_UNIDADE_ORCAMENTARIA) values ('146','3507415003089','PERICIA OFICIAL E IDENTIFICA«√O T…CNICA ','POLITEC','ATIVO','PODER_EXECUTIVO','NAO','13',null,null,null,to_date('29/04/10','DD/MM/RR'),null,'ADMINISTRACAO_PUBLICA','26','ATIVO','1','887',null);
Insert into FIPLAN_GMA_DES.DHWTB008_UND_ADM_AUD (IDEN_UNIDADE_ADMINISTRATIVA,NUMR_CNPJ,NOME_EMPRESARIAL,SIGLA,FLAG_SITUACAO_CADASTRAL_CNPJ,FLAG_TIPO_PODER,FLAG_UND_ORCAMEN_CADAST_FIPLAN,IDEN_TIPO_ADMINISTRACAO,CODG_UNIDADE_ORCAMENTARIA,DESC_UNIDADE_ORCAMENTARIA,NUMR_EXER_UND_ORCAMENTARIA,DATA_ABERTURA,DATA_TERMINO,FLAG_TIPO_NATUREZA_JURIDICA,IDEN_NATUREZA_JURIDICA,FLAG_SITUACAO,TIPO_OPERACAO,IDEN_AUDITORIA,SIGLA_UNIDADE_ORCAMENTARIA) values ('141','3507415001035','CASA MILITAR DO ESTADO DE MATO GROSSO  ','CM','ATIVO','PODER_EXECUTIVO','SIM','13','5101','CASA MILITAR','2018',to_date('12/05/92','DD/MM/RR'),null,'ADMINISTRACAO_PUBLICA','26','ATIVO','1','935','CASA MILITAR');
Insert into FIPLAN_GMA_DES.DHWTB008_UND_ADM_AUD (IDEN_UNIDADE_ADMINISTRATIVA,NUMR_CNPJ,NOME_EMPRESARIAL,SIGLA,FLAG_SITUACAO_CADASTRAL_CNPJ,FLAG_TIPO_PODER,FLAG_UND_ORCAMEN_CADAST_FIPLAN,IDEN_TIPO_ADMINISTRACAO,CODG_UNIDADE_ORCAMENTARIA,DESC_UNIDADE_ORCAMENTARIA,NUMR_EXER_UND_ORCAMENTARIA,DATA_ABERTURA,DATA_TERMINO,FLAG_TIPO_NATUREZA_JURIDICA,IDEN_NATUREZA_JURIDICA,FLAG_SITUACAO,TIPO_OPERACAO,IDEN_AUDITORIA,SIGLA_UNIDADE_ORCAMENTARIA) values ('55','12345678945646','EMPRESA 1','EMP1','ATIVO','PODER_EXECUTIVO','NAO','13',null,null,null,to_date('01/11/18','DD/MM/RR'),to_date('13/11/18','DD/MM/RR'),'ADMINISTRACAO_PUBLICA','14','ATIVO','0','747',null);
Insert into FIPLAN_GMA_DES.DHWTB008_UND_ADM_AUD (IDEN_UNIDADE_ADMINISTRATIVA,NUMR_CNPJ,NOME_EMPRESARIAL,SIGLA,FLAG_SITUACAO_CADASTRAL_CNPJ,FLAG_TIPO_PODER,FLAG_UND_ORCAMEN_CADAST_FIPLAN,IDEN_TIPO_ADMINISTRACAO,CODG_UNIDADE_ORCAMENTARIA,DESC_UNIDADE_ORCAMENTARIA,NUMR_EXER_UND_ORCAMENTARIA,DATA_ABERTURA,DATA_TERMINO,FLAG_TIPO_NATUREZA_JURIDICA,IDEN_NATUREZA_JURIDICA,FLAG_SITUACAO,TIPO_OPERACAO,IDEN_AUDITORIA,SIGLA_UNIDADE_ORCAMENTARIA) values ('55','12345678945646','EMPRESA 1','EMP1','ATIVO','PODER_EXECUTIVO','NAO','13',null,null,null,to_date('01/11/18','DD/MM/RR'),to_date('13/11/18','DD/MM/RR'),'ADMINISTRACAO_PUBLICA','14','ATIVO','1','811',null);
Insert into FIPLAN_GMA_DES.DHWTB008_UND_ADM_AUD (IDEN_UNIDADE_ADMINISTRATIVA,NUMR_CNPJ,NOME_EMPRESARIAL,SIGLA,FLAG_SITUACAO_CADASTRAL_CNPJ,FLAG_TIPO_PODER,FLAG_UND_ORCAMEN_CADAST_FIPLAN,IDEN_TIPO_ADMINISTRACAO,CODG_UNIDADE_ORCAMENTARIA,DESC_UNIDADE_ORCAMENTARIA,NUMR_EXER_UND_ORCAMENTARIA,DATA_ABERTURA,DATA_TERMINO,FLAG_TIPO_NATUREZA_JURIDICA,IDEN_NATUREZA_JURIDICA,FLAG_SITUACAO,TIPO_OPERACAO,IDEN_AUDITORIA,SIGLA_UNIDADE_ORCAMENTARIA) values ('57','12312312312312','EMPRESA 1','EMP1','ATIVO','PODER_EXECUTIVO','NAO','14',null,null,null,to_date('01/11/18','DD/MM/RR'),null,'ADMINISTRACAO_PUBLICA','13','ATIVO','1','834',null);
Insert into FIPLAN_GMA_DES.DHWTB008_UND_ADM_AUD (IDEN_UNIDADE_ADMINISTRATIVA,NUMR_CNPJ,NOME_EMPRESARIAL,SIGLA,FLAG_SITUACAO_CADASTRAL_CNPJ,FLAG_TIPO_PODER,FLAG_UND_ORCAMEN_CADAST_FIPLAN,IDEN_TIPO_ADMINISTRACAO,CODG_UNIDADE_ORCAMENTARIA,DESC_UNIDADE_ORCAMENTARIA,NUMR_EXER_UND_ORCAMENTARIA,DATA_ABERTURA,DATA_TERMINO,FLAG_TIPO_NATUREZA_JURIDICA,IDEN_NATUREZA_JURIDICA,FLAG_SITUACAO,TIPO_OPERACAO,IDEN_AUDITORIA,SIGLA_UNIDADE_ORCAMENTARIA) values ('60','3507415000730','CASA CIVIL DO ESTADO DE MATO GROSSO                                                                                                                                 ','CC','ATIVO','PODER_EXECUTIVO','SIM','13','4101','CASA CIVIL ','2018',to_date('12/05/92','DD/MM/RR'),null,'ADMINISTRACAO_PUBLICA','26','ATIVO','0','842','CASA CIVIL');
Insert into FIPLAN_GMA_DES.DHWTB008_UND_ADM_AUD (IDEN_UNIDADE_ADMINISTRATIVA,NUMR_CNPJ,NOME_EMPRESARIAL,SIGLA,FLAG_SITUACAO_CADASTRAL_CNPJ,FLAG_TIPO_PODER,FLAG_UND_ORCAMEN_CADAST_FIPLAN,IDEN_TIPO_ADMINISTRACAO,CODG_UNIDADE_ORCAMENTARIA,DESC_UNIDADE_ORCAMENTARIA,NUMR_EXER_UND_ORCAMENTARIA,DATA_ABERTURA,DATA_TERMINO,FLAG_TIPO_NATUREZA_JURIDICA,IDEN_NATUREZA_JURIDICA,FLAG_SITUACAO,TIPO_OPERACAO,IDEN_AUDITORIA,SIGLA_UNIDADE_ORCAMENTARIA) values ('56','3507415000144','ESTADO DE MATO GROSSO','MT','ATIVO','PODER_EXECUTIVO','NAO','13',null,null,null,to_date('10/11/18','DD/MM/RR'),to_date('13/11/18','DD/MM/RR'),'ADMINISTRACAO_PUBLICA','26','ATIVO','1','843',null);
Insert into FIPLAN_GMA_DES.DHWTB008_UND_ADM_AUD (IDEN_UNIDADE_ADMINISTRATIVA,NUMR_CNPJ,NOME_EMPRESARIAL,SIGLA,FLAG_SITUACAO_CADASTRAL_CNPJ,FLAG_TIPO_PODER,FLAG_UND_ORCAMEN_CADAST_FIPLAN,IDEN_TIPO_ADMINISTRACAO,CODG_UNIDADE_ORCAMENTARIA,DESC_UNIDADE_ORCAMENTARIA,NUMR_EXER_UND_ORCAMENTARIA,DATA_ABERTURA,DATA_TERMINO,FLAG_TIPO_NATUREZA_JURIDICA,IDEN_NATUREZA_JURIDICA,FLAG_SITUACAO,TIPO_OPERACAO,IDEN_AUDITORIA,SIGLA_UNIDADE_ORCAMENTARIA) values ('56','3507415000144','ESTADO DE MATO GROSSO','MT','ATIVO','PODER_EXECUTIVO','NAO','13',null,null,null,to_date('10/11/18','DD/MM/RR'),to_date('13/11/18','DD/MM/RR'),'ADMINISTRACAO_PUBLICA','26','ATIVO','1','844',null);
Insert into FIPLAN_GMA_DES.DHWTB008_UND_ADM_AUD (IDEN_UNIDADE_ADMINISTRATIVA,NUMR_CNPJ,NOME_EMPRESARIAL,SIGLA,FLAG_SITUACAO_CADASTRAL_CNPJ,FLAG_TIPO_PODER,FLAG_UND_ORCAMEN_CADAST_FIPLAN,IDEN_TIPO_ADMINISTRACAO,CODG_UNIDADE_ORCAMENTARIA,DESC_UNIDADE_ORCAMENTARIA,NUMR_EXER_UND_ORCAMENTARIA,DATA_ABERTURA,DATA_TERMINO,FLAG_TIPO_NATUREZA_JURIDICA,IDEN_NATUREZA_JURIDICA,FLAG_SITUACAO,TIPO_OPERACAO,IDEN_AUDITORIA,SIGLA_UNIDADE_ORCAMENTARIA) values ('56','3507415000144','ESTADO DE MATO GROSSO','MT','ATIVO','PODER_EXECUTIVO','NAO','13',null,null,null,to_date('10/11/18','DD/MM/RR'),to_date('13/11/18','DD/MM/RR'),'ADMINISTRACAO_PUBLICA','26','ATIVO','1','845',null);
Insert into FIPLAN_GMA_DES.DHWTB008_UND_ADM_AUD (IDEN_UNIDADE_ADMINISTRATIVA,NUMR_CNPJ,NOME_EMPRESARIAL,SIGLA,FLAG_SITUACAO_CADASTRAL_CNPJ,FLAG_TIPO_PODER,FLAG_UND_ORCAMEN_CADAST_FIPLAN,IDEN_TIPO_ADMINISTRACAO,CODG_UNIDADE_ORCAMENTARIA,DESC_UNIDADE_ORCAMENTARIA,NUMR_EXER_UND_ORCAMENTARIA,DATA_ABERTURA,DATA_TERMINO,FLAG_TIPO_NATUREZA_JURIDICA,IDEN_NATUREZA_JURIDICA,FLAG_SITUACAO,TIPO_OPERACAO,IDEN_AUDITORIA,SIGLA_UNIDADE_ORCAMENTARIA) values ('56','3507415000144','ESTADO DE MATO GROSSO','MT','ATIVO','PODER_EXECUTIVO','NAO','13',null,null,null,to_date('10/11/18','DD/MM/RR'),to_date('13/11/18','DD/MM/RR'),'ADMINISTRACAO_PUBLICA','26','ATIVO','1','846',null);
Insert into FIPLAN_GMA_DES.DHWTB008_UND_ADM_AUD (IDEN_UNIDADE_ADMINISTRATIVA,NUMR_CNPJ,NOME_EMPRESARIAL,SIGLA,FLAG_SITUACAO_CADASTRAL_CNPJ,FLAG_TIPO_PODER,FLAG_UND_ORCAMEN_CADAST_FIPLAN,IDEN_TIPO_ADMINISTRACAO,CODG_UNIDADE_ORCAMENTARIA,DESC_UNIDADE_ORCAMENTARIA,NUMR_EXER_UND_ORCAMENTARIA,DATA_ABERTURA,DATA_TERMINO,FLAG_TIPO_NATUREZA_JURIDICA,IDEN_NATUREZA_JURIDICA,FLAG_SITUACAO,TIPO_OPERACAO,IDEN_AUDITORIA,SIGLA_UNIDADE_ORCAMENTARIA) values ('144','3929049000111','MATO GROSSO ASSEMBLEIA LEGISLATIVA','AL','ATIVO','PODER_LEGISLATIVO','SIM','16','1101','ASSEMBL…IA LEGISLATIVA DO ESTADO DE MATO GROSSO','2018',to_date('07/06/78','DD/MM/RR'),null,'ADMINISTRACAO_PUBLICA','9','ATIVO','0','867','AL/MT');
Insert into FIPLAN_GMA_DES.DHWTB008_UND_ADM_AUD (IDEN_UNIDADE_ADMINISTRATIVA,NUMR_CNPJ,NOME_EMPRESARIAL,SIGLA,FLAG_SITUACAO_CADASTRAL_CNPJ,FLAG_TIPO_PODER,FLAG_UND_ORCAMEN_CADAST_FIPLAN,IDEN_TIPO_ADMINISTRACAO,CODG_UNIDADE_ORCAMENTARIA,DESC_UNIDADE_ORCAMENTARIA,NUMR_EXER_UND_ORCAMENTARIA,DATA_ABERTURA,DATA_TERMINO,FLAG_TIPO_NATUREZA_JURIDICA,IDEN_NATUREZA_JURIDICA,FLAG_SITUACAO,TIPO_OPERACAO,IDEN_AUDITORIA,SIGLA_UNIDADE_ORCAMENTARIA) values ('145','65465132121321','DSAFDLKFL«','PM','ATIVO','PODER_EXECUTIVO','SIM','13','5101','CASA MILITAR','2018',to_date('12/05/92','DD/MM/RR'),null,'ADMINISTRACAO_PUBLICA','26','ATIVO','0','874','CASA MILITAR');
Insert into FIPLAN_GMA_DES.DHWTB008_UND_ADM_AUD (IDEN_UNIDADE_ADMINISTRATIVA,NUMR_CNPJ,NOME_EMPRESARIAL,SIGLA,FLAG_SITUACAO_CADASTRAL_CNPJ,FLAG_TIPO_PODER,FLAG_UND_ORCAMEN_CADAST_FIPLAN,IDEN_TIPO_ADMINISTRACAO,CODG_UNIDADE_ORCAMENTARIA,DESC_UNIDADE_ORCAMENTARIA,NUMR_EXER_UND_ORCAMENTARIA,DATA_ABERTURA,DATA_TERMINO,FLAG_TIPO_NATUREZA_JURIDICA,IDEN_NATUREZA_JURIDICA,FLAG_SITUACAO,TIPO_OPERACAO,IDEN_AUDITORIA,SIGLA_UNIDADE_ORCAMENTARIA) values ('145','65465132121321','DSAFDLKFL«','PM','ATIVO','PODER_EXECUTIVO','SIM','13','5101','CASA MILITAR','2018',to_date('12/05/92','DD/MM/RR'),null,'ADMINISTRACAO_PUBLICA','26','ATIVO','2','875','CASA MILITAR');
Insert into FIPLAN_GMA_DES.DHWTB008_UND_ADM_AUD (IDEN_UNIDADE_ADMINISTRATIVA,NUMR_CNPJ,NOME_EMPRESARIAL,SIGLA,FLAG_SITUACAO_CADASTRAL_CNPJ,FLAG_TIPO_PODER,FLAG_UND_ORCAMEN_CADAST_FIPLAN,IDEN_TIPO_ADMINISTRACAO,CODG_UNIDADE_ORCAMENTARIA,DESC_UNIDADE_ORCAMENTARIA,NUMR_EXER_UND_ORCAMENTARIA,DATA_ABERTURA,DATA_TERMINO,FLAG_TIPO_NATUREZA_JURIDICA,IDEN_NATUREZA_JURIDICA,FLAG_SITUACAO,TIPO_OPERACAO,IDEN_AUDITORIA,SIGLA_UNIDADE_ORCAMENTARIA) values ('56','3507415000144','ESTADO DE MATO GROSSO','MT','ATIVO','PODER_EXECUTIVO','NAO','13',null,null,null,to_date('10/11/18','DD/MM/RR'),to_date('13/11/18','DD/MM/RR'),'ADMINISTRACAO_PUBLICA','26','ATIVO','1','914',null);
Insert into FIPLAN_GMA_DES.DHWTB008_UND_ADM_AUD (IDEN_UNIDADE_ADMINISTRATIVA,NUMR_CNPJ,NOME_EMPRESARIAL,SIGLA,FLAG_SITUACAO_CADASTRAL_CNPJ,FLAG_TIPO_PODER,FLAG_UND_ORCAMEN_CADAST_FIPLAN,IDEN_TIPO_ADMINISTRACAO,CODG_UNIDADE_ORCAMENTARIA,DESC_UNIDADE_ORCAMENTARIA,NUMR_EXER_UND_ORCAMENTARIA,DATA_ABERTURA,DATA_TERMINO,FLAG_TIPO_NATUREZA_JURIDICA,IDEN_NATUREZA_JURIDICA,FLAG_SITUACAO,TIPO_OPERACAO,IDEN_AUDITORIA,SIGLA_UNIDADE_ORCAMENTARIA) values ('147','3507415001620','SECRETARIA DE ESTADO DAS CIDADES','SECID','ATIVO','PODER_EXECUTIVO','SIM','13','28101','SECRETARIA DE ESTADO DAS CIDADES','2018',to_date('20/12/10','DD/MM/RR'),null,'ADMINISTRACAO_PUBLICA','26','ATIVO','0','954','SECID');
Insert into FIPLAN_GMA_DES.DHWTB008_UND_ADM_AUD (IDEN_UNIDADE_ADMINISTRATIVA,NUMR_CNPJ,NOME_EMPRESARIAL,SIGLA,FLAG_SITUACAO_CADASTRAL_CNPJ,FLAG_TIPO_PODER,FLAG_UND_ORCAMEN_CADAST_FIPLAN,IDEN_TIPO_ADMINISTRACAO,CODG_UNIDADE_ORCAMENTARIA,DESC_UNIDADE_ORCAMENTARIA,NUMR_EXER_UND_ORCAMENTARIA,DATA_ABERTURA,DATA_TERMINO,FLAG_TIPO_NATUREZA_JURIDICA,IDEN_NATUREZA_JURIDICA,FLAG_SITUACAO,TIPO_OPERACAO,IDEN_AUDITORIA,SIGLA_UNIDADE_ORCAMENTARIA) values ('54','3507415000578','SECRETARIA DE ESTADO DE FAZENDA','SEFAZ','ATIVO','PODER_EXECUTIVO','SIM','13','16101','SECRETARIA DE ESTADO DE FAZENDA','2018',to_date('12/05/92','DD/MM/RR'),to_date('25/12/00','DD/MM/RR'),'ADMINISTRACAO_PUBLICA','26','ATIVO','0','673','SEFAZ');
Insert into FIPLAN_GMA_DES.DHWTB008_UND_ADM_AUD (IDEN_UNIDADE_ADMINISTRATIVA,NUMR_CNPJ,NOME_EMPRESARIAL,SIGLA,FLAG_SITUACAO_CADASTRAL_CNPJ,FLAG_TIPO_PODER,FLAG_UND_ORCAMEN_CADAST_FIPLAN,IDEN_TIPO_ADMINISTRACAO,CODG_UNIDADE_ORCAMENTARIA,DESC_UNIDADE_ORCAMENTARIA,NUMR_EXER_UND_ORCAMENTARIA,DATA_ABERTURA,DATA_TERMINO,FLAG_TIPO_NATUREZA_JURIDICA,IDEN_NATUREZA_JURIDICA,FLAG_SITUACAO,TIPO_OPERACAO,IDEN_AUDITORIA,SIGLA_UNIDADE_ORCAMENTARIA) values ('54','3507415000578','SECRETARIA DE ESTADO DE FAZENDA','SEFAZ','ATIVO','PODER_EXECUTIVO','SIM','13','16101','SECRETARIA DE ESTADO DE FAZENDA','2018',to_date('12/05/92','DD/MM/RR'),to_date('25/12/00','DD/MM/RR'),'ADMINISTRACAO_PUBLICA','26','ATIVO','1','680','SEFAZ');
Insert into FIPLAN_GMA_DES.DHWTB008_UND_ADM_AUD (IDEN_UNIDADE_ADMINISTRATIVA,NUMR_CNPJ,NOME_EMPRESARIAL,SIGLA,FLAG_SITUACAO_CADASTRAL_CNPJ,FLAG_TIPO_PODER,FLAG_UND_ORCAMEN_CADAST_FIPLAN,IDEN_TIPO_ADMINISTRACAO,CODG_UNIDADE_ORCAMENTARIA,DESC_UNIDADE_ORCAMENTARIA,NUMR_EXER_UND_ORCAMENTARIA,DATA_ABERTURA,DATA_TERMINO,FLAG_TIPO_NATUREZA_JURIDICA,IDEN_NATUREZA_JURIDICA,FLAG_SITUACAO,TIPO_OPERACAO,IDEN_AUDITORIA,SIGLA_UNIDADE_ORCAMENTARIA) values ('54','3507415000578','SECRETARIA DE ESTADO DE FAZENDA','SEFAZ','ATIVO','PODER_EXECUTIVO','SIM','13','16101','SECRETARIA DE ESTADO DE FAZENDA','2018',to_date('12/05/92','DD/MM/RR'),to_date('25/12/00','DD/MM/RR'),'ADMINISTRACAO_PUBLICA','26','ATIVO','1','682','SEFAZ');
Insert into FIPLAN_GMA_DES.DHWTB008_UND_ADM_AUD (IDEN_UNIDADE_ADMINISTRATIVA,NUMR_CNPJ,NOME_EMPRESARIAL,SIGLA,FLAG_SITUACAO_CADASTRAL_CNPJ,FLAG_TIPO_PODER,FLAG_UND_ORCAMEN_CADAST_FIPLAN,IDEN_TIPO_ADMINISTRACAO,CODG_UNIDADE_ORCAMENTARIA,DESC_UNIDADE_ORCAMENTARIA,NUMR_EXER_UND_ORCAMENTARIA,DATA_ABERTURA,DATA_TERMINO,FLAG_TIPO_NATUREZA_JURIDICA,IDEN_NATUREZA_JURIDICA,FLAG_SITUACAO,TIPO_OPERACAO,IDEN_AUDITORIA,SIGLA_UNIDADE_ORCAMENTARIA) values ('141','3507415001035','CASA MILITAR DO ESTADO DE MATO GROSSO  ','CM','ATIVO','PODER_EXECUTIVO','SIM','13','5101','CASA MILITAR','2018',to_date('12/05/92','DD/MM/RR'),null,'ADMINISTRACAO_PUBLICA','26','ATIVO','0','859','CASA MILITAR');
Insert into FIPLAN_GMA_DES.DHWTB008_UND_ADM_AUD (IDEN_UNIDADE_ADMINISTRATIVA,NUMR_CNPJ,NOME_EMPRESARIAL,SIGLA,FLAG_SITUACAO_CADASTRAL_CNPJ,FLAG_TIPO_PODER,FLAG_UND_ORCAMEN_CADAST_FIPLAN,IDEN_TIPO_ADMINISTRACAO,CODG_UNIDADE_ORCAMENTARIA,DESC_UNIDADE_ORCAMENTARIA,NUMR_EXER_UND_ORCAMENTARIA,DATA_ABERTURA,DATA_TERMINO,FLAG_TIPO_NATUREZA_JURIDICA,IDEN_NATUREZA_JURIDICA,FLAG_SITUACAO,TIPO_OPERACAO,IDEN_AUDITORIA,SIGLA_UNIDADE_ORCAMENTARIA) values ('141','3507415001035','CASA MILITAR DO ESTADO DE MATO GROSSO  ','CM','ATIVO','PODER_EXECUTIVO','SIM','13','5101','CASA MILITAR','2018',to_date('12/05/92','DD/MM/RR'),null,'ADMINISTRACAO_PUBLICA','26','ATIVO','1','864','CASA MILITAR');
Insert into FIPLAN_GMA_DES.DHWTB008_UND_ADM_AUD (IDEN_UNIDADE_ADMINISTRATIVA,NUMR_CNPJ,NOME_EMPRESARIAL,SIGLA,FLAG_SITUACAO_CADASTRAL_CNPJ,FLAG_TIPO_PODER,FLAG_UND_ORCAMEN_CADAST_FIPLAN,IDEN_TIPO_ADMINISTRACAO,CODG_UNIDADE_ORCAMENTARIA,DESC_UNIDADE_ORCAMENTARIA,NUMR_EXER_UND_ORCAMENTARIA,DATA_ABERTURA,DATA_TERMINO,FLAG_TIPO_NATUREZA_JURIDICA,IDEN_NATUREZA_JURIDICA,FLAG_SITUACAO,TIPO_OPERACAO,IDEN_AUDITORIA,SIGLA_UNIDADE_ORCAMENTARIA) values ('142','3507415000306','PROCURADORIA GERAL DO ESTADO','PGE','ATIVO','PODER_EXECUTIVO','SIM','13','9101','PROCURADORIA GERAL DO ESTADO','2018',to_date('07/02/92','DD/MM/RR'),null,'ADMINISTRACAO_PUBLICA','26','ATIVO','0','865','PGE/MT');
Insert into FIPLAN_GMA_DES.DHWTB008_UND_ADM_AUD (IDEN_UNIDADE_ADMINISTRATIVA,NUMR_CNPJ,NOME_EMPRESARIAL,SIGLA,FLAG_SITUACAO_CADASTRAL_CNPJ,FLAG_TIPO_PODER,FLAG_UND_ORCAMEN_CADAST_FIPLAN,IDEN_TIPO_ADMINISTRACAO,CODG_UNIDADE_ORCAMENTARIA,DESC_UNIDADE_ORCAMENTARIA,NUMR_EXER_UND_ORCAMENTARIA,DATA_ABERTURA,DATA_TERMINO,FLAG_TIPO_NATUREZA_JURIDICA,IDEN_NATUREZA_JURIDICA,FLAG_SITUACAO,TIPO_OPERACAO,IDEN_AUDITORIA,SIGLA_UNIDADE_ORCAMENTARIA) values ('143','3507415000497','SECRETARIA DE ESTADO DE GEST√O','SEGES','ATIVO','PODER_EXECUTIVO','SIM','13','11101','SECRETARIA DE ESTADO DE GEST√O','2018',to_date('12/05/92','DD/MM/RR'),null,'ADMINISTRACAO_PUBLICA','26','ATIVO','0','866','SEGES/MT');
Insert into FIPLAN_GMA_DES.DHWTB008_UND_ADM_AUD (IDEN_UNIDADE_ADMINISTRATIVA,NUMR_CNPJ,NOME_EMPRESARIAL,SIGLA,FLAG_SITUACAO_CADASTRAL_CNPJ,FLAG_TIPO_PODER,FLAG_UND_ORCAMEN_CADAST_FIPLAN,IDEN_TIPO_ADMINISTRACAO,CODG_UNIDADE_ORCAMENTARIA,DESC_UNIDADE_ORCAMENTARIA,NUMR_EXER_UND_ORCAMENTARIA,DATA_ABERTURA,DATA_TERMINO,FLAG_TIPO_NATUREZA_JURIDICA,IDEN_NATUREZA_JURIDICA,FLAG_SITUACAO,TIPO_OPERACAO,IDEN_AUDITORIA,SIGLA_UNIDADE_ORCAMENTARIA) values ('140','45646545646546','EMPRESA 2','EMP2','ATIVO','PODER_EXECUTIVO','NAO','13',null,null,null,to_date('01/11/18','DD/MM/RR'),null,'ADMINISTRACAO_PUBLICA','14','ATIVO','1','863',null);
REM INSERTING into FIPLAN_GMA_DES.DHWTB008_UND_ADMINISTRATIVA
SET DEFINE OFF;
Insert into FIPLAN_GMA_DES.DHWTB008_UND_ADMINISTRATIVA (IDEN_UNIDADE_ADMINISTRATIVA,NUMR_CNPJ,NOME_EMPRESARIAL,SIGLA,FLAG_SITUACAO_CADASTRAL_CNPJ,FLAG_TIPO_PODER,FLAG_UND_ORCAMEN_CADAST_FIPLAN,IDEN_TIPO_ADMINISTRACAO,CODG_UNIDADE_ORCAMENTARIA,DESC_UNIDADE_ORCAMENTARIA,NUMR_EXER_UND_ORCAMENTARIA,DATA_ABERTURA,DATA_TERMINO,FLAG_TIPO_NATUREZA_JURIDICA,IDEN_NATUREZA_JURIDICA,FLAG_SITUACAO,DATA_CRIACAO,DATA_ATUALIZACAO,SIGLA_UNIDADE_ORCAMENTARIA) values ('148','3507415002350','SECRETARIA DE ESTADO DO MEIO AMBIENTE','SEMA','ATIVO','PODER_EXECUTIVO','SIM','13','27101','SECRETARIA DE ESTADO DO MEIO AMBIENTE ','2018',to_date('29/04/10','DD/MM/RR'),null,'ADMINISTRACAO_PUBLICA','26','ATIVO',to_date('28/11/18','DD/MM/RR'),null,'SEMA');
Insert into FIPLAN_GMA_DES.DHWTB008_UND_ADMINISTRATIVA (IDEN_UNIDADE_ADMINISTRATIVA,NUMR_CNPJ,NOME_EMPRESARIAL,SIGLA,FLAG_SITUACAO_CADASTRAL_CNPJ,FLAG_TIPO_PODER,FLAG_UND_ORCAMEN_CADAST_FIPLAN,IDEN_TIPO_ADMINISTRACAO,CODG_UNIDADE_ORCAMENTARIA,DESC_UNIDADE_ORCAMENTARIA,NUMR_EXER_UND_ORCAMENTARIA,DATA_ABERTURA,DATA_TERMINO,FLAG_TIPO_NATUREZA_JURIDICA,IDEN_NATUREZA_JURIDICA,FLAG_SITUACAO,DATA_CRIACAO,DATA_ATUALIZACAO,SIGLA_UNIDADE_ORCAMENTARIA) values ('56','3507415000144','ESTADO DE MATO GROSSO','MT','ATIVO','PODER_EXECUTIVO','NAO','13',null,null,null,to_date('10/11/18','DD/MM/RR'),to_date('13/11/18','DD/MM/RR'),'ADMINISTRACAO_PUBLICA','26','ATIVO',to_date('14/11/18','DD/MM/RR'),to_date('23/11/18','DD/MM/RR'),null);
Insert into FIPLAN_GMA_DES.DHWTB008_UND_ADMINISTRATIVA (IDEN_UNIDADE_ADMINISTRATIVA,NUMR_CNPJ,NOME_EMPRESARIAL,SIGLA,FLAG_SITUACAO_CADASTRAL_CNPJ,FLAG_TIPO_PODER,FLAG_UND_ORCAMEN_CADAST_FIPLAN,IDEN_TIPO_ADMINISTRACAO,CODG_UNIDADE_ORCAMENTARIA,DESC_UNIDADE_ORCAMENTARIA,NUMR_EXER_UND_ORCAMENTARIA,DATA_ABERTURA,DATA_TERMINO,FLAG_TIPO_NATUREZA_JURIDICA,IDEN_NATUREZA_JURIDICA,FLAG_SITUACAO,DATA_CRIACAO,DATA_ATUALIZACAO,SIGLA_UNIDADE_ORCAMENTARIA) values ('57','12312312312312','EMPRESA 1','EMP1','ATIVO','PODER_EXECUTIVO','NAO','14',null,null,null,to_date('01/11/18','DD/MM/RR'),null,'ADMINISTRACAO_PUBLICA','13','ATIVO',to_date('14/11/18','DD/MM/RR'),null,null);
Insert into FIPLAN_GMA_DES.DHWTB008_UND_ADMINISTRATIVA (IDEN_UNIDADE_ADMINISTRATIVA,NUMR_CNPJ,NOME_EMPRESARIAL,SIGLA,FLAG_SITUACAO_CADASTRAL_CNPJ,FLAG_TIPO_PODER,FLAG_UND_ORCAMEN_CADAST_FIPLAN,IDEN_TIPO_ADMINISTRACAO,CODG_UNIDADE_ORCAMENTARIA,DESC_UNIDADE_ORCAMENTARIA,NUMR_EXER_UND_ORCAMENTARIA,DATA_ABERTURA,DATA_TERMINO,FLAG_TIPO_NATUREZA_JURIDICA,IDEN_NATUREZA_JURIDICA,FLAG_SITUACAO,DATA_CRIACAO,DATA_ATUALIZACAO,SIGLA_UNIDADE_ORCAMENTARIA) values ('146','3507415003089','PERICIA OFICIAL E IDENTIFICA«√O T…CNICA ','POLITEC','ATIVO','PODER_EXECUTIVO','NAO','13',null,null,null,to_date('29/04/10','DD/MM/RR'),null,'ADMINISTRACAO_PUBLICA','26','ATIVO',to_date('23/11/18','DD/MM/RR'),null,null);
Insert into FIPLAN_GMA_DES.DHWTB008_UND_ADMINISTRATIVA (IDEN_UNIDADE_ADMINISTRATIVA,NUMR_CNPJ,NOME_EMPRESARIAL,SIGLA,FLAG_SITUACAO_CADASTRAL_CNPJ,FLAG_TIPO_PODER,FLAG_UND_ORCAMEN_CADAST_FIPLAN,IDEN_TIPO_ADMINISTRACAO,CODG_UNIDADE_ORCAMENTARIA,DESC_UNIDADE_ORCAMENTARIA,NUMR_EXER_UND_ORCAMENTARIA,DATA_ABERTURA,DATA_TERMINO,FLAG_TIPO_NATUREZA_JURIDICA,IDEN_NATUREZA_JURIDICA,FLAG_SITUACAO,DATA_CRIACAO,DATA_ATUALIZACAO,SIGLA_UNIDADE_ORCAMENTARIA) values ('60','3507415000730','CASA CIVIL DO ESTADO DE MATO GROSSO                                                                                                                                 ','CC','ATIVO','PODER_EXECUTIVO','SIM','13','4101','CASA CIVIL ','2018',to_date('12/05/92','DD/MM/RR'),null,'ADMINISTRACAO_PUBLICA','26','ATIVO',to_date('21/11/18','DD/MM/RR'),null,'CASA CIVIL');
Insert into FIPLAN_GMA_DES.DHWTB008_UND_ADMINISTRATIVA (IDEN_UNIDADE_ADMINISTRATIVA,NUMR_CNPJ,NOME_EMPRESARIAL,SIGLA,FLAG_SITUACAO_CADASTRAL_CNPJ,FLAG_TIPO_PODER,FLAG_UND_ORCAMEN_CADAST_FIPLAN,IDEN_TIPO_ADMINISTRACAO,CODG_UNIDADE_ORCAMENTARIA,DESC_UNIDADE_ORCAMENTARIA,NUMR_EXER_UND_ORCAMENTARIA,DATA_ABERTURA,DATA_TERMINO,FLAG_TIPO_NATUREZA_JURIDICA,IDEN_NATUREZA_JURIDICA,FLAG_SITUACAO,DATA_CRIACAO,DATA_ATUALIZACAO,SIGLA_UNIDADE_ORCAMENTARIA) values ('144','3929049000111','MATO GROSSO ASSEMBLEIA LEGISLATIVA','AL','ATIVO','PODER_LEGISLATIVO','SIM','16','1101','ASSEMBL…IA LEGISLATIVA DO ESTADO DE MATO GROSSO','2018',to_date('07/06/78','DD/MM/RR'),null,'ADMINISTRACAO_PUBLICA','9','ATIVO',to_date('22/11/18','DD/MM/RR'),null,'AL/MT');
Insert into FIPLAN_GMA_DES.DHWTB008_UND_ADMINISTRATIVA (IDEN_UNIDADE_ADMINISTRATIVA,NUMR_CNPJ,NOME_EMPRESARIAL,SIGLA,FLAG_SITUACAO_CADASTRAL_CNPJ,FLAG_TIPO_PODER,FLAG_UND_ORCAMEN_CADAST_FIPLAN,IDEN_TIPO_ADMINISTRACAO,CODG_UNIDADE_ORCAMENTARIA,DESC_UNIDADE_ORCAMENTARIA,NUMR_EXER_UND_ORCAMENTARIA,DATA_ABERTURA,DATA_TERMINO,FLAG_TIPO_NATUREZA_JURIDICA,IDEN_NATUREZA_JURIDICA,FLAG_SITUACAO,DATA_CRIACAO,DATA_ATUALIZACAO,SIGLA_UNIDADE_ORCAMENTARIA) values ('147','3507415001620','SECRETARIA DE ESTADO DAS CIDADES','SECID','ATIVO','PODER_EXECUTIVO','SIM','13','28101','SECRETARIA DE ESTADO DAS CIDADES','2018',to_date('20/12/10','DD/MM/RR'),null,'ADMINISTRACAO_PUBLICA','26','ATIVO',to_date('28/11/18','DD/MM/RR'),null,'SECID');
Insert into FIPLAN_GMA_DES.DHWTB008_UND_ADMINISTRATIVA (IDEN_UNIDADE_ADMINISTRATIVA,NUMR_CNPJ,NOME_EMPRESARIAL,SIGLA,FLAG_SITUACAO_CADASTRAL_CNPJ,FLAG_TIPO_PODER,FLAG_UND_ORCAMEN_CADAST_FIPLAN,IDEN_TIPO_ADMINISTRACAO,CODG_UNIDADE_ORCAMENTARIA,DESC_UNIDADE_ORCAMENTARIA,NUMR_EXER_UND_ORCAMENTARIA,DATA_ABERTURA,DATA_TERMINO,FLAG_TIPO_NATUREZA_JURIDICA,IDEN_NATUREZA_JURIDICA,FLAG_SITUACAO,DATA_CRIACAO,DATA_ATUALIZACAO,SIGLA_UNIDADE_ORCAMENTARIA) values ('141','3507415001035','CASA MILITAR DO ESTADO DE MATO GROSSO  ','CM','ATIVO','PODER_EXECUTIVO','SIM','13','5101','CASA MILITAR','2018',to_date('12/05/92','DD/MM/RR'),null,'ADMINISTRACAO_PUBLICA','26','ATIVO',to_date('22/11/18','DD/MM/RR'),null,'CASA MILITAR');
Insert into FIPLAN_GMA_DES.DHWTB008_UND_ADMINISTRATIVA (IDEN_UNIDADE_ADMINISTRATIVA,NUMR_CNPJ,NOME_EMPRESARIAL,SIGLA,FLAG_SITUACAO_CADASTRAL_CNPJ,FLAG_TIPO_PODER,FLAG_UND_ORCAMEN_CADAST_FIPLAN,IDEN_TIPO_ADMINISTRACAO,CODG_UNIDADE_ORCAMENTARIA,DESC_UNIDADE_ORCAMENTARIA,NUMR_EXER_UND_ORCAMENTARIA,DATA_ABERTURA,DATA_TERMINO,FLAG_TIPO_NATUREZA_JURIDICA,IDEN_NATUREZA_JURIDICA,FLAG_SITUACAO,DATA_CRIACAO,DATA_ATUALIZACAO,SIGLA_UNIDADE_ORCAMENTARIA) values ('142','3507415000306','PROCURADORIA GERAL DO ESTADO','PGE','ATIVO','PODER_EXECUTIVO','SIM','13','9101','PROCURADORIA GERAL DO ESTADO','2018',to_date('07/02/92','DD/MM/RR'),null,'ADMINISTRACAO_PUBLICA','26','ATIVO',to_date('22/11/18','DD/MM/RR'),null,'PGE/MT');
Insert into FIPLAN_GMA_DES.DHWTB008_UND_ADMINISTRATIVA (IDEN_UNIDADE_ADMINISTRATIVA,NUMR_CNPJ,NOME_EMPRESARIAL,SIGLA,FLAG_SITUACAO_CADASTRAL_CNPJ,FLAG_TIPO_PODER,FLAG_UND_ORCAMEN_CADAST_FIPLAN,IDEN_TIPO_ADMINISTRACAO,CODG_UNIDADE_ORCAMENTARIA,DESC_UNIDADE_ORCAMENTARIA,NUMR_EXER_UND_ORCAMENTARIA,DATA_ABERTURA,DATA_TERMINO,FLAG_TIPO_NATUREZA_JURIDICA,IDEN_NATUREZA_JURIDICA,FLAG_SITUACAO,DATA_CRIACAO,DATA_ATUALIZACAO,SIGLA_UNIDADE_ORCAMENTARIA) values ('143','3507415000497','SECRETARIA DE ESTADO DE GEST√O','SEGES','ATIVO','PODER_EXECUTIVO','SIM','13','11101','SECRETARIA DE ESTADO DE GEST√O','2018',to_date('12/05/92','DD/MM/RR'),null,'ADMINISTRACAO_PUBLICA','26','ATIVO',to_date('22/11/18','DD/MM/RR'),null,'SEGES/MT');
Insert into FIPLAN_GMA_DES.DHWTB008_UND_ADMINISTRATIVA (IDEN_UNIDADE_ADMINISTRATIVA,NUMR_CNPJ,NOME_EMPRESARIAL,SIGLA,FLAG_SITUACAO_CADASTRAL_CNPJ,FLAG_TIPO_PODER,FLAG_UND_ORCAMEN_CADAST_FIPLAN,IDEN_TIPO_ADMINISTRACAO,CODG_UNIDADE_ORCAMENTARIA,DESC_UNIDADE_ORCAMENTARIA,NUMR_EXER_UND_ORCAMENTARIA,DATA_ABERTURA,DATA_TERMINO,FLAG_TIPO_NATUREZA_JURIDICA,IDEN_NATUREZA_JURIDICA,FLAG_SITUACAO,DATA_CRIACAO,DATA_ATUALIZACAO,SIGLA_UNIDADE_ORCAMENTARIA) values ('54','3507415000578','SECRETARIA DE ESTADO DE FAZENDA','SEFAZ','ATIVO','PODER_EXECUTIVO','SIM','13','16101','SECRETARIA DE ESTADO DE FAZENDA','2018',to_date('12/05/92','DD/MM/RR'),to_date('25/12/00','DD/MM/RR'),'ADMINISTRACAO_PUBLICA','26','ATIVO',to_date('12/11/18','DD/MM/RR'),null,'SEFAZ');
REM INSERTING into FIPLAN_GMA_DES.DHWTB009_CNAE_UND_ADMIN
SET DEFINE OFF;
Insert into FIPLAN_GMA_DES.DHWTB009_CNAE_UND_ADMIN (IDEN_CNAE_UND_ADMINSTRATIVA,NUMR_CNAE,DESC_ATIVIDADE,FLAG_TIPO_ATIVIDADE,FLAG_SITUACAO,DATA_CRIACAO,DATA_ATUALIZACAO,IDEN_UNIDADE_ADMINISTRATIVA,IDEN_CNAE) values ('156','9499500','ATIVIDADES ASSOCIATIVAS N√O ESPECIFICADAS ANTERIORMENTE','PRINCIPAL','INATIVO',to_date('28/11/18','DD/MM/RR'),to_date('29/11/18','DD/MM/RR'),'148','15');
Insert into FIPLAN_GMA_DES.DHWTB009_CNAE_UND_ADMIN (IDEN_CNAE_UND_ADMINSTRATIVA,NUMR_CNAE,DESC_ATIVIDADE,FLAG_TIPO_ATIVIDADE,FLAG_SITUACAO,DATA_CRIACAO,DATA_ATUALIZACAO,IDEN_UNIDADE_ADMINISTRATIVA,IDEN_CNAE) values ('158','9430800','ATIVIDADES DE ASSOCIA«’ES DE DEFESA DE DIREITOS SOCIAIS ','PRINCIPAL','ATIVO',to_date('28/11/18','DD/MM/RR'),to_date('29/11/18','DD/MM/RR'),'148','13');
Insert into FIPLAN_GMA_DES.DHWTB009_CNAE_UND_ADMIN (IDEN_CNAE_UND_ADMINSTRATIVA,NUMR_CNAE,DESC_ATIVIDADE,FLAG_TIPO_ATIVIDADE,FLAG_SITUACAO,DATA_CRIACAO,DATA_ATUALIZACAO,IDEN_UNIDADE_ADMINISTRATIVA,IDEN_CNAE) values ('34','8411600','ADMINISTRA«√O P⁄BLICA EM GERAL','PRINCIPAL','INATIVO',to_date('14/11/18','DD/MM/RR'),to_date('21/11/18','DD/MM/RR'),'56','12');
Insert into FIPLAN_GMA_DES.DHWTB009_CNAE_UND_ADMIN (IDEN_CNAE_UND_ADMINSTRATIVA,NUMR_CNAE,DESC_ATIVIDADE,FLAG_TIPO_ATIVIDADE,FLAG_SITUACAO,DATA_CRIACAO,DATA_ATUALIZACAO,IDEN_UNIDADE_ADMINISTRATIVA,IDEN_CNAE) values ('39','8411600','ADMINISTRA«√O P⁄BLICA EM GERAL','PRINCIPAL','INATIVO',to_date('14/11/18','DD/MM/RR'),to_date('21/11/18','DD/MM/RR'),'57','12');
Insert into FIPLAN_GMA_DES.DHWTB009_CNAE_UND_ADMIN (IDEN_CNAE_UND_ADMINSTRATIVA,NUMR_CNAE,DESC_ATIVIDADE,FLAG_TIPO_ATIVIDADE,FLAG_SITUACAO,DATA_CRIACAO,DATA_ATUALIZACAO,IDEN_UNIDADE_ADMINISTRATIVA,IDEN_CNAE) values ('42','9499500','ATIVIDADES ASSOCIATIVAS N√O ESPECIFICADAS ANTERIORMENTE','PRINCIPAL','INATIVO',to_date('14/11/18','DD/MM/RR'),to_date('21/11/18','DD/MM/RR'),'57','15');
Insert into FIPLAN_GMA_DES.DHWTB009_CNAE_UND_ADMIN (IDEN_CNAE_UND_ADMINSTRATIVA,NUMR_CNAE,DESC_ATIVIDADE,FLAG_TIPO_ATIVIDADE,FLAG_SITUACAO,DATA_CRIACAO,DATA_ATUALIZACAO,IDEN_UNIDADE_ADMINISTRATIVA,IDEN_CNAE) values ('51','8411600','ADMINISTRA«√O P⁄BLICA EM GERAL','SECUNDARIA','ATIVO',to_date('21/11/18','DD/MM/RR'),to_date('21/11/18','DD/MM/RR'),'57','12');
Insert into FIPLAN_GMA_DES.DHWTB009_CNAE_UND_ADMIN (IDEN_CNAE_UND_ADMINSTRATIVA,NUMR_CNAE,DESC_ATIVIDADE,FLAG_TIPO_ATIVIDADE,FLAG_SITUACAO,DATA_CRIACAO,DATA_ATUALIZACAO,IDEN_UNIDADE_ADMINISTRATIVA,IDEN_CNAE) values ('154','9499500','ATIVIDADES ASSOCIATIVAS N√O ESPECIFICADAS ANTERIORMENTE','SECUNDARIA','INATIVO',to_date('27/11/18','DD/MM/RR'),null,'141','15');
Insert into FIPLAN_GMA_DES.DHWTB009_CNAE_UND_ADMIN (IDEN_CNAE_UND_ADMINSTRATIVA,NUMR_CNAE,DESC_ATIVIDADE,FLAG_TIPO_ATIVIDADE,FLAG_SITUACAO,DATA_CRIACAO,DATA_ATUALIZACAO,IDEN_UNIDADE_ADMINISTRATIVA,IDEN_CNAE) values ('138','8424800','SEGURAN«A E ORDEM P⁄BLICA','PRINCIPAL','ATIVO',to_date('23/11/18','DD/MM/RR'),null,'146','19');
Insert into FIPLAN_GMA_DES.DHWTB009_CNAE_UND_ADMIN (IDEN_CNAE_UND_ADMINSTRATIVA,NUMR_CNAE,DESC_ATIVIDADE,FLAG_TIPO_ATIVIDADE,FLAG_SITUACAO,DATA_CRIACAO,DATA_ATUALIZACAO,IDEN_UNIDADE_ADMINISTRATIVA,IDEN_CNAE) values ('151','8411600','ADMINISTRA«√O P⁄BLICA EM GERAL','SECUNDARIA','ATIVO',to_date('23/11/18','DD/MM/RR'),null,'146','12');
Insert into FIPLAN_GMA_DES.DHWTB009_CNAE_UND_ADMIN (IDEN_CNAE_UND_ADMINSTRATIVA,NUMR_CNAE,DESC_ATIVIDADE,FLAG_TIPO_ATIVIDADE,FLAG_SITUACAO,DATA_CRIACAO,DATA_ATUALIZACAO,IDEN_UNIDADE_ADMINISTRATIVA,IDEN_CNAE) values ('152','9499500','ATIVIDADES ASSOCIATIVAS N√O ESPECIFICADAS ANTERIORMENTE','SECUNDARIA','ATIVO',to_date('23/11/18','DD/MM/RR'),null,'146','15');
Insert into FIPLAN_GMA_DES.DHWTB009_CNAE_UND_ADMIN (IDEN_CNAE_UND_ADMINSTRATIVA,NUMR_CNAE,DESC_ATIVIDADE,FLAG_TIPO_ATIVIDADE,FLAG_SITUACAO,DATA_CRIACAO,DATA_ATUALIZACAO,IDEN_UNIDADE_ADMINISTRATIVA,IDEN_CNAE) values ('46','8411600','ADMINISTRA«√O P⁄BLICA EM GERAL','PRINCIPAL','ATIVO',to_date('21/11/18','DD/MM/RR'),null,'60','12');
Insert into FIPLAN_GMA_DES.DHWTB009_CNAE_UND_ADMIN (IDEN_CNAE_UND_ADMINSTRATIVA,NUMR_CNAE,DESC_ATIVIDADE,FLAG_TIPO_ATIVIDADE,FLAG_SITUACAO,DATA_CRIACAO,DATA_ATUALIZACAO,IDEN_UNIDADE_ADMINISTRATIVA,IDEN_CNAE) values ('43','9493600','ATIVIDADES DE ORGANIZA«’ES ASSOCIATIVAS LIGADAS ¡ CULTURA E A ARTE','PRINCIPAL','ATIVO',to_date('21/11/18','DD/MM/RR'),null,'57','14');
Insert into FIPLAN_GMA_DES.DHWTB009_CNAE_UND_ADMIN (IDEN_CNAE_UND_ADMINSTRATIVA,NUMR_CNAE,DESC_ATIVIDADE,FLAG_TIPO_ATIVIDADE,FLAG_SITUACAO,DATA_CRIACAO,DATA_ATUALIZACAO,IDEN_UNIDADE_ADMINISTRATIVA,IDEN_CNAE) values ('48','8424800','SEGURAN«A E ORDEM P⁄BLICA','PRINCIPAL','ATIVO',to_date('21/11/18','DD/MM/RR'),null,'56','19');
Insert into FIPLAN_GMA_DES.DHWTB009_CNAE_UND_ADMIN (IDEN_CNAE_UND_ADMINSTRATIVA,NUMR_CNAE,DESC_ATIVIDADE,FLAG_TIPO_ATIVIDADE,FLAG_SITUACAO,DATA_CRIACAO,DATA_ATUALIZACAO,IDEN_UNIDADE_ADMINISTRATIVA,IDEN_CNAE) values ('136','8411600','ADMINISTRA«√O P⁄BLICA EM GERAL','PRINCIPAL','ATIVO',to_date('22/11/18','DD/MM/RR'),null,'144','12');
Insert into FIPLAN_GMA_DES.DHWTB009_CNAE_UND_ADMIN (IDEN_CNAE_UND_ADMINSTRATIVA,NUMR_CNAE,DESC_ATIVIDADE,FLAG_TIPO_ATIVIDADE,FLAG_SITUACAO,DATA_CRIACAO,DATA_ATUALIZACAO,IDEN_UNIDADE_ADMINISTRATIVA,IDEN_CNAE) values ('153','9493600','ATIVIDADES DE ORGANIZA«’ES ASSOCIATIVAS LIGADAS ¡ CULTURA E A ARTE','SECUNDARIA','ATIVO',to_date('26/11/18','DD/MM/RR'),null,'56','14');
Insert into FIPLAN_GMA_DES.DHWTB009_CNAE_UND_ADMIN (IDEN_CNAE_UND_ADMINSTRATIVA,NUMR_CNAE,DESC_ATIVIDADE,FLAG_TIPO_ATIVIDADE,FLAG_SITUACAO,DATA_CRIACAO,DATA_ATUALIZACAO,IDEN_UNIDADE_ADMINISTRATIVA,IDEN_CNAE) values ('155','8411600','ADMINISTRA«√O P⁄BLICA EM GERAL','PRINCIPAL','ATIVO',to_date('28/11/18','DD/MM/RR'),null,'147','12');
Insert into FIPLAN_GMA_DES.DHWTB009_CNAE_UND_ADMIN (IDEN_CNAE_UND_ADMINSTRATIVA,NUMR_CNAE,DESC_ATIVIDADE,FLAG_TIPO_ATIVIDADE,FLAG_SITUACAO,DATA_CRIACAO,DATA_ATUALIZACAO,IDEN_UNIDADE_ADMINISTRATIVA,IDEN_CNAE) values ('133','8424800','SEGURAN«A E ORDEM P⁄BLICA','PRINCIPAL','ATIVO',to_date('22/11/18','DD/MM/RR'),null,'141','19');
Insert into FIPLAN_GMA_DES.DHWTB009_CNAE_UND_ADMIN (IDEN_CNAE_UND_ADMINSTRATIVA,NUMR_CNAE,DESC_ATIVIDADE,FLAG_TIPO_ATIVIDADE,FLAG_SITUACAO,DATA_CRIACAO,DATA_ATUALIZACAO,IDEN_UNIDADE_ADMINISTRATIVA,IDEN_CNAE) values ('134','8424800','SEGURAN«A E ORDEM P⁄BLICA','PRINCIPAL','ATIVO',to_date('22/11/18','DD/MM/RR'),null,'142','19');
Insert into FIPLAN_GMA_DES.DHWTB009_CNAE_UND_ADMIN (IDEN_CNAE_UND_ADMINSTRATIVA,NUMR_CNAE,DESC_ATIVIDADE,FLAG_TIPO_ATIVIDADE,FLAG_SITUACAO,DATA_CRIACAO,DATA_ATUALIZACAO,IDEN_UNIDADE_ADMINISTRATIVA,IDEN_CNAE) values ('135','8411600','ADMINISTRA«√O P⁄BLICA EM GERAL','PRINCIPAL','ATIVO',to_date('22/11/18','DD/MM/RR'),null,'143','12');
Insert into FIPLAN_GMA_DES.DHWTB009_CNAE_UND_ADMIN (IDEN_CNAE_UND_ADMINSTRATIVA,NUMR_CNAE,DESC_ATIVIDADE,FLAG_TIPO_ATIVIDADE,FLAG_SITUACAO,DATA_CRIACAO,DATA_ATUALIZACAO,IDEN_UNIDADE_ADMINISTRATIVA,IDEN_CNAE) values ('31','8411600','ADMINISTRA«√O P⁄BLICA EM GERAL','PRINCIPAL','ATIVO',to_date('12/11/18','DD/MM/RR'),null,'54','12');
Insert into FIPLAN_GMA_DES.DHWTB009_CNAE_UND_ADMIN (IDEN_CNAE_UND_ADMINSTRATIVA,NUMR_CNAE,DESC_ATIVIDADE,FLAG_TIPO_ATIVIDADE,FLAG_SITUACAO,DATA_CRIACAO,DATA_ATUALIZACAO,IDEN_UNIDADE_ADMINISTRATIVA,IDEN_CNAE) values ('32','9499500','ATIVIDADES ASSOCIATIVAS N√O ESPECIFICADAS ANTERIORMENTE','SECUNDARIA','ATIVO',to_date('12/11/18','DD/MM/RR'),null,'54','15');
REM INSERTING into FIPLAN_GMA_DES.DHWTB009_CNAE_UND_ADMIN_AUD
SET DEFINE OFF;
Insert into FIPLAN_GMA_DES.DHWTB009_CNAE_UND_ADMIN_AUD (IDEN_CNAE_UND_ADMINSTRATIVA,NUMR_CNAE,DESC_ATIVIDADE,FLAG_TIPO_ATIVIDADE,FLAG_SITUACAO,DATA_CRIACAO,DATA_ATUALIZACAO,IDEN_UNIDADE_ADMINISTRATIVA,IDEN_CNAE,TIPO_OPERACAO,IDEN_AUDITORIA) values ('156','9499500','ATIVIDADES ASSOCIATIVAS N√O ESPECIFICADAS ANTERIORMENTE','PRINCIPAL','ATIVO',null,null,'148','15','0','955');
Insert into FIPLAN_GMA_DES.DHWTB009_CNAE_UND_ADMIN_AUD (IDEN_CNAE_UND_ADMINSTRATIVA,NUMR_CNAE,DESC_ATIVIDADE,FLAG_TIPO_ATIVIDADE,FLAG_SITUACAO,DATA_CRIACAO,DATA_ATUALIZACAO,IDEN_UNIDADE_ADMINISTRATIVA,IDEN_CNAE,TIPO_OPERACAO,IDEN_AUDITORIA) values ('158','9430800','ATIVIDADES DE ASSOCIA«’ES DE DEFESA DE DIREITOS SOCIAIS ','PRINCIPAL','ATIVO',null,null,'148','13','0','956');
Insert into FIPLAN_GMA_DES.DHWTB009_CNAE_UND_ADMIN_AUD (IDEN_CNAE_UND_ADMINSTRATIVA,NUMR_CNAE,DESC_ATIVIDADE,FLAG_TIPO_ATIVIDADE,FLAG_SITUACAO,DATA_CRIACAO,DATA_ATUALIZACAO,IDEN_UNIDADE_ADMINISTRATIVA,IDEN_CNAE,TIPO_OPERACAO,IDEN_AUDITORIA) values ('156','9499500','ATIVIDADES ASSOCIATIVAS N√O ESPECIFICADAS ANTERIORMENTE','PRINCIPAL','INATIVO',null,null,'148','15','1','956');
Insert into FIPLAN_GMA_DES.DHWTB009_CNAE_UND_ADMIN_AUD (IDEN_CNAE_UND_ADMINSTRATIVA,NUMR_CNAE,DESC_ATIVIDADE,FLAG_TIPO_ATIVIDADE,FLAG_SITUACAO,DATA_CRIACAO,DATA_ATUALIZACAO,IDEN_UNIDADE_ADMINISTRATIVA,IDEN_CNAE,TIPO_OPERACAO,IDEN_AUDITORIA) values ('34','8411600','ADMINISTRA«√O P⁄BLICA EM GERAL','PRINCIPAL','ATIVO',null,null,'56','12','0','784');
Insert into FIPLAN_GMA_DES.DHWTB009_CNAE_UND_ADMIN_AUD (IDEN_CNAE_UND_ADMINSTRATIVA,NUMR_CNAE,DESC_ATIVIDADE,FLAG_TIPO_ATIVIDADE,FLAG_SITUACAO,DATA_CRIACAO,DATA_ATUALIZACAO,IDEN_UNIDADE_ADMINISTRATIVA,IDEN_CNAE,TIPO_OPERACAO,IDEN_AUDITORIA) values ('33','9499500','ATIVIDADES ASSOCIATIVAS N√O ESPECIFICADAS ANTERIORMENTE','PRINCIPAL','INATIVO',null,null,'55','15','2','812');
Insert into FIPLAN_GMA_DES.DHWTB009_CNAE_UND_ADMIN_AUD (IDEN_CNAE_UND_ADMINSTRATIVA,NUMR_CNAE,DESC_ATIVIDADE,FLAG_TIPO_ATIVIDADE,FLAG_SITUACAO,DATA_CRIACAO,DATA_ATUALIZACAO,IDEN_UNIDADE_ADMINISTRATIVA,IDEN_CNAE,TIPO_OPERACAO,IDEN_AUDITORIA) values ('37','8411600','ADMINISTRA«√O P⁄BLICA EM GERAL','PRINCIPAL','ATIVO',null,null,'55','12','2','812');
Insert into FIPLAN_GMA_DES.DHWTB009_CNAE_UND_ADMIN_AUD (IDEN_CNAE_UND_ADMINSTRATIVA,NUMR_CNAE,DESC_ATIVIDADE,FLAG_TIPO_ATIVIDADE,FLAG_SITUACAO,DATA_CRIACAO,DATA_ATUALIZACAO,IDEN_UNIDADE_ADMINISTRATIVA,IDEN_CNAE,TIPO_OPERACAO,IDEN_AUDITORIA) values ('39','8411600','ADMINISTRA«√O P⁄BLICA EM GERAL','PRINCIPAL','ATIVO',null,null,'57','12','0','813');
Insert into FIPLAN_GMA_DES.DHWTB009_CNAE_UND_ADMIN_AUD (IDEN_CNAE_UND_ADMINSTRATIVA,NUMR_CNAE,DESC_ATIVIDADE,FLAG_TIPO_ATIVIDADE,FLAG_SITUACAO,DATA_CRIACAO,DATA_ATUALIZACAO,IDEN_UNIDADE_ADMINISTRATIVA,IDEN_CNAE,TIPO_OPERACAO,IDEN_AUDITORIA) values ('42','9499500','ATIVIDADES ASSOCIATIVAS N√O ESPECIFICADAS ANTERIORMENTE','PRINCIPAL','ATIVO',null,null,'57','15','0','814');
Insert into FIPLAN_GMA_DES.DHWTB009_CNAE_UND_ADMIN_AUD (IDEN_CNAE_UND_ADMINSTRATIVA,NUMR_CNAE,DESC_ATIVIDADE,FLAG_TIPO_ATIVIDADE,FLAG_SITUACAO,DATA_CRIACAO,DATA_ATUALIZACAO,IDEN_UNIDADE_ADMINISTRATIVA,IDEN_CNAE,TIPO_OPERACAO,IDEN_AUDITORIA) values ('39','8411600','ADMINISTRA«√O P⁄BLICA EM GERAL','PRINCIPAL','INATIVO',null,null,'57','12','1','814');
Insert into FIPLAN_GMA_DES.DHWTB009_CNAE_UND_ADMIN_AUD (IDEN_CNAE_UND_ADMINSTRATIVA,NUMR_CNAE,DESC_ATIVIDADE,FLAG_TIPO_ATIVIDADE,FLAG_SITUACAO,DATA_CRIACAO,DATA_ATUALIZACAO,IDEN_UNIDADE_ADMINISTRATIVA,IDEN_CNAE,TIPO_OPERACAO,IDEN_AUDITORIA) values ('51','8411600','ADMINISTRA«√O P⁄BLICA EM GERAL','SECUNDARIA','ATIVO',null,null,'57','12','0','847');
Insert into FIPLAN_GMA_DES.DHWTB009_CNAE_UND_ADMIN_AUD (IDEN_CNAE_UND_ADMINSTRATIVA,NUMR_CNAE,DESC_ATIVIDADE,FLAG_TIPO_ATIVIDADE,FLAG_SITUACAO,DATA_CRIACAO,DATA_ATUALIZACAO,IDEN_UNIDADE_ADMINISTRATIVA,IDEN_CNAE,TIPO_OPERACAO,IDEN_AUDITORIA) values ('51','8411600','ADMINISTRA«√O P⁄BLICA EM GERAL','SECUNDARIA','INATIVO',null,null,'57','12','1','848');
Insert into FIPLAN_GMA_DES.DHWTB009_CNAE_UND_ADMIN_AUD (IDEN_CNAE_UND_ADMINSTRATIVA,NUMR_CNAE,DESC_ATIVIDADE,FLAG_TIPO_ATIVIDADE,FLAG_SITUACAO,DATA_CRIACAO,DATA_ATUALIZACAO,IDEN_UNIDADE_ADMINISTRATIVA,IDEN_CNAE,TIPO_OPERACAO,IDEN_AUDITORIA) values ('51','8411600','ADMINISTRA«√O P⁄BLICA EM GERAL','SECUNDARIA','ATIVO',null,null,'57','12','1','849');
Insert into FIPLAN_GMA_DES.DHWTB009_CNAE_UND_ADMIN_AUD (IDEN_CNAE_UND_ADMINSTRATIVA,NUMR_CNAE,DESC_ATIVIDADE,FLAG_TIPO_ATIVIDADE,FLAG_SITUACAO,DATA_CRIACAO,DATA_ATUALIZACAO,IDEN_UNIDADE_ADMINISTRATIVA,IDEN_CNAE,TIPO_OPERACAO,IDEN_AUDITORIA) values ('39','8411600','ADMINISTRA«√O P⁄BLICA EM GERAL','PRINCIPAL','ATIVO',null,null,'57','12','1','850');
Insert into FIPLAN_GMA_DES.DHWTB009_CNAE_UND_ADMIN_AUD (IDEN_CNAE_UND_ADMINSTRATIVA,NUMR_CNAE,DESC_ATIVIDADE,FLAG_TIPO_ATIVIDADE,FLAG_SITUACAO,DATA_CRIACAO,DATA_ATUALIZACAO,IDEN_UNIDADE_ADMINISTRATIVA,IDEN_CNAE,TIPO_OPERACAO,IDEN_AUDITORIA) values ('39','8411600','ADMINISTRA«√O P⁄BLICA EM GERAL','PRINCIPAL','INATIVO',null,null,'57','12','1','851');
Insert into FIPLAN_GMA_DES.DHWTB009_CNAE_UND_ADMIN_AUD (IDEN_CNAE_UND_ADMINSTRATIVA,NUMR_CNAE,DESC_ATIVIDADE,FLAG_TIPO_ATIVIDADE,FLAG_SITUACAO,DATA_CRIACAO,DATA_ATUALIZACAO,IDEN_UNIDADE_ADMINISTRATIVA,IDEN_CNAE,TIPO_OPERACAO,IDEN_AUDITORIA) values ('131','8411600','ADMINISTRA«√O P⁄BLICA EM GERAL','PRINCIPAL','ATIVO',null,null,'140','12','0','852');
Insert into FIPLAN_GMA_DES.DHWTB009_CNAE_UND_ADMIN_AUD (IDEN_CNAE_UND_ADMINSTRATIVA,NUMR_CNAE,DESC_ATIVIDADE,FLAG_TIPO_ATIVIDADE,FLAG_SITUACAO,DATA_CRIACAO,DATA_ATUALIZACAO,IDEN_UNIDADE_ADMINISTRATIVA,IDEN_CNAE,TIPO_OPERACAO,IDEN_AUDITORIA) values ('132','9430800','ATIVIDADES DE ASSOCIA«’ES DE DEFESA DE DIREITOS SOCIAIS ','PRINCIPAL','ATIVO',null,null,'140','13','0','853');
Insert into FIPLAN_GMA_DES.DHWTB009_CNAE_UND_ADMIN_AUD (IDEN_CNAE_UND_ADMINSTRATIVA,NUMR_CNAE,DESC_ATIVIDADE,FLAG_TIPO_ATIVIDADE,FLAG_SITUACAO,DATA_CRIACAO,DATA_ATUALIZACAO,IDEN_UNIDADE_ADMINISTRATIVA,IDEN_CNAE,TIPO_OPERACAO,IDEN_AUDITORIA) values ('131','8411600','ADMINISTRA«√O P⁄BLICA EM GERAL','PRINCIPAL','INATIVO',null,null,'140','12','1','853');
Insert into FIPLAN_GMA_DES.DHWTB009_CNAE_UND_ADMIN_AUD (IDEN_CNAE_UND_ADMINSTRATIVA,NUMR_CNAE,DESC_ATIVIDADE,FLAG_TIPO_ATIVIDADE,FLAG_SITUACAO,DATA_CRIACAO,DATA_ATUALIZACAO,IDEN_UNIDADE_ADMINISTRATIVA,IDEN_CNAE,TIPO_OPERACAO,IDEN_AUDITORIA) values ('138','8424800','SEGURAN«A E ORDEM P⁄BLICA','PRINCIPAL','ATIVO',null,null,'146','19','0','882');
Insert into FIPLAN_GMA_DES.DHWTB009_CNAE_UND_ADMIN_AUD (IDEN_CNAE_UND_ADMINSTRATIVA,NUMR_CNAE,DESC_ATIVIDADE,FLAG_TIPO_ATIVIDADE,FLAG_SITUACAO,DATA_CRIACAO,DATA_ATUALIZACAO,IDEN_UNIDADE_ADMINISTRATIVA,IDEN_CNAE,TIPO_OPERACAO,IDEN_AUDITORIA) values ('131','8411600','ADMINISTRA«√O P⁄BLICA EM GERAL','PRINCIPAL','INATIVO',null,null,'140','12','2','883');
Insert into FIPLAN_GMA_DES.DHWTB009_CNAE_UND_ADMIN_AUD (IDEN_CNAE_UND_ADMINSTRATIVA,NUMR_CNAE,DESC_ATIVIDADE,FLAG_TIPO_ATIVIDADE,FLAG_SITUACAO,DATA_CRIACAO,DATA_ATUALIZACAO,IDEN_UNIDADE_ADMINISTRATIVA,IDEN_CNAE,TIPO_OPERACAO,IDEN_AUDITORIA) values ('132','9430800','ATIVIDADES DE ASSOCIA«’ES DE DEFESA DE DIREITOS SOCIAIS ','PRINCIPAL','ATIVO',null,null,'140','13','2','883');
Insert into FIPLAN_GMA_DES.DHWTB009_CNAE_UND_ADMIN_AUD (IDEN_CNAE_UND_ADMINSTRATIVA,NUMR_CNAE,DESC_ATIVIDADE,FLAG_TIPO_ATIVIDADE,FLAG_SITUACAO,DATA_CRIACAO,DATA_ATUALIZACAO,IDEN_UNIDADE_ADMINISTRATIVA,IDEN_CNAE,TIPO_OPERACAO,IDEN_AUDITORIA) values ('151','8411600','ADMINISTRA«√O P⁄BLICA EM GERAL','SECUNDARIA','ATIVO',null,null,'146','12','0','886');
Insert into FIPLAN_GMA_DES.DHWTB009_CNAE_UND_ADMIN_AUD (IDEN_CNAE_UND_ADMINSTRATIVA,NUMR_CNAE,DESC_ATIVIDADE,FLAG_TIPO_ATIVIDADE,FLAG_SITUACAO,DATA_CRIACAO,DATA_ATUALIZACAO,IDEN_UNIDADE_ADMINISTRATIVA,IDEN_CNAE,TIPO_OPERACAO,IDEN_AUDITORIA) values ('152','9499500','ATIVIDADES ASSOCIATIVAS N√O ESPECIFICADAS ANTERIORMENTE','SECUNDARIA','ATIVO',null,null,'146','15','0','887');
Insert into FIPLAN_GMA_DES.DHWTB009_CNAE_UND_ADMIN_AUD (IDEN_CNAE_UND_ADMINSTRATIVA,NUMR_CNAE,DESC_ATIVIDADE,FLAG_TIPO_ATIVIDADE,FLAG_SITUACAO,DATA_CRIACAO,DATA_ATUALIZACAO,IDEN_UNIDADE_ADMINISTRATIVA,IDEN_CNAE,TIPO_OPERACAO,IDEN_AUDITORIA) values ('154','9499500','ATIVIDADES ASSOCIATIVAS N√O ESPECIFICADAS ANTERIORMENTE','SECUNDARIA','INATIVO',null,null,'141','15','0','935');
Insert into FIPLAN_GMA_DES.DHWTB009_CNAE_UND_ADMIN_AUD (IDEN_CNAE_UND_ADMINSTRATIVA,NUMR_CNAE,DESC_ATIVIDADE,FLAG_TIPO_ATIVIDADE,FLAG_SITUACAO,DATA_CRIACAO,DATA_ATUALIZACAO,IDEN_UNIDADE_ADMINISTRATIVA,IDEN_CNAE,TIPO_OPERACAO,IDEN_AUDITORIA) values ('33','9499500','ATIVIDADES ASSOCIATIVAS N√O ESPECIFICADAS ANTERIORMENTE','PRINCIPAL','ATIVO',null,null,'55','15','0','747');
Insert into FIPLAN_GMA_DES.DHWTB009_CNAE_UND_ADMIN_AUD (IDEN_CNAE_UND_ADMINSTRATIVA,NUMR_CNAE,DESC_ATIVIDADE,FLAG_TIPO_ATIVIDADE,FLAG_SITUACAO,DATA_CRIACAO,DATA_ATUALIZACAO,IDEN_UNIDADE_ADMINISTRATIVA,IDEN_CNAE,TIPO_OPERACAO,IDEN_AUDITORIA) values ('37','8411600','ADMINISTRA«√O P⁄BLICA EM GERAL','PRINCIPAL','ATIVO',null,null,'55','12','0','811');
Insert into FIPLAN_GMA_DES.DHWTB009_CNAE_UND_ADMIN_AUD (IDEN_CNAE_UND_ADMINSTRATIVA,NUMR_CNAE,DESC_ATIVIDADE,FLAG_TIPO_ATIVIDADE,FLAG_SITUACAO,DATA_CRIACAO,DATA_ATUALIZACAO,IDEN_UNIDADE_ADMINISTRATIVA,IDEN_CNAE,TIPO_OPERACAO,IDEN_AUDITORIA) values ('33','9499500','ATIVIDADES ASSOCIATIVAS N√O ESPECIFICADAS ANTERIORMENTE','PRINCIPAL','INATIVO',null,null,'55','15','1','811');
Insert into FIPLAN_GMA_DES.DHWTB009_CNAE_UND_ADMIN_AUD (IDEN_CNAE_UND_ADMINSTRATIVA,NUMR_CNAE,DESC_ATIVIDADE,FLAG_TIPO_ATIVIDADE,FLAG_SITUACAO,DATA_CRIACAO,DATA_ATUALIZACAO,IDEN_UNIDADE_ADMINISTRATIVA,IDEN_CNAE,TIPO_OPERACAO,IDEN_AUDITORIA) values ('43','9493600','ATIVIDADES DE ORGANIZA«’ES ASSOCIATIVAS LIGADAS ¡ CULTURA E A ARTE','PRINCIPAL','ATIVO',null,null,'57','14','0','834');
Insert into FIPLAN_GMA_DES.DHWTB009_CNAE_UND_ADMIN_AUD (IDEN_CNAE_UND_ADMINSTRATIVA,NUMR_CNAE,DESC_ATIVIDADE,FLAG_TIPO_ATIVIDADE,FLAG_SITUACAO,DATA_CRIACAO,DATA_ATUALIZACAO,IDEN_UNIDADE_ADMINISTRATIVA,IDEN_CNAE,TIPO_OPERACAO,IDEN_AUDITORIA) values ('42','9499500','ATIVIDADES ASSOCIATIVAS N√O ESPECIFICADAS ANTERIORMENTE','PRINCIPAL','INATIVO',null,null,'57','15','1','834');
Insert into FIPLAN_GMA_DES.DHWTB009_CNAE_UND_ADMIN_AUD (IDEN_CNAE_UND_ADMINSTRATIVA,NUMR_CNAE,DESC_ATIVIDADE,FLAG_TIPO_ATIVIDADE,FLAG_SITUACAO,DATA_CRIACAO,DATA_ATUALIZACAO,IDEN_UNIDADE_ADMINISTRATIVA,IDEN_CNAE,TIPO_OPERACAO,IDEN_AUDITORIA) values ('46','8411600','ADMINISTRA«√O P⁄BLICA EM GERAL','PRINCIPAL','ATIVO',null,null,'60','12','0','842');
Insert into FIPLAN_GMA_DES.DHWTB009_CNAE_UND_ADMIN_AUD (IDEN_CNAE_UND_ADMINSTRATIVA,NUMR_CNAE,DESC_ATIVIDADE,FLAG_TIPO_ATIVIDADE,FLAG_SITUACAO,DATA_CRIACAO,DATA_ATUALIZACAO,IDEN_UNIDADE_ADMINISTRATIVA,IDEN_CNAE,TIPO_OPERACAO,IDEN_AUDITORIA) values ('47','9499500','ATIVIDADES ASSOCIATIVAS N√O ESPECIFICADAS ANTERIORMENTE','SECUNDARIA','ATIVO',null,null,'56','15','0','844');
Insert into FIPLAN_GMA_DES.DHWTB009_CNAE_UND_ADMIN_AUD (IDEN_CNAE_UND_ADMINSTRATIVA,NUMR_CNAE,DESC_ATIVIDADE,FLAG_TIPO_ATIVIDADE,FLAG_SITUACAO,DATA_CRIACAO,DATA_ATUALIZACAO,IDEN_UNIDADE_ADMINISTRATIVA,IDEN_CNAE,TIPO_OPERACAO,IDEN_AUDITORIA) values ('48','8424800','SEGURAN«A E ORDEM P⁄BLICA','PRINCIPAL','ATIVO',null,null,'56','19','0','845');
Insert into FIPLAN_GMA_DES.DHWTB009_CNAE_UND_ADMIN_AUD (IDEN_CNAE_UND_ADMINSTRATIVA,NUMR_CNAE,DESC_ATIVIDADE,FLAG_TIPO_ATIVIDADE,FLAG_SITUACAO,DATA_CRIACAO,DATA_ATUALIZACAO,IDEN_UNIDADE_ADMINISTRATIVA,IDEN_CNAE,TIPO_OPERACAO,IDEN_AUDITORIA) values ('34','8411600','ADMINISTRA«√O P⁄BLICA EM GERAL','PRINCIPAL','INATIVO',null,null,'56','12','1','845');
Insert into FIPLAN_GMA_DES.DHWTB009_CNAE_UND_ADMIN_AUD (IDEN_CNAE_UND_ADMINSTRATIVA,NUMR_CNAE,DESC_ATIVIDADE,FLAG_TIPO_ATIVIDADE,FLAG_SITUACAO,DATA_CRIACAO,DATA_ATUALIZACAO,IDEN_UNIDADE_ADMINISTRATIVA,IDEN_CNAE,TIPO_OPERACAO,IDEN_AUDITORIA) values ('47','9499500','ATIVIDADES ASSOCIATIVAS N√O ESPECIFICADAS ANTERIORMENTE','SECUNDARIA','ATIVO',null,null,'56','15','2','846');
Insert into FIPLAN_GMA_DES.DHWTB009_CNAE_UND_ADMIN_AUD (IDEN_CNAE_UND_ADMINSTRATIVA,NUMR_CNAE,DESC_ATIVIDADE,FLAG_TIPO_ATIVIDADE,FLAG_SITUACAO,DATA_CRIACAO,DATA_ATUALIZACAO,IDEN_UNIDADE_ADMINISTRATIVA,IDEN_CNAE,TIPO_OPERACAO,IDEN_AUDITORIA) values ('136','8411600','ADMINISTRA«√O P⁄BLICA EM GERAL','PRINCIPAL','ATIVO',null,null,'144','12','0','867');
Insert into FIPLAN_GMA_DES.DHWTB009_CNAE_UND_ADMIN_AUD (IDEN_CNAE_UND_ADMINSTRATIVA,NUMR_CNAE,DESC_ATIVIDADE,FLAG_TIPO_ATIVIDADE,FLAG_SITUACAO,DATA_CRIACAO,DATA_ATUALIZACAO,IDEN_UNIDADE_ADMINISTRATIVA,IDEN_CNAE,TIPO_OPERACAO,IDEN_AUDITORIA) values ('137','8424800','SEGURAN«A E ORDEM P⁄BLICA','PRINCIPAL','ATIVO',null,null,'145','19','0','874');
Insert into FIPLAN_GMA_DES.DHWTB009_CNAE_UND_ADMIN_AUD (IDEN_CNAE_UND_ADMINSTRATIVA,NUMR_CNAE,DESC_ATIVIDADE,FLAG_TIPO_ATIVIDADE,FLAG_SITUACAO,DATA_CRIACAO,DATA_ATUALIZACAO,IDEN_UNIDADE_ADMINISTRATIVA,IDEN_CNAE,TIPO_OPERACAO,IDEN_AUDITORIA) values ('137','8424800','SEGURAN«A E ORDEM P⁄BLICA','PRINCIPAL','ATIVO',null,null,'145','19','2','875');
Insert into FIPLAN_GMA_DES.DHWTB009_CNAE_UND_ADMIN_AUD (IDEN_CNAE_UND_ADMINSTRATIVA,NUMR_CNAE,DESC_ATIVIDADE,FLAG_TIPO_ATIVIDADE,FLAG_SITUACAO,DATA_CRIACAO,DATA_ATUALIZACAO,IDEN_UNIDADE_ADMINISTRATIVA,IDEN_CNAE,TIPO_OPERACAO,IDEN_AUDITORIA) values ('153','9493600','ATIVIDADES DE ORGANIZA«’ES ASSOCIATIVAS LIGADAS ¡ CULTURA E A ARTE','SECUNDARIA','ATIVO',null,null,'56','14','0','914');
Insert into FIPLAN_GMA_DES.DHWTB009_CNAE_UND_ADMIN_AUD (IDEN_CNAE_UND_ADMINSTRATIVA,NUMR_CNAE,DESC_ATIVIDADE,FLAG_TIPO_ATIVIDADE,FLAG_SITUACAO,DATA_CRIACAO,DATA_ATUALIZACAO,IDEN_UNIDADE_ADMINISTRATIVA,IDEN_CNAE,TIPO_OPERACAO,IDEN_AUDITORIA) values ('155','8411600','ADMINISTRA«√O P⁄BLICA EM GERAL','PRINCIPAL','ATIVO',null,null,'147','12','0','954');
Insert into FIPLAN_GMA_DES.DHWTB009_CNAE_UND_ADMIN_AUD (IDEN_CNAE_UND_ADMINSTRATIVA,NUMR_CNAE,DESC_ATIVIDADE,FLAG_TIPO_ATIVIDADE,FLAG_SITUACAO,DATA_CRIACAO,DATA_ATUALIZACAO,IDEN_UNIDADE_ADMINISTRATIVA,IDEN_CNAE,TIPO_OPERACAO,IDEN_AUDITORIA) values ('133','8424800','SEGURAN«A E ORDEM P⁄BLICA','PRINCIPAL','ATIVO',null,null,'141','19','0','859');
Insert into FIPLAN_GMA_DES.DHWTB009_CNAE_UND_ADMIN_AUD (IDEN_CNAE_UND_ADMINSTRATIVA,NUMR_CNAE,DESC_ATIVIDADE,FLAG_TIPO_ATIVIDADE,FLAG_SITUACAO,DATA_CRIACAO,DATA_ATUALIZACAO,IDEN_UNIDADE_ADMINISTRATIVA,IDEN_CNAE,TIPO_OPERACAO,IDEN_AUDITORIA) values ('134','8424800','SEGURAN«A E ORDEM P⁄BLICA','PRINCIPAL','ATIVO',null,null,'142','19','0','865');
Insert into FIPLAN_GMA_DES.DHWTB009_CNAE_UND_ADMIN_AUD (IDEN_CNAE_UND_ADMINSTRATIVA,NUMR_CNAE,DESC_ATIVIDADE,FLAG_TIPO_ATIVIDADE,FLAG_SITUACAO,DATA_CRIACAO,DATA_ATUALIZACAO,IDEN_UNIDADE_ADMINISTRATIVA,IDEN_CNAE,TIPO_OPERACAO,IDEN_AUDITORIA) values ('135','8411600','ADMINISTRA«√O P⁄BLICA EM GERAL','PRINCIPAL','ATIVO',null,null,'143','12','0','866');
Insert into FIPLAN_GMA_DES.DHWTB009_CNAE_UND_ADMIN_AUD (IDEN_CNAE_UND_ADMINSTRATIVA,NUMR_CNAE,DESC_ATIVIDADE,FLAG_TIPO_ATIVIDADE,FLAG_SITUACAO,DATA_CRIACAO,DATA_ATUALIZACAO,IDEN_UNIDADE_ADMINISTRATIVA,IDEN_CNAE,TIPO_OPERACAO,IDEN_AUDITORIA) values ('31','8411600','ADMINISTRA«√O P⁄BLICA EM GERAL','PRINCIPAL','ATIVO',null,null,'54','12','0','673');
Insert into FIPLAN_GMA_DES.DHWTB009_CNAE_UND_ADMIN_AUD (IDEN_CNAE_UND_ADMINSTRATIVA,NUMR_CNAE,DESC_ATIVIDADE,FLAG_TIPO_ATIVIDADE,FLAG_SITUACAO,DATA_CRIACAO,DATA_ATUALIZACAO,IDEN_UNIDADE_ADMINISTRATIVA,IDEN_CNAE,TIPO_OPERACAO,IDEN_AUDITORIA) values ('32','9499500','ATIVIDADES ASSOCIATIVAS N√O ESPECIFICADAS ANTERIORMENTE','SECUNDARIA','ATIVO',null,null,'54','15','0','680');
Insert into FIPLAN_GMA_DES.DHWTB009_CNAE_UND_ADMIN_AUD (IDEN_CNAE_UND_ADMINSTRATIVA,NUMR_CNAE,DESC_ATIVIDADE,FLAG_TIPO_ATIVIDADE,FLAG_SITUACAO,DATA_CRIACAO,DATA_ATUALIZACAO,IDEN_UNIDADE_ADMINISTRATIVA,IDEN_CNAE,TIPO_OPERACAO,IDEN_AUDITORIA) values ('158','9430800','ATIVIDADES DE ASSOCIA«’ES DE DEFESA DE DIREITOS SOCIAIS ','PRINCIPAL','INATIVO',null,null,'148','13','1','1084');
Insert into FIPLAN_GMA_DES.DHWTB009_CNAE_UND_ADMIN_AUD (IDEN_CNAE_UND_ADMINSTRATIVA,NUMR_CNAE,DESC_ATIVIDADE,FLAG_TIPO_ATIVIDADE,FLAG_SITUACAO,DATA_CRIACAO,DATA_ATUALIZACAO,IDEN_UNIDADE_ADMINISTRATIVA,IDEN_CNAE,TIPO_OPERACAO,IDEN_AUDITORIA) values ('156','9499500','ATIVIDADES ASSOCIATIVAS N√O ESPECIFICADAS ANTERIORMENTE','PRINCIPAL','ATIVO',null,null,'148','15','1','1084');
Insert into FIPLAN_GMA_DES.DHWTB009_CNAE_UND_ADMIN_AUD (IDEN_CNAE_UND_ADMINSTRATIVA,NUMR_CNAE,DESC_ATIVIDADE,FLAG_TIPO_ATIVIDADE,FLAG_SITUACAO,DATA_CRIACAO,DATA_ATUALIZACAO,IDEN_UNIDADE_ADMINISTRATIVA,IDEN_CNAE,TIPO_OPERACAO,IDEN_AUDITORIA) values ('156','9499500','ATIVIDADES ASSOCIATIVAS N√O ESPECIFICADAS ANTERIORMENTE','PRINCIPAL','INATIVO',null,null,'148','15','1','1085');
Insert into FIPLAN_GMA_DES.DHWTB009_CNAE_UND_ADMIN_AUD (IDEN_CNAE_UND_ADMINSTRATIVA,NUMR_CNAE,DESC_ATIVIDADE,FLAG_TIPO_ATIVIDADE,FLAG_SITUACAO,DATA_CRIACAO,DATA_ATUALIZACAO,IDEN_UNIDADE_ADMINISTRATIVA,IDEN_CNAE,TIPO_OPERACAO,IDEN_AUDITORIA) values ('158','9430800','ATIVIDADES DE ASSOCIA«’ES DE DEFESA DE DIREITOS SOCIAIS ','PRINCIPAL','ATIVO',null,null,'148','13','1','1085');
REM INSERTING into FIPLAN_GMA_DES.DHWTB010_LEGISLACAO_UND_ADM
SET DEFINE OFF;
Insert into FIPLAN_GMA_DES.DHWTB010_LEGISLACAO_UND_ADM (IDEN_LEGISLACAO_UND_ADM,TIPO_LEGISLACAO,DESC_LEI,FLAG_SITUACAO,IDEN_UNIDADE_ADMINISTRATIVA,DATA_CRIACAO,DATA_ATUALIZACAO) values ('119','CRIACAO','TESTE','ATIVO','148',to_date('28/11/18','DD/MM/RR'),null);
Insert into FIPLAN_GMA_DES.DHWTB010_LEGISLACAO_UND_ADM (IDEN_LEGISLACAO_UND_ADM,TIPO_LEGISLACAO,DESC_LEI,FLAG_SITUACAO,IDEN_UNIDADE_ADMINISTRATIVA,DATA_CRIACAO,DATA_ATUALIZACAO) values ('116','CRIACAO','LEI N∫ 16 DE 12 DE AGOSTO DE 1834','ATIVO','144',to_date('22/11/18','DD/MM/RR'),null);
Insert into FIPLAN_GMA_DES.DHWTB010_LEGISLACAO_UND_ADM (IDEN_LEGISLACAO_UND_ADM,TIPO_LEGISLACAO,DESC_LEI,FLAG_SITUACAO,IDEN_UNIDADE_ADMINISTRATIVA,DATA_CRIACAO,DATA_ATUALIZACAO) values ('118','CRIACAO','LEI COMPLEMENTAR N∫ 566, DE 20 DE MAIO DE 2015','ATIVO','147',to_date('28/11/18','DD/MM/RR'),null);
Insert into FIPLAN_GMA_DES.DHWTB010_LEGISLACAO_UND_ADM (IDEN_LEGISLACAO_UND_ADM,TIPO_LEGISLACAO,DESC_LEI,FLAG_SITUACAO,IDEN_UNIDADE_ADMINISTRATIVA,DATA_CRIACAO,DATA_ATUALIZACAO) values ('112','CRIACAO','LEI N∞ 2.606, DE 7 DE FEVEREIRO DE 1966','ATIVO','141',to_date('22/11/18','DD/MM/RR'),null);
Insert into FIPLAN_GMA_DES.DHWTB010_LEGISLACAO_UND_ADM (IDEN_LEGISLACAO_UND_ADM,TIPO_LEGISLACAO,DESC_LEI,FLAG_SITUACAO,IDEN_UNIDADE_ADMINISTRATIVA,DATA_CRIACAO,DATA_ATUALIZACAO) values ('113','CRIACAO','LEI COMPLEMENTAR N∫ 111, DE 01 DE JULHO DE 2002','ATIVO','142',to_date('22/11/18','DD/MM/RR'),null);
Insert into FIPLAN_GMA_DES.DHWTB010_LEGISLACAO_UND_ADM (IDEN_LEGISLACAO_UND_ADM,TIPO_LEGISLACAO,DESC_LEI,FLAG_SITUACAO,IDEN_UNIDADE_ADMINISTRATIVA,DATA_CRIACAO,DATA_ATUALIZACAO) values ('23','ALTERACAO','LEI N∫ 4.664, DE 27 DE FEVEREIRO DE 1984','INATIVO','54',to_date('12/11/18','DD/MM/RR'),to_date('13/11/18','DD/MM/RR'));
Insert into FIPLAN_GMA_DES.DHWTB010_LEGISLACAO_UND_ADM (IDEN_LEGISLACAO_UND_ADM,TIPO_LEGISLACAO,DESC_LEI,FLAG_SITUACAO,IDEN_UNIDADE_ADMINISTRATIVA,DATA_CRIACAO,DATA_ATUALIZACAO) values ('24','CRIACAO','LEI N∫ 4.087, DE 11 DE JULHO DE 1979','ATIVO','54',to_date('12/11/18','DD/MM/RR'),null);
Insert into FIPLAN_GMA_DES.DHWTB010_LEGISLACAO_UND_ADM (IDEN_LEGISLACAO_UND_ADM,TIPO_LEGISLACAO,DESC_LEI,FLAG_SITUACAO,IDEN_UNIDADE_ADMINISTRATIVA,DATA_CRIACAO,DATA_ATUALIZACAO) values ('114','ALTERACAO','LEI COMPLEMENTAR N∫ 566, DE 20 DE MAIO DE 2015','ATIVO','143',to_date('22/11/18','DD/MM/RR'),null);
Insert into FIPLAN_GMA_DES.DHWTB010_LEGISLACAO_UND_ADM (IDEN_LEGISLACAO_UND_ADM,TIPO_LEGISLACAO,DESC_LEI,FLAG_SITUACAO,IDEN_UNIDADE_ADMINISTRATIVA,DATA_CRIACAO,DATA_ATUALIZACAO) values ('115','CRIACAO','LEI N∫ 3.278 DE 13 DE NOVEMBRO DE 1972','ATIVO','143',to_date('22/11/18','DD/MM/RR'),null);
REM INSERTING into FIPLAN_GMA_DES.DHWTB010_LEG_UND_ADM_AUD
SET DEFINE OFF;
Insert into FIPLAN_GMA_DES.DHWTB010_LEG_UND_ADM_AUD (IDEN_LEGISLACAO_UND_ADM,TIPO_LEGISLACAO,DESC_LEI,FLAG_SITUACAO,IDEN_UNIDADE_ADMINISTRATIVA,TIPO_OPERACAO,IDEN_AUDITORIA) values ('119','CRIACAO','TESTE','ATIVO','148','0','955');
Insert into FIPLAN_GMA_DES.DHWTB010_LEG_UND_ADM_AUD (IDEN_LEGISLACAO_UND_ADM,TIPO_LEGISLACAO,DESC_LEI,FLAG_SITUACAO,IDEN_UNIDADE_ADMINISTRATIVA,TIPO_OPERACAO,IDEN_AUDITORIA) values ('111','CRIACAO','ASDASD123ASD','ATIVO','140','2','883');
Insert into FIPLAN_GMA_DES.DHWTB010_LEG_UND_ADM_AUD (IDEN_LEGISLACAO_UND_ADM,TIPO_LEGISLACAO,DESC_LEI,FLAG_SITUACAO,IDEN_UNIDADE_ADMINISTRATIVA,TIPO_OPERACAO,IDEN_AUDITORIA) values ('116','CRIACAO','LEI N∫ 16 DE 12 DE AGOSTO DE 1834','ATIVO','144','0','867');
Insert into FIPLAN_GMA_DES.DHWTB010_LEG_UND_ADM_AUD (IDEN_LEGISLACAO_UND_ADM,TIPO_LEGISLACAO,DESC_LEI,FLAG_SITUACAO,IDEN_UNIDADE_ADMINISTRATIVA,TIPO_OPERACAO,IDEN_AUDITORIA) values ('117','CRIACAO','LEI 1','ATIVO','145','0','874');
Insert into FIPLAN_GMA_DES.DHWTB010_LEG_UND_ADM_AUD (IDEN_LEGISLACAO_UND_ADM,TIPO_LEGISLACAO,DESC_LEI,FLAG_SITUACAO,IDEN_UNIDADE_ADMINISTRATIVA,TIPO_OPERACAO,IDEN_AUDITORIA) values ('117','CRIACAO','LEI 1','ATIVO','145','2','875');
Insert into FIPLAN_GMA_DES.DHWTB010_LEG_UND_ADM_AUD (IDEN_LEGISLACAO_UND_ADM,TIPO_LEGISLACAO,DESC_LEI,FLAG_SITUACAO,IDEN_UNIDADE_ADMINISTRATIVA,TIPO_OPERACAO,IDEN_AUDITORIA) values ('118','CRIACAO','LEI COMPLEMENTAR N∫ 566, DE 20 DE MAIO DE 2015','ATIVO','147','0','954');
Insert into FIPLAN_GMA_DES.DHWTB010_LEG_UND_ADM_AUD (IDEN_LEGISLACAO_UND_ADM,TIPO_LEGISLACAO,DESC_LEI,FLAG_SITUACAO,IDEN_UNIDADE_ADMINISTRATIVA,TIPO_OPERACAO,IDEN_AUDITORIA) values ('112','CRIACAO','LEI N∞ 2.606, DE 7 DE FEVEREIRO DE 1966','ATIVO','141','0','864');
Insert into FIPLAN_GMA_DES.DHWTB010_LEG_UND_ADM_AUD (IDEN_LEGISLACAO_UND_ADM,TIPO_LEGISLACAO,DESC_LEI,FLAG_SITUACAO,IDEN_UNIDADE_ADMINISTRATIVA,TIPO_OPERACAO,IDEN_AUDITORIA) values ('113','CRIACAO','LEI COMPLEMENTAR N∫ 111, DE 01 DE JULHO DE 2002','ATIVO','142','0','865');
Insert into FIPLAN_GMA_DES.DHWTB010_LEG_UND_ADM_AUD (IDEN_LEGISLACAO_UND_ADM,TIPO_LEGISLACAO,DESC_LEI,FLAG_SITUACAO,IDEN_UNIDADE_ADMINISTRATIVA,TIPO_OPERACAO,IDEN_AUDITORIA) values ('114','ALTERACAO','LEI COMPLEMENTAR N∫ 566, DE 20 DE MAIO DE 2015','ATIVO','143','0','866');
Insert into FIPLAN_GMA_DES.DHWTB010_LEG_UND_ADM_AUD (IDEN_LEGISLACAO_UND_ADM,TIPO_LEGISLACAO,DESC_LEI,FLAG_SITUACAO,IDEN_UNIDADE_ADMINISTRATIVA,TIPO_OPERACAO,IDEN_AUDITORIA) values ('115','CRIACAO','LEI N∫ 3.278 DE 13 DE NOVEMBRO DE 1972','ATIVO','143','0','866');
Insert into FIPLAN_GMA_DES.DHWTB010_LEG_UND_ADM_AUD (IDEN_LEGISLACAO_UND_ADM,TIPO_LEGISLACAO,DESC_LEI,FLAG_SITUACAO,IDEN_UNIDADE_ADMINISTRATIVA,TIPO_OPERACAO,IDEN_AUDITORIA) values ('23','ALTERACAO','LEI N∫ 4.664, DE 27 DE FEVEREIRO DE 1984','ATIVO','54','0','682');
Insert into FIPLAN_GMA_DES.DHWTB010_LEG_UND_ADM_AUD (IDEN_LEGISLACAO_UND_ADM,TIPO_LEGISLACAO,DESC_LEI,FLAG_SITUACAO,IDEN_UNIDADE_ADMINISTRATIVA,TIPO_OPERACAO,IDEN_AUDITORIA) values ('24','CRIACAO','LEI N∫ 4.087, DE 11 DE JULHO DE 1979','ATIVO','54','0','682');
Insert into FIPLAN_GMA_DES.DHWTB010_LEG_UND_ADM_AUD (IDEN_LEGISLACAO_UND_ADM,TIPO_LEGISLACAO,DESC_LEI,FLAG_SITUACAO,IDEN_UNIDADE_ADMINISTRATIVA,TIPO_OPERACAO,IDEN_AUDITORIA) values ('23','ALTERACAO','LEI N∫ 4.664, DE 27 DE FEVEREIRO DE 1984','INATIVO','54','1','714');
Insert into FIPLAN_GMA_DES.DHWTB010_LEG_UND_ADM_AUD (IDEN_LEGISLACAO_UND_ADM,TIPO_LEGISLACAO,DESC_LEI,FLAG_SITUACAO,IDEN_UNIDADE_ADMINISTRATIVA,TIPO_OPERACAO,IDEN_AUDITORIA) values ('111','CRIACAO','ASDASD123ASD','ATIVO','140','0','863');
REM INSERTING into FIPLAN_GMA_DES.DHWTB011_OCORRENCIA
SET DEFINE OFF;
Insert into FIPLAN_GMA_DES.DHWTB011_OCORRENCIA (IDEN_OCORRENCIA,IDEN_UNIDADE_ADMINISTRATIVA,CODG_UNIDADE_ORCAMENTARIA,DESC_UNIDADE_ORCAMENTARIA,SIGLA_UNIDADE_ORCAMENTARIA,NUMR_EXER_UND_ORCAMENTARIA,IDEN_TIPO_OCORRENCIA,IDEN_GRUPO_PENDENCIA,IDEN_SUBGRUPO_PENDENCIA,IDEN_TIPO_PENDENCIA,DATA_INSCRICAO,FLAG_SITUACAO_PENDENCIA,DATA_REGULARIZACAO,DATA_CRIACAO,DATA_ATUALIZACAO) values ('39','56',null,null,null,null,'51',null,null,null,to_date('01/11/18','DD/MM/RR'),'PENDENTE',null,to_date('23/11/18','DD/MM/RR'),to_date('29/11/18','DD/MM/RR'));
Insert into FIPLAN_GMA_DES.DHWTB011_OCORRENCIA (IDEN_OCORRENCIA,IDEN_UNIDADE_ADMINISTRATIVA,CODG_UNIDADE_ORCAMENTARIA,DESC_UNIDADE_ORCAMENTARIA,SIGLA_UNIDADE_ORCAMENTARIA,NUMR_EXER_UND_ORCAMENTARIA,IDEN_TIPO_OCORRENCIA,IDEN_GRUPO_PENDENCIA,IDEN_SUBGRUPO_PENDENCIA,IDEN_TIPO_PENDENCIA,DATA_INSCRICAO,FLAG_SITUACAO_PENDENCIA,DATA_REGULARIZACAO,DATA_CRIACAO,DATA_ATUALIZACAO) values ('41','146',null,null,null,null,'56',null,null,null,to_date('01/11/18','DD/MM/RR'),'REGULARIZADA',to_date('28/11/18','DD/MM/RR'),to_date('23/11/18','DD/MM/RR'),to_date('28/11/18','DD/MM/RR'));
Insert into FIPLAN_GMA_DES.DHWTB011_OCORRENCIA (IDEN_OCORRENCIA,IDEN_UNIDADE_ADMINISTRATIVA,CODG_UNIDADE_ORCAMENTARIA,DESC_UNIDADE_ORCAMENTARIA,SIGLA_UNIDADE_ORCAMENTARIA,NUMR_EXER_UND_ORCAMENTARIA,IDEN_TIPO_OCORRENCIA,IDEN_GRUPO_PENDENCIA,IDEN_SUBGRUPO_PENDENCIA,IDEN_TIPO_PENDENCIA,DATA_INSCRICAO,FLAG_SITUACAO_PENDENCIA,DATA_REGULARIZACAO,DATA_CRIACAO,DATA_ATUALIZACAO) values ('40','60','4101','CASA CIVIL ','CASA CIVIL','2018','51',null,null,null,to_date('01/11/18','DD/MM/RR'),'EM_REGULARIZACAO',null,to_date('23/11/18','DD/MM/RR'),to_date('29/11/18','DD/MM/RR'));
Insert into FIPLAN_GMA_DES.DHWTB011_OCORRENCIA (IDEN_OCORRENCIA,IDEN_UNIDADE_ADMINISTRATIVA,CODG_UNIDADE_ORCAMENTARIA,DESC_UNIDADE_ORCAMENTARIA,SIGLA_UNIDADE_ORCAMENTARIA,NUMR_EXER_UND_ORCAMENTARIA,IDEN_TIPO_OCORRENCIA,IDEN_GRUPO_PENDENCIA,IDEN_SUBGRUPO_PENDENCIA,IDEN_TIPO_PENDENCIA,DATA_INSCRICAO,FLAG_SITUACAO_PENDENCIA,DATA_REGULARIZACAO,DATA_CRIACAO,DATA_ATUALIZACAO) values ('42','144','1101','ASSEMBL…IA LEGISLATIVA DO ESTADO DE MATO GROSSO','AL/MT','2018','51',null,null,null,to_date('01/11/18','DD/MM/RR'),'REGULARIZADA',to_date('01/11/18','DD/MM/RR'),to_date('23/11/18','DD/MM/RR'),to_date('29/11/18','DD/MM/RR'));
Insert into FIPLAN_GMA_DES.DHWTB011_OCORRENCIA (IDEN_OCORRENCIA,IDEN_UNIDADE_ADMINISTRATIVA,CODG_UNIDADE_ORCAMENTARIA,DESC_UNIDADE_ORCAMENTARIA,SIGLA_UNIDADE_ORCAMENTARIA,NUMR_EXER_UND_ORCAMENTARIA,IDEN_TIPO_OCORRENCIA,IDEN_GRUPO_PENDENCIA,IDEN_SUBGRUPO_PENDENCIA,IDEN_TIPO_PENDENCIA,DATA_INSCRICAO,FLAG_SITUACAO_PENDENCIA,DATA_REGULARIZACAO,DATA_CRIACAO,DATA_ATUALIZACAO) values ('44','142','9101','PROCURADORIA GERAL DO ESTADO','PGE/MT','2018','56',null,null,null,to_date('01/11/18','DD/MM/RR'),'EM_REGULARIZACAO',null,to_date('23/11/18','DD/MM/RR'),to_date('29/11/18','DD/MM/RR'));
Insert into FIPLAN_GMA_DES.DHWTB011_OCORRENCIA (IDEN_OCORRENCIA,IDEN_UNIDADE_ADMINISTRATIVA,CODG_UNIDADE_ORCAMENTARIA,DESC_UNIDADE_ORCAMENTARIA,SIGLA_UNIDADE_ORCAMENTARIA,NUMR_EXER_UND_ORCAMENTARIA,IDEN_TIPO_OCORRENCIA,IDEN_GRUPO_PENDENCIA,IDEN_SUBGRUPO_PENDENCIA,IDEN_TIPO_PENDENCIA,DATA_INSCRICAO,FLAG_SITUACAO_PENDENCIA,DATA_REGULARIZACAO,DATA_CRIACAO,DATA_ATUALIZACAO) values ('37','57',null,null,null,null,'56',null,null,null,to_date('01/11/18','DD/MM/RR'),'SUSPENSA',null,to_date('23/11/18','DD/MM/RR'),to_date('28/11/18','DD/MM/RR'));
Insert into FIPLAN_GMA_DES.DHWTB011_OCORRENCIA (IDEN_OCORRENCIA,IDEN_UNIDADE_ADMINISTRATIVA,CODG_UNIDADE_ORCAMENTARIA,DESC_UNIDADE_ORCAMENTARIA,SIGLA_UNIDADE_ORCAMENTARIA,NUMR_EXER_UND_ORCAMENTARIA,IDEN_TIPO_OCORRENCIA,IDEN_GRUPO_PENDENCIA,IDEN_SUBGRUPO_PENDENCIA,IDEN_TIPO_PENDENCIA,DATA_INSCRICAO,FLAG_SITUACAO_PENDENCIA,DATA_REGULARIZACAO,DATA_CRIACAO,DATA_ATUALIZACAO) values ('43','143','11101','SECRETARIA DE ESTADO DE GEST√O','SEGES/MT','2018','51',null,null,null,to_date('01/11/18','DD/MM/RR'),'SUSPENSA',null,to_date('23/11/18','DD/MM/RR'),to_date('28/11/18','DD/MM/RR'));
REM INSERTING into FIPLAN_GMA_DES.DHWTB017_PERFIL_ACESSO
SET DEFINE OFF;
Insert into FIPLAN_GMA_DES.DHWTB017_PERFIL_ACESSO (IDEN_PERFIL_ACESSO,DATA_ATUALIZACAO,DATA_CRIACAO,VERSAO,DESCRICAO,FLAG_SITUACAO,NOME) values ('1',to_timestamp('13/11/18 14:24:22,585000000','DD/MM/RR HH24:MI:SSXFF'),to_timestamp('26/10/18 10:20:45,790000000','DD/MM/RR HH24:MI:SSXFF'),'3','Perfil com acesso total','ATIVO','Master');
REM INSERTING into FIPLAN_GMA_DES.DHWTB017_PERFIL_ACESSO_AUD
SET DEFINE OFF;
Insert into FIPLAN_GMA_DES.DHWTB017_PERFIL_ACESSO_AUD (IDEN_PERFIL_ACESSO,IDEN_AUDITORIA,TIPO_OPERACAO,DESCRICAO,FLAG_SITUACAO,NOME) values ('1','29','1','Perfil Master','ATIVO','Master');
Insert into FIPLAN_GMA_DES.DHWTB017_PERFIL_ACESSO_AUD (IDEN_PERFIL_ACESSO,IDEN_AUDITORIA,TIPO_OPERACAO,DESCRICAO,FLAG_SITUACAO,NOME) values ('1','31','1','Perfil Master','ATIVO','Master');
Insert into FIPLAN_GMA_DES.DHWTB017_PERFIL_ACESSO_AUD (IDEN_PERFIL_ACESSO,IDEN_AUDITORIA,TIPO_OPERACAO,DESCRICAO,FLAG_SITUACAO,NOME) values ('4','322','2','Perfil para Controle de Usu·rio','ATIVO','Controle de Usuario');
Insert into FIPLAN_GMA_DES.DHWTB017_PERFIL_ACESSO_AUD (IDEN_PERFIL_ACESSO,IDEN_AUDITORIA,TIPO_OPERACAO,DESCRICAO,FLAG_SITUACAO,NOME) values ('1','323','2','Perfil Master','ATIVO','Master');
Insert into FIPLAN_GMA_DES.DHWTB017_PERFIL_ACESSO_AUD (IDEN_PERFIL_ACESSO,IDEN_AUDITORIA,TIPO_OPERACAO,DESCRICAO,FLAG_SITUACAO,NOME) values ('1','324','0','Perfil com acesso total','ATIVO','Master');
Insert into FIPLAN_GMA_DES.DHWTB017_PERFIL_ACESSO_AUD (IDEN_PERFIL_ACESSO,IDEN_AUDITORIA,TIPO_OPERACAO,DESCRICAO,FLAG_SITUACAO,NOME) values ('1','326','1','Perfil com acesso total','ATIVO','Master');
Insert into FIPLAN_GMA_DES.DHWTB017_PERFIL_ACESSO_AUD (IDEN_PERFIL_ACESSO,IDEN_AUDITORIA,TIPO_OPERACAO,DESCRICAO,FLAG_SITUACAO,NOME) values ('1','146','1','Perfil Master','ATIVO','Master');
Insert into FIPLAN_GMA_DES.DHWTB017_PERFIL_ACESSO_AUD (IDEN_PERFIL_ACESSO,IDEN_AUDITORIA,TIPO_OPERACAO,DESCRICAO,FLAG_SITUACAO,NOME) values ('4','4','0','Perfil para Controle de Usu·rio','ATIVO','Controle de Usuario');
Insert into FIPLAN_GMA_DES.DHWTB017_PERFIL_ACESSO_AUD (IDEN_PERFIL_ACESSO,IDEN_AUDITORIA,TIPO_OPERACAO,DESCRICAO,FLAG_SITUACAO,NOME) values ('1','23','1','Perfil Master','ATIVO','Master');
Insert into FIPLAN_GMA_DES.DHWTB017_PERFIL_ACESSO_AUD (IDEN_PERFIL_ACESSO,IDEN_AUDITORIA,TIPO_OPERACAO,DESCRICAO,FLAG_SITUACAO,NOME) values ('1','34','1','Perfil Master','ATIVO','Master');
Insert into FIPLAN_GMA_DES.DHWTB017_PERFIL_ACESSO_AUD (IDEN_PERFIL_ACESSO,IDEN_AUDITORIA,TIPO_OPERACAO,DESCRICAO,FLAG_SITUACAO,NOME) values ('1','728','1','Perfil com acesso total','ATIVO','Master');
REM INSERTING into FIPLAN_GMA_DES.DHWTB017_PERFIL_FUNC
SET DEFINE OFF;
Insert into FIPLAN_GMA_DES.DHWTB017_PERFIL_FUNC (IDEN_PERFIL_ACESSO,IDEN_FUNCIONALIDADE) values ('1','1');
Insert into FIPLAN_GMA_DES.DHWTB017_PERFIL_FUNC (IDEN_PERFIL_ACESSO,IDEN_FUNCIONALIDADE) values ('1','2');
Insert into FIPLAN_GMA_DES.DHWTB017_PERFIL_FUNC (IDEN_PERFIL_ACESSO,IDEN_FUNCIONALIDADE) values ('1','3');
Insert into FIPLAN_GMA_DES.DHWTB017_PERFIL_FUNC (IDEN_PERFIL_ACESSO,IDEN_FUNCIONALIDADE) values ('1','4');
Insert into FIPLAN_GMA_DES.DHWTB017_PERFIL_FUNC (IDEN_PERFIL_ACESSO,IDEN_FUNCIONALIDADE) values ('1','5');
Insert into FIPLAN_GMA_DES.DHWTB017_PERFIL_FUNC (IDEN_PERFIL_ACESSO,IDEN_FUNCIONALIDADE) values ('1','6');
Insert into FIPLAN_GMA_DES.DHWTB017_PERFIL_FUNC (IDEN_PERFIL_ACESSO,IDEN_FUNCIONALIDADE) values ('1','7');
Insert into FIPLAN_GMA_DES.DHWTB017_PERFIL_FUNC (IDEN_PERFIL_ACESSO,IDEN_FUNCIONALIDADE) values ('1','8');
Insert into FIPLAN_GMA_DES.DHWTB017_PERFIL_FUNC (IDEN_PERFIL_ACESSO,IDEN_FUNCIONALIDADE) values ('1','9');
Insert into FIPLAN_GMA_DES.DHWTB017_PERFIL_FUNC (IDEN_PERFIL_ACESSO,IDEN_FUNCIONALIDADE) values ('1','10');
Insert into FIPLAN_GMA_DES.DHWTB017_PERFIL_FUNC (IDEN_PERFIL_ACESSO,IDEN_FUNCIONALIDADE) values ('1','11');
Insert into FIPLAN_GMA_DES.DHWTB017_PERFIL_FUNC (IDEN_PERFIL_ACESSO,IDEN_FUNCIONALIDADE) values ('1','12');
Insert into FIPLAN_GMA_DES.DHWTB017_PERFIL_FUNC (IDEN_PERFIL_ACESSO,IDEN_FUNCIONALIDADE) values ('1','13');
Insert into FIPLAN_GMA_DES.DHWTB017_PERFIL_FUNC (IDEN_PERFIL_ACESSO,IDEN_FUNCIONALIDADE) values ('1','14');
Insert into FIPLAN_GMA_DES.DHWTB017_PERFIL_FUNC (IDEN_PERFIL_ACESSO,IDEN_FUNCIONALIDADE) values ('1','15');
Insert into FIPLAN_GMA_DES.DHWTB017_PERFIL_FUNC (IDEN_PERFIL_ACESSO,IDEN_FUNCIONALIDADE) values ('1','16');
Insert into FIPLAN_GMA_DES.DHWTB017_PERFIL_FUNC (IDEN_PERFIL_ACESSO,IDEN_FUNCIONALIDADE) values ('1','17');
Insert into FIPLAN_GMA_DES.DHWTB017_PERFIL_FUNC (IDEN_PERFIL_ACESSO,IDEN_FUNCIONALIDADE) values ('1','18');
Insert into FIPLAN_GMA_DES.DHWTB017_PERFIL_FUNC (IDEN_PERFIL_ACESSO,IDEN_FUNCIONALIDADE) values ('1','19');
Insert into FIPLAN_GMA_DES.DHWTB017_PERFIL_FUNC (IDEN_PERFIL_ACESSO,IDEN_FUNCIONALIDADE) values ('1','20');
Insert into FIPLAN_GMA_DES.DHWTB017_PERFIL_FUNC (IDEN_PERFIL_ACESSO,IDEN_FUNCIONALIDADE) values ('1','21');
Insert into FIPLAN_GMA_DES.DHWTB017_PERFIL_FUNC (IDEN_PERFIL_ACESSO,IDEN_FUNCIONALIDADE) values ('1','22');
Insert into FIPLAN_GMA_DES.DHWTB017_PERFIL_FUNC (IDEN_PERFIL_ACESSO,IDEN_FUNCIONALIDADE) values ('1','23');
Insert into FIPLAN_GMA_DES.DHWTB017_PERFIL_FUNC (IDEN_PERFIL_ACESSO,IDEN_FUNCIONALIDADE) values ('1','24');
Insert into FIPLAN_GMA_DES.DHWTB017_PERFIL_FUNC (IDEN_PERFIL_ACESSO,IDEN_FUNCIONALIDADE) values ('1','25');
Insert into FIPLAN_GMA_DES.DHWTB017_PERFIL_FUNC (IDEN_PERFIL_ACESSO,IDEN_FUNCIONALIDADE) values ('1','26');
Insert into FIPLAN_GMA_DES.DHWTB017_PERFIL_FUNC (IDEN_PERFIL_ACESSO,IDEN_FUNCIONALIDADE) values ('1','27');
Insert into FIPLAN_GMA_DES.DHWTB017_PERFIL_FUNC (IDEN_PERFIL_ACESSO,IDEN_FUNCIONALIDADE) values ('1','28');
Insert into FIPLAN_GMA_DES.DHWTB017_PERFIL_FUNC (IDEN_PERFIL_ACESSO,IDEN_FUNCIONALIDADE) values ('1','29');
Insert into FIPLAN_GMA_DES.DHWTB017_PERFIL_FUNC (IDEN_PERFIL_ACESSO,IDEN_FUNCIONALIDADE) values ('1','30');
Insert into FIPLAN_GMA_DES.DHWTB017_PERFIL_FUNC (IDEN_PERFIL_ACESSO,IDEN_FUNCIONALIDADE) values ('1','31');
Insert into FIPLAN_GMA_DES.DHWTB017_PERFIL_FUNC (IDEN_PERFIL_ACESSO,IDEN_FUNCIONALIDADE) values ('1','32');
Insert into FIPLAN_GMA_DES.DHWTB017_PERFIL_FUNC (IDEN_PERFIL_ACESSO,IDEN_FUNCIONALIDADE) values ('1','33');
Insert into FIPLAN_GMA_DES.DHWTB017_PERFIL_FUNC (IDEN_PERFIL_ACESSO,IDEN_FUNCIONALIDADE) values ('1','34');
Insert into FIPLAN_GMA_DES.DHWTB017_PERFIL_FUNC (IDEN_PERFIL_ACESSO,IDEN_FUNCIONALIDADE) values ('1','35');
Insert into FIPLAN_GMA_DES.DHWTB017_PERFIL_FUNC (IDEN_PERFIL_ACESSO,IDEN_FUNCIONALIDADE) values ('1','36');
Insert into FIPLAN_GMA_DES.DHWTB017_PERFIL_FUNC (IDEN_PERFIL_ACESSO,IDEN_FUNCIONALIDADE) values ('1','37');
Insert into FIPLAN_GMA_DES.DHWTB017_PERFIL_FUNC (IDEN_PERFIL_ACESSO,IDEN_FUNCIONALIDADE) values ('1','38');
Insert into FIPLAN_GMA_DES.DHWTB017_PERFIL_FUNC (IDEN_PERFIL_ACESSO,IDEN_FUNCIONALIDADE) values ('1','39');
Insert into FIPLAN_GMA_DES.DHWTB017_PERFIL_FUNC (IDEN_PERFIL_ACESSO,IDEN_FUNCIONALIDADE) values ('1','40');
Insert into FIPLAN_GMA_DES.DHWTB017_PERFIL_FUNC (IDEN_PERFIL_ACESSO,IDEN_FUNCIONALIDADE) values ('1','41');
Insert into FIPLAN_GMA_DES.DHWTB017_PERFIL_FUNC (IDEN_PERFIL_ACESSO,IDEN_FUNCIONALIDADE) values ('1','42');
Insert into FIPLAN_GMA_DES.DHWTB017_PERFIL_FUNC (IDEN_PERFIL_ACESSO,IDEN_FUNCIONALIDADE) values ('1','43');
Insert into FIPLAN_GMA_DES.DHWTB017_PERFIL_FUNC (IDEN_PERFIL_ACESSO,IDEN_FUNCIONALIDADE) values ('1','44');
Insert into FIPLAN_GMA_DES.DHWTB017_PERFIL_FUNC (IDEN_PERFIL_ACESSO,IDEN_FUNCIONALIDADE) values ('1','45');
Insert into FIPLAN_GMA_DES.DHWTB017_PERFIL_FUNC (IDEN_PERFIL_ACESSO,IDEN_FUNCIONALIDADE) values ('1','46');
Insert into FIPLAN_GMA_DES.DHWTB017_PERFIL_FUNC (IDEN_PERFIL_ACESSO,IDEN_FUNCIONALIDADE) values ('1','47');
Insert into FIPLAN_GMA_DES.DHWTB017_PERFIL_FUNC (IDEN_PERFIL_ACESSO,IDEN_FUNCIONALIDADE) values ('1','48');
Insert into FIPLAN_GMA_DES.DHWTB017_PERFIL_FUNC (IDEN_PERFIL_ACESSO,IDEN_FUNCIONALIDADE) values ('1','50');
REM INSERTING into FIPLAN_GMA_DES.DHWTB017_PERFIL_FUNC_AUD
SET DEFINE OFF;
Insert into FIPLAN_GMA_DES.DHWTB017_PERFIL_FUNC_AUD (IDEN_AUDITORIA,IDEN_PERFIL_ACESSO,IDEN_FUNCIONALIDADE,TIPO_OPERACAO) values ('29','1','3','0');
Insert into FIPLAN_GMA_DES.DHWTB017_PERFIL_FUNC_AUD (IDEN_AUDITORIA,IDEN_PERFIL_ACESSO,IDEN_FUNCIONALIDADE,TIPO_OPERACAO) values ('31','1','4','0');
Insert into FIPLAN_GMA_DES.DHWTB017_PERFIL_FUNC_AUD (IDEN_AUDITORIA,IDEN_PERFIL_ACESSO,IDEN_FUNCIONALIDADE,TIPO_OPERACAO) values ('326','1','1','0');
Insert into FIPLAN_GMA_DES.DHWTB017_PERFIL_FUNC_AUD (IDEN_AUDITORIA,IDEN_PERFIL_ACESSO,IDEN_FUNCIONALIDADE,TIPO_OPERACAO) values ('326','1','2','0');
Insert into FIPLAN_GMA_DES.DHWTB017_PERFIL_FUNC_AUD (IDEN_AUDITORIA,IDEN_PERFIL_ACESSO,IDEN_FUNCIONALIDADE,TIPO_OPERACAO) values ('326','1','3','0');
Insert into FIPLAN_GMA_DES.DHWTB017_PERFIL_FUNC_AUD (IDEN_AUDITORIA,IDEN_PERFIL_ACESSO,IDEN_FUNCIONALIDADE,TIPO_OPERACAO) values ('326','1','4','0');
Insert into FIPLAN_GMA_DES.DHWTB017_PERFIL_FUNC_AUD (IDEN_AUDITORIA,IDEN_PERFIL_ACESSO,IDEN_FUNCIONALIDADE,TIPO_OPERACAO) values ('146','1','3','2');
Insert into FIPLAN_GMA_DES.DHWTB017_PERFIL_FUNC_AUD (IDEN_AUDITORIA,IDEN_PERFIL_ACESSO,IDEN_FUNCIONALIDADE,TIPO_OPERACAO) values ('23','1','5','0');
Insert into FIPLAN_GMA_DES.DHWTB017_PERFIL_FUNC_AUD (IDEN_AUDITORIA,IDEN_PERFIL_ACESSO,IDEN_FUNCIONALIDADE,TIPO_OPERACAO) values ('23','1','6','0');
Insert into FIPLAN_GMA_DES.DHWTB017_PERFIL_FUNC_AUD (IDEN_AUDITORIA,IDEN_PERFIL_ACESSO,IDEN_FUNCIONALIDADE,TIPO_OPERACAO) values ('23','1','7','0');
Insert into FIPLAN_GMA_DES.DHWTB017_PERFIL_FUNC_AUD (IDEN_AUDITORIA,IDEN_PERFIL_ACESSO,IDEN_FUNCIONALIDADE,TIPO_OPERACAO) values ('23','1','8','0');
Insert into FIPLAN_GMA_DES.DHWTB017_PERFIL_FUNC_AUD (IDEN_AUDITORIA,IDEN_PERFIL_ACESSO,IDEN_FUNCIONALIDADE,TIPO_OPERACAO) values ('23','1','9','0');
Insert into FIPLAN_GMA_DES.DHWTB017_PERFIL_FUNC_AUD (IDEN_AUDITORIA,IDEN_PERFIL_ACESSO,IDEN_FUNCIONALIDADE,TIPO_OPERACAO) values ('23','1','10','0');
Insert into FIPLAN_GMA_DES.DHWTB017_PERFIL_FUNC_AUD (IDEN_AUDITORIA,IDEN_PERFIL_ACESSO,IDEN_FUNCIONALIDADE,TIPO_OPERACAO) values ('23','1','11','0');
Insert into FIPLAN_GMA_DES.DHWTB017_PERFIL_FUNC_AUD (IDEN_AUDITORIA,IDEN_PERFIL_ACESSO,IDEN_FUNCIONALIDADE,TIPO_OPERACAO) values ('23','1','12','0');
Insert into FIPLAN_GMA_DES.DHWTB017_PERFIL_FUNC_AUD (IDEN_AUDITORIA,IDEN_PERFIL_ACESSO,IDEN_FUNCIONALIDADE,TIPO_OPERACAO) values ('23','1','13','0');
Insert into FIPLAN_GMA_DES.DHWTB017_PERFIL_FUNC_AUD (IDEN_AUDITORIA,IDEN_PERFIL_ACESSO,IDEN_FUNCIONALIDADE,TIPO_OPERACAO) values ('23','1','14','0');
Insert into FIPLAN_GMA_DES.DHWTB017_PERFIL_FUNC_AUD (IDEN_AUDITORIA,IDEN_PERFIL_ACESSO,IDEN_FUNCIONALIDADE,TIPO_OPERACAO) values ('23','1','15','0');
Insert into FIPLAN_GMA_DES.DHWTB017_PERFIL_FUNC_AUD (IDEN_AUDITORIA,IDEN_PERFIL_ACESSO,IDEN_FUNCIONALIDADE,TIPO_OPERACAO) values ('23','1','16','0');
Insert into FIPLAN_GMA_DES.DHWTB017_PERFIL_FUNC_AUD (IDEN_AUDITORIA,IDEN_PERFIL_ACESSO,IDEN_FUNCIONALIDADE,TIPO_OPERACAO) values ('23','1','17','0');
Insert into FIPLAN_GMA_DES.DHWTB017_PERFIL_FUNC_AUD (IDEN_AUDITORIA,IDEN_PERFIL_ACESSO,IDEN_FUNCIONALIDADE,TIPO_OPERACAO) values ('23','1','1','0');
Insert into FIPLAN_GMA_DES.DHWTB017_PERFIL_FUNC_AUD (IDEN_AUDITORIA,IDEN_PERFIL_ACESSO,IDEN_FUNCIONALIDADE,TIPO_OPERACAO) values ('23','1','2','0');
Insert into FIPLAN_GMA_DES.DHWTB017_PERFIL_FUNC_AUD (IDEN_AUDITORIA,IDEN_PERFIL_ACESSO,IDEN_FUNCIONALIDADE,TIPO_OPERACAO) values ('23','1','3','0');
Insert into FIPLAN_GMA_DES.DHWTB017_PERFIL_FUNC_AUD (IDEN_AUDITORIA,IDEN_PERFIL_ACESSO,IDEN_FUNCIONALIDADE,TIPO_OPERACAO) values ('23','1','4','0');
Insert into FIPLAN_GMA_DES.DHWTB017_PERFIL_FUNC_AUD (IDEN_AUDITORIA,IDEN_PERFIL_ACESSO,IDEN_FUNCIONALIDADE,TIPO_OPERACAO) values ('34','1','4','2');
Insert into FIPLAN_GMA_DES.DHWTB017_PERFIL_FUNC_AUD (IDEN_AUDITORIA,IDEN_PERFIL_ACESSO,IDEN_FUNCIONALIDADE,TIPO_OPERACAO) values ('728','1','47','0');
Insert into FIPLAN_GMA_DES.DHWTB017_PERFIL_FUNC_AUD (IDEN_AUDITORIA,IDEN_PERFIL_ACESSO,IDEN_FUNCIONALIDADE,TIPO_OPERACAO) values ('728','1','48','0');
Insert into FIPLAN_GMA_DES.DHWTB017_PERFIL_FUNC_AUD (IDEN_AUDITORIA,IDEN_PERFIL_ACESSO,IDEN_FUNCIONALIDADE,TIPO_OPERACAO) values ('728','1','50','0');
REM INSERTING into FIPLAN_GMA_DES.DHWTB018_USUARIO
SET DEFINE OFF;
Insert into FIPLAN_GMA_DES.DHWTB018_USUARIO (IDEN_USUARIO,DATA_ATUALIZACAO,DATA_CRIACAO,VERSAO,NUMR_CPF,DATA_ULTIMO_ACESSO,FLAG_SITUACAO) values ('7',null,to_timestamp('27/11/18 12:31:31,277000000','DD/MM/RR HH24:MI:SSXFF'),'0','2719840157',to_timestamp('27/11/18 12:38:18,194000000','DD/MM/RR HH24:MI:SSXFF'),'ATIVO');
Insert into FIPLAN_GMA_DES.DHWTB018_USUARIO (IDEN_USUARIO,DATA_ATUALIZACAO,DATA_CRIACAO,VERSAO,NUMR_CPF,DATA_ULTIMO_ACESSO,FLAG_SITUACAO) values ('6',to_timestamp('21/11/18 15:33:51,368000000','DD/MM/RR HH24:MI:SSXFF'),to_timestamp('21/11/18 14:39:40,170000000','DD/MM/RR HH24:MI:SSXFF'),'6','539211192',to_timestamp('27/11/18 16:21:57,191000000','DD/MM/RR HH24:MI:SSXFF'),'ATIVO');
Insert into FIPLAN_GMA_DES.DHWTB018_USUARIO (IDEN_USUARIO,DATA_ATUALIZACAO,DATA_CRIACAO,VERSAO,NUMR_CPF,DATA_ULTIMO_ACESSO,FLAG_SITUACAO) values ('1',to_timestamp('12/11/18 16:27:43,482000000','DD/MM/RR HH24:MI:SSXFF'),to_timestamp('02/10/18 17:07:37,000000000','DD/MM/RR HH24:MI:SSXFF'),'2','36329059918',to_timestamp('30/11/18 10:46:19,379000000','DD/MM/RR HH24:MI:SSXFF'),'ATIVO');
Insert into FIPLAN_GMA_DES.DHWTB018_USUARIO (IDEN_USUARIO,DATA_ATUALIZACAO,DATA_CRIACAO,VERSAO,NUMR_CPF,DATA_ULTIMO_ACESSO,FLAG_SITUACAO) values ('5',null,to_timestamp('12/11/18 13:43:07,618000000','DD/MM/RR HH24:MI:SSXFF'),'0','2160432121',null,'ATIVO');
Insert into FIPLAN_GMA_DES.DHWTB018_USUARIO (IDEN_USUARIO,DATA_ATUALIZACAO,DATA_CRIACAO,VERSAO,NUMR_CPF,DATA_ULTIMO_ACESSO,FLAG_SITUACAO) values ('2',to_timestamp('09/11/18 17:13:28,040000000','DD/MM/RR HH24:MI:SSXFF'),to_timestamp('16/11/18 16:23:57,171000000','DD/MM/RR HH24:MI:SSXFF'),'1','3302175183',to_timestamp('27/11/18 17:27:59,778000000','DD/MM/RR HH24:MI:SSXFF'),'ATIVO');
Insert into FIPLAN_GMA_DES.DHWTB018_USUARIO (IDEN_USUARIO,DATA_ATUALIZACAO,DATA_CRIACAO,VERSAO,NUMR_CPF,DATA_ULTIMO_ACESSO,FLAG_SITUACAO) values ('4',to_timestamp('22/11/18 15:28:03,486000000','DD/MM/RR HH24:MI:SSXFF'),to_timestamp('16/11/18 16:34:57,171000000','DD/MM/RR HH24:MI:SSXFF'),'2','4267231125',to_timestamp('28/11/18 10:31:06,847000000','DD/MM/RR HH24:MI:SSXFF'),'ATIVO');
REM INSERTING into FIPLAN_GMA_DES.DHWTB018_USUARIO_AUD
SET DEFINE OFF;
Insert into FIPLAN_GMA_DES.DHWTB018_USUARIO_AUD (IDEN_USUARIO,IDEN_AUDITORIA,TIPO_OPERACAO,NUMR_CPF,DATA_ULTIMO_ACESSO,SESSION_ID,FLAG_SITUACAO) values ('2','637','1','3302175183',to_timestamp('09/11/18 16:45:09,188000000','DD/MM/RR HH24:MI:SSXFF'),null,'ATIVO');
Insert into FIPLAN_GMA_DES.DHWTB018_USUARIO_AUD (IDEN_USUARIO,IDEN_AUDITORIA,TIPO_OPERACAO,NUMR_CPF,DATA_ULTIMO_ACESSO,SESSION_ID,FLAG_SITUACAO) values ('1','657','1','36329059918',to_timestamp('12/11/18 15:55:30,337000000','DD/MM/RR HH24:MI:SSXFF'),null,'ATIVO');
Insert into FIPLAN_GMA_DES.DHWTB018_USUARIO_AUD (IDEN_USUARIO,IDEN_AUDITORIA,TIPO_OPERACAO,NUMR_CPF,DATA_ULTIMO_ACESSO,SESSION_ID,FLAG_SITUACAO) values ('6','841','1','539211192',to_timestamp('21/11/18 15:33:51,361000000','DD/MM/RR HH24:MI:SSXFF'),null,'ATIVO');
Insert into FIPLAN_GMA_DES.DHWTB018_USUARIO_AUD (IDEN_USUARIO,IDEN_AUDITORIA,TIPO_OPERACAO,NUMR_CPF,DATA_ULTIMO_ACESSO,SESSION_ID,FLAG_SITUACAO) values ('4','858','1','4267231125',to_timestamp('22/11/18 15:28:03,456000000','DD/MM/RR HH24:MI:SSXFF'),null,'ATIVO');
Insert into FIPLAN_GMA_DES.DHWTB018_USUARIO_AUD (IDEN_USUARIO,IDEN_AUDITORIA,TIPO_OPERACAO,NUMR_CPF,DATA_ULTIMO_ACESSO,SESSION_ID,FLAG_SITUACAO) values ('7','934','0','2719840157',null,null,'ATIVO');
Insert into FIPLAN_GMA_DES.DHWTB018_USUARIO_AUD (IDEN_USUARIO,IDEN_AUDITORIA,TIPO_OPERACAO,NUMR_CPF,DATA_ULTIMO_ACESSO,SESSION_ID,FLAG_SITUACAO) values ('6','835','0','539211192',null,null,'ATIVO');
Insert into FIPLAN_GMA_DES.DHWTB018_USUARIO_AUD (IDEN_USUARIO,IDEN_AUDITORIA,TIPO_OPERACAO,NUMR_CPF,DATA_ULTIMO_ACESSO,SESSION_ID,FLAG_SITUACAO) values ('6','836','1','539211192',to_timestamp('21/11/18 15:23:59,838000000','DD/MM/RR HH24:MI:SSXFF'),null,'ATIVO');
Insert into FIPLAN_GMA_DES.DHWTB018_USUARIO_AUD (IDEN_USUARIO,IDEN_AUDITORIA,TIPO_OPERACAO,NUMR_CPF,DATA_ULTIMO_ACESSO,SESSION_ID,FLAG_SITUACAO) values ('6','837','1','539211192',to_timestamp('21/11/18 15:24:40,957000000','DD/MM/RR HH24:MI:SSXFF'),null,'ATIVO');
Insert into FIPLAN_GMA_DES.DHWTB018_USUARIO_AUD (IDEN_USUARIO,IDEN_AUDITORIA,TIPO_OPERACAO,NUMR_CPF,DATA_ULTIMO_ACESSO,SESSION_ID,FLAG_SITUACAO) values ('1','1','1','36329059918',to_timestamp('03/10/18 10:12:08,160000000','DD/MM/RR HH24:MI:SSXFF'),null,'ATIVO');
Insert into FIPLAN_GMA_DES.DHWTB018_USUARIO_AUD (IDEN_USUARIO,IDEN_AUDITORIA,TIPO_OPERACAO,NUMR_CPF,DATA_ULTIMO_ACESSO,SESSION_ID,FLAG_SITUACAO) values ('6','321','1','4267231125',to_timestamp('26/10/18 10:18:44,665000000','DD/MM/RR HH24:MI:SSXFF'),null,'ATIVO');
Insert into FIPLAN_GMA_DES.DHWTB018_USUARIO_AUD (IDEN_USUARIO,IDEN_AUDITORIA,TIPO_OPERACAO,NUMR_CPF,DATA_ULTIMO_ACESSO,SESSION_ID,FLAG_SITUACAO) values ('6','325','1','4267231125',to_timestamp('26/10/18 10:18:44,665000000','DD/MM/RR HH24:MI:SSXFF'),null,'ATIVO');
Insert into FIPLAN_GMA_DES.DHWTB018_USUARIO_AUD (IDEN_USUARIO,IDEN_AUDITORIA,TIPO_OPERACAO,NUMR_CPF,DATA_ULTIMO_ACESSO,SESSION_ID,FLAG_SITUACAO) values ('2','333','0','72514575044',null,null,'ATIVO');
Insert into FIPLAN_GMA_DES.DHWTB018_USUARIO_AUD (IDEN_USUARIO,IDEN_AUDITORIA,TIPO_OPERACAO,NUMR_CPF,DATA_ULTIMO_ACESSO,SESSION_ID,FLAG_SITUACAO) values ('2','335','2','72514575044',null,null,'ATIVO');
Insert into FIPLAN_GMA_DES.DHWTB018_USUARIO_AUD (IDEN_USUARIO,IDEN_AUDITORIA,TIPO_OPERACAO,NUMR_CPF,DATA_ULTIMO_ACESSO,SESSION_ID,FLAG_SITUACAO) values ('3','336','0','99099722125',null,null,'ATIVO');
Insert into FIPLAN_GMA_DES.DHWTB018_USUARIO_AUD (IDEN_USUARIO,IDEN_AUDITORIA,TIPO_OPERACAO,NUMR_CPF,DATA_ULTIMO_ACESSO,SESSION_ID,FLAG_SITUACAO) values ('5','2','0','2160432121',null,null,'ATIVO');
Insert into FIPLAN_GMA_DES.DHWTB018_USUARIO_AUD (IDEN_USUARIO,IDEN_AUDITORIA,TIPO_OPERACAO,NUMR_CPF,DATA_ULTIMO_ACESSO,SESSION_ID,FLAG_SITUACAO) values ('5','22','2','2160432121',null,null,'ATIVO');
Insert into FIPLAN_GMA_DES.DHWTB018_USUARIO_AUD (IDEN_USUARIO,IDEN_AUDITORIA,TIPO_OPERACAO,NUMR_CPF,DATA_ULTIMO_ACESSO,SESSION_ID,FLAG_SITUACAO) values ('6','24','0','4267231125',null,null,'ATIVO');
Insert into FIPLAN_GMA_DES.DHWTB018_USUARIO_AUD (IDEN_USUARIO,IDEN_AUDITORIA,TIPO_OPERACAO,NUMR_CPF,DATA_ULTIMO_ACESSO,SESSION_ID,FLAG_SITUACAO) values ('6','25','1','4267231125',null,null,'ATIVO');
Insert into FIPLAN_GMA_DES.DHWTB018_USUARIO_AUD (IDEN_USUARIO,IDEN_AUDITORIA,TIPO_OPERACAO,NUMR_CPF,DATA_ULTIMO_ACESSO,SESSION_ID,FLAG_SITUACAO) values ('5','655','0','2160432121',null,null,'ATIVO');
REM INSERTING into FIPLAN_GMA_DES.DHWTB018_USUARIO_PERFIL
SET DEFINE OFF;
Insert into FIPLAN_GMA_DES.DHWTB018_USUARIO_PERFIL (IDEN_USUARIO,IDEN_PERFIL_ACESSO) values ('2','1');
Insert into FIPLAN_GMA_DES.DHWTB018_USUARIO_PERFIL (IDEN_USUARIO,IDEN_PERFIL_ACESSO) values ('1','1');
Insert into FIPLAN_GMA_DES.DHWTB018_USUARIO_PERFIL (IDEN_USUARIO,IDEN_PERFIL_ACESSO) values ('6','1');
Insert into FIPLAN_GMA_DES.DHWTB018_USUARIO_PERFIL (IDEN_USUARIO,IDEN_PERFIL_ACESSO) values ('4','1');
Insert into FIPLAN_GMA_DES.DHWTB018_USUARIO_PERFIL (IDEN_USUARIO,IDEN_PERFIL_ACESSO) values ('7','1');
REM INSERTING into FIPLAN_GMA_DES.DHWTB018_USUARIO_PERFIL_AUD
SET DEFINE OFF;
Insert into FIPLAN_GMA_DES.DHWTB018_USUARIO_PERFIL_AUD (IDEN_AUDITORIA,IDEN_USUARIO,IDEN_PERFIL_ACESSO,TIPO_OPERACAO) values ('637','2','1','2');
Insert into FIPLAN_GMA_DES.DHWTB018_USUARIO_PERFIL_AUD (IDEN_AUDITORIA,IDEN_USUARIO,IDEN_PERFIL_ACESSO,TIPO_OPERACAO) values ('657','1','1','0');
Insert into FIPLAN_GMA_DES.DHWTB018_USUARIO_PERFIL_AUD (IDEN_AUDITORIA,IDEN_USUARIO,IDEN_PERFIL_ACESSO,TIPO_OPERACAO) values ('321','6','1','2');
Insert into FIPLAN_GMA_DES.DHWTB018_USUARIO_PERFIL_AUD (IDEN_AUDITORIA,IDEN_USUARIO,IDEN_PERFIL_ACESSO,TIPO_OPERACAO) values ('325','6','1','0');
Insert into FIPLAN_GMA_DES.DHWTB018_USUARIO_PERFIL_AUD (IDEN_AUDITORIA,IDEN_USUARIO,IDEN_PERFIL_ACESSO,TIPO_OPERACAO) values ('25','6','1','0');
REM INSERTING into FIPLAN_GMA_DES.DHWTB024_FUNCIONALIDADE
SET DEFINE OFF;
Insert into FIPLAN_GMA_DES.DHWTB024_FUNCIONALIDADE (IDEN_FUNCIONALIDADE,DATA_ATUALIZACAO,DATA_CRIACAO,VERSAO,DESCRICAO,NOME,FLAG_SITUACAO) values ('49',to_timestamp('13/11/18 14:22:02,915000000','DD/MM/RR HH24:MI:SSXFF'),to_timestamp('13/11/18 14:12:43,492000000','DD/MM/RR HH24:MI:SSXFF'),'1','Alterar OcorrÍncia','ROLE_ALTERAR_OCORRENCIA','ATIVO');
Insert into FIPLAN_GMA_DES.DHWTB024_FUNCIONALIDADE (IDEN_FUNCIONALIDADE,DATA_ATUALIZACAO,DATA_CRIACAO,VERSAO,DESCRICAO,NOME,FLAG_SITUACAO) values ('50',to_timestamp('13/11/18 14:22:12,499000000','DD/MM/RR HH24:MI:SSXFF'),to_timestamp('13/11/18 14:17:51,780000000','DD/MM/RR HH24:MI:SSXFF'),'1','Excluir OcorrÍncia','ROLE_EXCLUIR_OCORRENCIA','ATIVO');
Insert into FIPLAN_GMA_DES.DHWTB024_FUNCIONALIDADE (IDEN_FUNCIONALIDADE,DATA_ATUALIZACAO,DATA_CRIACAO,VERSAO,DESCRICAO,NOME,FLAG_SITUACAO) values ('47',to_timestamp('13/11/18 14:30:01,776000000','DD/MM/RR HH24:MI:SSXFF'),to_timestamp('13/11/18 14:11:55,379000000','DD/MM/RR HH24:MI:SSXFF'),'6','Incluir OcorrÍncia','ROLE_INCLUIR_OCORRENCIA','ATIVO');
Insert into FIPLAN_GMA_DES.DHWTB024_FUNCIONALIDADE (IDEN_FUNCIONALIDADE,DATA_ATUALIZACAO,DATA_CRIACAO,VERSAO,DESCRICAO,NOME,FLAG_SITUACAO) values ('48',to_timestamp('13/11/18 14:26:43,805000000','DD/MM/RR HH24:MI:SSXFF'),to_timestamp('13/11/18 14:12:13,940000000','DD/MM/RR HH24:MI:SSXFF'),'2','Consultar OcorrÍncia','ROLE_CONSULTAR_OCORRENCIA','ATIVO');
Insert into FIPLAN_GMA_DES.DHWTB024_FUNCIONALIDADE (IDEN_FUNCIONALIDADE,DATA_ATUALIZACAO,DATA_CRIACAO,VERSAO,DESCRICAO,NOME,FLAG_SITUACAO) values ('1',to_timestamp('12/11/18 13:42:40,539000000','DD/MM/RR HH24:MI:SSXFF'),to_timestamp('25/10/18 17:23:12,000000000','DD/MM/RR HH24:MI:SSXFF'),'4','Incluir Usuario','ROLE_INCLUIR_USUARIO','ATIVO');
Insert into FIPLAN_GMA_DES.DHWTB024_FUNCIONALIDADE (IDEN_FUNCIONALIDADE,DATA_ATUALIZACAO,DATA_CRIACAO,VERSAO,DESCRICAO,NOME,FLAG_SITUACAO) values ('2',to_timestamp('09/11/18 17:11:21,069000000','DD/MM/RR HH24:MI:SSXFF'),to_timestamp('25/10/18 17:23:12,000000000','DD/MM/RR HH24:MI:SSXFF'),'4','Consultar Usuario','ROLE_CONSULTAR_USUARIO','ATIVO');
Insert into FIPLAN_GMA_DES.DHWTB024_FUNCIONALIDADE (IDEN_FUNCIONALIDADE,DATA_ATUALIZACAO,DATA_CRIACAO,VERSAO,DESCRICAO,NOME,FLAG_SITUACAO) values ('3',to_timestamp('09/11/18 17:17:57,622000000','DD/MM/RR HH24:MI:SSXFF'),to_timestamp('25/10/18 17:23:12,000000000','DD/MM/RR HH24:MI:SSXFF'),'10','Alterar Usuario','ROLE_ALTERAR_USUARIO','ATIVO');
Insert into FIPLAN_GMA_DES.DHWTB024_FUNCIONALIDADE (IDEN_FUNCIONALIDADE,DATA_ATUALIZACAO,DATA_CRIACAO,VERSAO,DESCRICAO,NOME,FLAG_SITUACAO) values ('4',to_timestamp('26/10/18 10:36:34,858000000','DD/MM/RR HH24:MI:SSXFF'),to_timestamp('25/10/18 17:23:12,000000000','DD/MM/RR HH24:MI:SSXFF'),'1','Excluir Usuario','ROLE_EXCLUIR_USUARIO','ATIVO');
Insert into FIPLAN_GMA_DES.DHWTB024_FUNCIONALIDADE (IDEN_FUNCIONALIDADE,DATA_ATUALIZACAO,DATA_CRIACAO,VERSAO,DESCRICAO,NOME,FLAG_SITUACAO) values ('5',to_timestamp('26/10/18 15:15:57,652000000','DD/MM/RR HH24:MI:SSXFF'),to_timestamp('25/10/18 17:23:12,000000000','DD/MM/RR HH24:MI:SSXFF'),'1','Incluir Perfil','ROLE_INCLUIR_PERFIL','ATIVO');
Insert into FIPLAN_GMA_DES.DHWTB024_FUNCIONALIDADE (IDEN_FUNCIONALIDADE,DATA_ATUALIZACAO,DATA_CRIACAO,VERSAO,DESCRICAO,NOME,FLAG_SITUACAO) values ('6',to_timestamp('12/11/18 13:46:34,653000000','DD/MM/RR HH24:MI:SSXFF'),to_timestamp('25/10/18 17:23:12,000000000','DD/MM/RR HH24:MI:SSXFF'),'10','Consultar Perfil','ROLE_CONSULTAR_PERFIL','ATIVO');
Insert into FIPLAN_GMA_DES.DHWTB024_FUNCIONALIDADE (IDEN_FUNCIONALIDADE,DATA_ATUALIZACAO,DATA_CRIACAO,VERSAO,DESCRICAO,NOME,FLAG_SITUACAO) values ('7',to_timestamp('26/10/18 15:16:44,226000000','DD/MM/RR HH24:MI:SSXFF'),to_timestamp('25/10/18 17:23:12,000000000','DD/MM/RR HH24:MI:SSXFF'),'3','Alterar Perfil','ROLE_ALTERAR_PERFIL','ATIVO');
Insert into FIPLAN_GMA_DES.DHWTB024_FUNCIONALIDADE (IDEN_FUNCIONALIDADE,DATA_ATUALIZACAO,DATA_CRIACAO,VERSAO,DESCRICAO,NOME,FLAG_SITUACAO) values ('8',to_timestamp('26/10/18 15:19:30,145000000','DD/MM/RR HH24:MI:SSXFF'),to_timestamp('25/10/18 17:23:12,000000000','DD/MM/RR HH24:MI:SSXFF'),'3','Excluir Perfil','ROLE_EXCLUIR_PERFIL','ATIVO');
Insert into FIPLAN_GMA_DES.DHWTB024_FUNCIONALIDADE (IDEN_FUNCIONALIDADE,DATA_ATUALIZACAO,DATA_CRIACAO,VERSAO,DESCRICAO,NOME,FLAG_SITUACAO) values ('9',to_timestamp('26/10/18 15:23:29,106000000','DD/MM/RR HH24:MI:SSXFF'),to_timestamp('25/10/18 17:23:12,000000000','DD/MM/RR HH24:MI:SSXFF'),'5','Consultar Perfil Funcionalidade','ROLE_VINCULAR_PERFIL_FUNCIONALIDADE','ATIVO');
Insert into FIPLAN_GMA_DES.DHWTB024_FUNCIONALIDADE (IDEN_FUNCIONALIDADE,DATA_ATUALIZACAO,DATA_CRIACAO,VERSAO,DESCRICAO,NOME,FLAG_SITUACAO) values ('10',null,to_timestamp('25/10/18 17:23:12,000000000','DD/MM/RR HH24:MI:SSXFF'),'0','Incluir Funcionalidade','ROLE_INCLUIR_FUNCIONALIDADE','ATIVO');
Insert into FIPLAN_GMA_DES.DHWTB024_FUNCIONALIDADE (IDEN_FUNCIONALIDADE,DATA_ATUALIZACAO,DATA_CRIACAO,VERSAO,DESCRICAO,NOME,FLAG_SITUACAO) values ('11',null,to_timestamp('25/10/18 17:23:12,000000000','DD/MM/RR HH24:MI:SSXFF'),'0','Consultar Funcionalidade','ROLE_CONSULTAR_FUNCIONALIDADE','ATIVO');
Insert into FIPLAN_GMA_DES.DHWTB024_FUNCIONALIDADE (IDEN_FUNCIONALIDADE,DATA_ATUALIZACAO,DATA_CRIACAO,VERSAO,DESCRICAO,NOME,FLAG_SITUACAO) values ('12',null,to_timestamp('25/10/18 17:23:12,000000000','DD/MM/RR HH24:MI:SSXFF'),'0','Alterar Funcionalidade','ROLE_ALTERAR_FUNCIONALIDADE','ATIVO');
Insert into FIPLAN_GMA_DES.DHWTB024_FUNCIONALIDADE (IDEN_FUNCIONALIDADE,DATA_ATUALIZACAO,DATA_CRIACAO,VERSAO,DESCRICAO,NOME,FLAG_SITUACAO) values ('13',null,to_timestamp('25/10/18 17:23:12,000000000','DD/MM/RR HH24:MI:SSXFF'),'0','Excluir Funcionalidade','ROLE_EXCLUIR_FUNCIONALIDADE','ATIVO');
Insert into FIPLAN_GMA_DES.DHWTB024_FUNCIONALIDADE (IDEN_FUNCIONALIDADE,DATA_ATUALIZACAO,DATA_CRIACAO,VERSAO,DESCRICAO,NOME,FLAG_SITUACAO) values ('14',null,to_timestamp('25/10/18 17:23:12,000000000','DD/MM/RR HH24:MI:SSXFF'),'0','Vincular Permiss„o','ROLE_VINCULAR_FUNCIONALIDADE','ATIVO');
Insert into FIPLAN_GMA_DES.DHWTB024_FUNCIONALIDADE (IDEN_FUNCIONALIDADE,DATA_ATUALIZACAO,DATA_CRIACAO,VERSAO,DESCRICAO,NOME,FLAG_SITUACAO) values ('15',to_timestamp('31/10/18 13:41:38,727000000','DD/MM/RR HH24:MI:SSXFF'),to_timestamp('25/10/18 17:23:12,000000000','DD/MM/RR HH24:MI:SSXFF'),'2','Incluir CNAE','ROLE_INCLUIR_CNAE','ATIVO');
Insert into FIPLAN_GMA_DES.DHWTB024_FUNCIONALIDADE (IDEN_FUNCIONALIDADE,DATA_ATUALIZACAO,DATA_CRIACAO,VERSAO,DESCRICAO,NOME,FLAG_SITUACAO) values ('16',to_timestamp('31/10/18 13:04:05,691000000','DD/MM/RR HH24:MI:SSXFF'),to_timestamp('25/10/18 17:23:13,000000000','DD/MM/RR HH24:MI:SSXFF'),'2','Consultar CNAE','ROLE_CONSULTAR_CNAE','ATIVO');
Insert into FIPLAN_GMA_DES.DHWTB024_FUNCIONALIDADE (IDEN_FUNCIONALIDADE,DATA_ATUALIZACAO,DATA_CRIACAO,VERSAO,DESCRICAO,NOME,FLAG_SITUACAO) values ('17',to_timestamp('31/10/18 13:51:10,577000000','DD/MM/RR HH24:MI:SSXFF'),to_timestamp('25/10/18 17:23:13,000000000','DD/MM/RR HH24:MI:SSXFF'),'14','Alterar CNAE','ROLE_ALTERAR_CNAE','ATIVO');
Insert into FIPLAN_GMA_DES.DHWTB024_FUNCIONALIDADE (IDEN_FUNCIONALIDADE,DATA_ATUALIZACAO,DATA_CRIACAO,VERSAO,DESCRICAO,NOME,FLAG_SITUACAO) values ('18',to_timestamp('31/10/18 13:54:42,938000000','DD/MM/RR HH24:MI:SSXFF'),to_timestamp('25/10/18 17:23:13,000000000','DD/MM/RR HH24:MI:SSXFF'),'4','Excluir CNAE','ROLE_EXCLUIR_CNAE','ATIVO');
Insert into FIPLAN_GMA_DES.DHWTB024_FUNCIONALIDADE (IDEN_FUNCIONALIDADE,DATA_ATUALIZACAO,DATA_CRIACAO,VERSAO,DESCRICAO,NOME,FLAG_SITUACAO) values ('19',to_timestamp('31/10/18 14:02:51,263000000','DD/MM/RR HH24:MI:SSXFF'),to_timestamp('25/10/18 17:23:13,000000000','DD/MM/RR HH24:MI:SSXFF'),'2','Incluir Natureza Juridica','ROLE_INCLUIR_NATUREZA_JURIDICA','ATIVO');
Insert into FIPLAN_GMA_DES.DHWTB024_FUNCIONALIDADE (IDEN_FUNCIONALIDADE,DATA_ATUALIZACAO,DATA_CRIACAO,VERSAO,DESCRICAO,NOME,FLAG_SITUACAO) values ('20',to_timestamp('31/10/18 14:03:13,235000000','DD/MM/RR HH24:MI:SSXFF'),to_timestamp('25/10/18 17:23:13,000000000','DD/MM/RR HH24:MI:SSXFF'),'2','Consultar Natureza Juridica','ROLE_CONSULTAR_NATUREZA_JURIDICA','ATIVO');
Insert into FIPLAN_GMA_DES.DHWTB024_FUNCIONALIDADE (IDEN_FUNCIONALIDADE,DATA_ATUALIZACAO,DATA_CRIACAO,VERSAO,DESCRICAO,NOME,FLAG_SITUACAO) values ('21',to_timestamp('31/10/18 14:04:00,904000000','DD/MM/RR HH24:MI:SSXFF'),to_timestamp('25/10/18 17:23:13,000000000','DD/MM/RR HH24:MI:SSXFF'),'4','Alterar Natureza Juridica','ROLE_ALTERAR_NATUREZA_JURIDICA','ATIVO');
Insert into FIPLAN_GMA_DES.DHWTB024_FUNCIONALIDADE (IDEN_FUNCIONALIDADE,DATA_ATUALIZACAO,DATA_CRIACAO,VERSAO,DESCRICAO,NOME,FLAG_SITUACAO) values ('22',to_timestamp('31/10/18 14:04:20,497000000','DD/MM/RR HH24:MI:SSXFF'),to_timestamp('25/10/18 17:23:13,000000000','DD/MM/RR HH24:MI:SSXFF'),'2','Excluir Natureza Juridica','ROLE_EXCLUIR_NATUREZA_JURIDICA','ATIVO');
Insert into FIPLAN_GMA_DES.DHWTB024_FUNCIONALIDADE (IDEN_FUNCIONALIDADE,DATA_ATUALIZACAO,DATA_CRIACAO,VERSAO,DESCRICAO,NOME,FLAG_SITUACAO) values ('23',to_timestamp('31/10/18 14:45:07,714000000','DD/MM/RR HH24:MI:SSXFF'),to_timestamp('25/10/18 17:23:13,000000000','DD/MM/RR HH24:MI:SSXFF'),'2','Incluir Tipo Ocorrencia','ROLE_INCLUIR_TIPO_OCORRENCIA','ATIVO');
Insert into FIPLAN_GMA_DES.DHWTB024_FUNCIONALIDADE (IDEN_FUNCIONALIDADE,DATA_ATUALIZACAO,DATA_CRIACAO,VERSAO,DESCRICAO,NOME,FLAG_SITUACAO) values ('24',to_timestamp('31/10/18 14:45:44,808000000','DD/MM/RR HH24:MI:SSXFF'),to_timestamp('25/10/18 17:23:13,000000000','DD/MM/RR HH24:MI:SSXFF'),'2','Consultar Tipo Ocorrencia','ROLE_CONSULTAR_TIPO_OCORRENCIA','ATIVO');
Insert into FIPLAN_GMA_DES.DHWTB024_FUNCIONALIDADE (IDEN_FUNCIONALIDADE,DATA_ATUALIZACAO,DATA_CRIACAO,VERSAO,DESCRICAO,NOME,FLAG_SITUACAO) values ('25',to_timestamp('31/10/18 14:47:28,182000000','DD/MM/RR HH24:MI:SSXFF'),to_timestamp('25/10/18 17:23:13,000000000','DD/MM/RR HH24:MI:SSXFF'),'2','Alterar Tipo Ocorrencia','ROLE_ALTERAR_TIPO_OCORRENCIA','ATIVO');
Insert into FIPLAN_GMA_DES.DHWTB024_FUNCIONALIDADE (IDEN_FUNCIONALIDADE,DATA_ATUALIZACAO,DATA_CRIACAO,VERSAO,DESCRICAO,NOME,FLAG_SITUACAO) values ('26',to_timestamp('31/10/18 14:46:46,683000000','DD/MM/RR HH24:MI:SSXFF'),to_timestamp('25/10/18 17:23:13,000000000','DD/MM/RR HH24:MI:SSXFF'),'2','Excluir Tipo Ocorrencia','ROLE_EXCLUIR_TIPO_OCORRENCIA','ATIVO');
Insert into FIPLAN_GMA_DES.DHWTB024_FUNCIONALIDADE (IDEN_FUNCIONALIDADE,DATA_ATUALIZACAO,DATA_CRIACAO,VERSAO,DESCRICAO,NOME,FLAG_SITUACAO) values ('27',to_timestamp('31/10/18 14:31:59,947000000','DD/MM/RR HH24:MI:SSXFF'),to_timestamp('25/10/18 17:23:13,000000000','DD/MM/RR HH24:MI:SSXFF'),'4','Incluir Tipo AdministraÁ„o','ROLE_INCLUIR_TIPO_ADMINISTRACAO','ATIVO');
Insert into FIPLAN_GMA_DES.DHWTB024_FUNCIONALIDADE (IDEN_FUNCIONALIDADE,DATA_ATUALIZACAO,DATA_CRIACAO,VERSAO,DESCRICAO,NOME,FLAG_SITUACAO) values ('28',to_timestamp('31/10/18 14:32:25,373000000','DD/MM/RR HH24:MI:SSXFF'),to_timestamp('25/10/18 17:23:13,000000000','DD/MM/RR HH24:MI:SSXFF'),'2','Consultar Tipo AdministraÁ„o','ROLE_CONSULTAR_TIPO_ADMINISTRACAO','ATIVO');
Insert into FIPLAN_GMA_DES.DHWTB024_FUNCIONALIDADE (IDEN_FUNCIONALIDADE,DATA_ATUALIZACAO,DATA_CRIACAO,VERSAO,DESCRICAO,NOME,FLAG_SITUACAO) values ('29',to_timestamp('31/10/18 14:32:56,526000000','DD/MM/RR HH24:MI:SSXFF'),to_timestamp('25/10/18 17:23:13,000000000','DD/MM/RR HH24:MI:SSXFF'),'4','Alterar Tipo AdministraÁ„o','ROLE_ALTERAR_TIPO_ADMINISTRACAO','ATIVO');
Insert into FIPLAN_GMA_DES.DHWTB024_FUNCIONALIDADE (IDEN_FUNCIONALIDADE,DATA_ATUALIZACAO,DATA_CRIACAO,VERSAO,DESCRICAO,NOME,FLAG_SITUACAO) values ('30',to_timestamp('31/10/18 14:33:17,820000000','DD/MM/RR HH24:MI:SSXFF'),to_timestamp('25/10/18 17:23:13,000000000','DD/MM/RR HH24:MI:SSXFF'),'4','Excluir Tipo AdministraÁ„o','ROLE_EXCLUIR_TIPO_ADMINISTRACAO','ATIVO');
Insert into FIPLAN_GMA_DES.DHWTB024_FUNCIONALIDADE (IDEN_FUNCIONALIDADE,DATA_ATUALIZACAO,DATA_CRIACAO,VERSAO,DESCRICAO,NOME,FLAG_SITUACAO) values ('31',to_timestamp('31/10/18 14:54:49,888000000','DD/MM/RR HH24:MI:SSXFF'),to_timestamp('25/10/18 17:23:13,000000000','DD/MM/RR HH24:MI:SSXFF'),'6','Incluir Grupo','ROLE_INCLUIR_GRUPO_PENDENCIA','ATIVO');
Insert into FIPLAN_GMA_DES.DHWTB024_FUNCIONALIDADE (IDEN_FUNCIONALIDADE,DATA_ATUALIZACAO,DATA_CRIACAO,VERSAO,DESCRICAO,NOME,FLAG_SITUACAO) values ('32',to_timestamp('31/10/18 14:55:11,260000000','DD/MM/RR HH24:MI:SSXFF'),to_timestamp('25/10/18 17:23:13,000000000','DD/MM/RR HH24:MI:SSXFF'),'4','Consultar Grupo','ROLE_CONSULTAR_GRUPO_PENDENCIA','ATIVO');
Insert into FIPLAN_GMA_DES.DHWTB024_FUNCIONALIDADE (IDEN_FUNCIONALIDADE,DATA_ATUALIZACAO,DATA_CRIACAO,VERSAO,DESCRICAO,NOME,FLAG_SITUACAO) values ('33',to_timestamp('31/10/18 14:55:44,924000000','DD/MM/RR HH24:MI:SSXFF'),to_timestamp('25/10/18 17:23:13,000000000','DD/MM/RR HH24:MI:SSXFF'),'2','Alterar Grupo','ROLE_ALTERAR_GRUPO_PENDENCIA','ATIVO');
Insert into FIPLAN_GMA_DES.DHWTB024_FUNCIONALIDADE (IDEN_FUNCIONALIDADE,DATA_ATUALIZACAO,DATA_CRIACAO,VERSAO,DESCRICAO,NOME,FLAG_SITUACAO) values ('34',to_timestamp('31/10/18 14:56:07,680000000','DD/MM/RR HH24:MI:SSXFF'),to_timestamp('25/10/18 17:23:13,000000000','DD/MM/RR HH24:MI:SSXFF'),'4','Excluir Grupo','ROLE_EXCLUIR_GRUPO_PENDENCIA','ATIVO');
Insert into FIPLAN_GMA_DES.DHWTB024_FUNCIONALIDADE (IDEN_FUNCIONALIDADE,DATA_ATUALIZACAO,DATA_CRIACAO,VERSAO,DESCRICAO,NOME,FLAG_SITUACAO) values ('35',to_timestamp('31/10/18 15:00:04,535000000','DD/MM/RR HH24:MI:SSXFF'),to_timestamp('25/10/18 17:23:13,000000000','DD/MM/RR HH24:MI:SSXFF'),'8','Incluir Subgrupo','ROLE_INCLUIR_SUBGRUPO_PENDENCIA','ATIVO');
Insert into FIPLAN_GMA_DES.DHWTB024_FUNCIONALIDADE (IDEN_FUNCIONALIDADE,DATA_ATUALIZACAO,DATA_CRIACAO,VERSAO,DESCRICAO,NOME,FLAG_SITUACAO) values ('36',to_timestamp('31/10/18 15:00:22,739000000','DD/MM/RR HH24:MI:SSXFF'),to_timestamp('25/10/18 17:23:13,000000000','DD/MM/RR HH24:MI:SSXFF'),'2','Consultar Subgrupo','ROLE_CONSULTAR_SUBGRUPO_PENDENCIA','ATIVO');
Insert into FIPLAN_GMA_DES.DHWTB024_FUNCIONALIDADE (IDEN_FUNCIONALIDADE,DATA_ATUALIZACAO,DATA_CRIACAO,VERSAO,DESCRICAO,NOME,FLAG_SITUACAO) values ('37',to_timestamp('31/10/18 15:00:48,728000000','DD/MM/RR HH24:MI:SSXFF'),to_timestamp('25/10/18 17:23:13,000000000','DD/MM/RR HH24:MI:SSXFF'),'2','Alterar Subgrupo','ROLE_ALTERAR_SUBGRUPO_PENDENCIA','ATIVO');
Insert into FIPLAN_GMA_DES.DHWTB024_FUNCIONALIDADE (IDEN_FUNCIONALIDADE,DATA_ATUALIZACAO,DATA_CRIACAO,VERSAO,DESCRICAO,NOME,FLAG_SITUACAO) values ('38',to_timestamp('31/10/18 15:01:10,973000000','DD/MM/RR HH24:MI:SSXFF'),to_timestamp('25/10/18 17:23:13,000000000','DD/MM/RR HH24:MI:SSXFF'),'2','Excluir Subgrupo','ROLE_EXCLUIR_SUBGRUPO_PENDENCIA','ATIVO');
Insert into FIPLAN_GMA_DES.DHWTB024_FUNCIONALIDADE (IDEN_FUNCIONALIDADE,DATA_ATUALIZACAO,DATA_CRIACAO,VERSAO,DESCRICAO,NOME,FLAG_SITUACAO) values ('39',to_timestamp('31/10/18 15:07:59,788000000','DD/MM/RR HH24:MI:SSXFF'),to_timestamp('25/10/18 17:23:13,000000000','DD/MM/RR HH24:MI:SSXFF'),'8','Incluir Tipo Pendencia','ROLE_INCLUIR_TIPO_PENDENCIA','ATIVO');
Insert into FIPLAN_GMA_DES.DHWTB024_FUNCIONALIDADE (IDEN_FUNCIONALIDADE,DATA_ATUALIZACAO,DATA_CRIACAO,VERSAO,DESCRICAO,NOME,FLAG_SITUACAO) values ('40',to_timestamp('31/10/18 15:08:21,303000000','DD/MM/RR HH24:MI:SSXFF'),to_timestamp('25/10/18 17:23:13,000000000','DD/MM/RR HH24:MI:SSXFF'),'8','Consultar Tipo Pendencia','ROLE_CONSULTAR_TIPO_PENDENCIA','ATIVO');
Insert into FIPLAN_GMA_DES.DHWTB024_FUNCIONALIDADE (IDEN_FUNCIONALIDADE,DATA_ATUALIZACAO,DATA_CRIACAO,VERSAO,DESCRICAO,NOME,FLAG_SITUACAO) values ('41',to_timestamp('31/10/18 15:08:49,323000000','DD/MM/RR HH24:MI:SSXFF'),to_timestamp('25/10/18 17:23:13,000000000','DD/MM/RR HH24:MI:SSXFF'),'4','Alterar Tipo Pendencia','ROLE_ALTERAR_TIPO_PENDENCIA','ATIVO');
Insert into FIPLAN_GMA_DES.DHWTB024_FUNCIONALIDADE (IDEN_FUNCIONALIDADE,DATA_ATUALIZACAO,DATA_CRIACAO,VERSAO,DESCRICAO,NOME,FLAG_SITUACAO) values ('42',to_timestamp('31/10/18 15:09:11,156000000','DD/MM/RR HH24:MI:SSXFF'),to_timestamp('25/10/18 17:23:13,000000000','DD/MM/RR HH24:MI:SSXFF'),'2','Excluir Tipo Pendencia','ROLE_EXCLUIR_TIPO_PENDENCIA','ATIVO');
Insert into FIPLAN_GMA_DES.DHWTB024_FUNCIONALIDADE (IDEN_FUNCIONALIDADE,DATA_ATUALIZACAO,DATA_CRIACAO,VERSAO,DESCRICAO,NOME,FLAG_SITUACAO) values ('43',to_timestamp('12/11/18 16:34:36,278000000','DD/MM/RR HH24:MI:SSXFF'),to_timestamp('25/10/18 17:23:13,000000000','DD/MM/RR HH24:MI:SSXFF'),'11','Incluir Unidade Administrativa','ROLE_INCLUIR_UNIDADE_ADMINISTRATIVA','ATIVO');
Insert into FIPLAN_GMA_DES.DHWTB024_FUNCIONALIDADE (IDEN_FUNCIONALIDADE,DATA_ATUALIZACAO,DATA_CRIACAO,VERSAO,DESCRICAO,NOME,FLAG_SITUACAO) values ('44',to_timestamp('12/11/18 16:35:03,726000000','DD/MM/RR HH24:MI:SSXFF'),to_timestamp('25/10/18 17:23:13,000000000','DD/MM/RR HH24:MI:SSXFF'),'7','Consultar Unidade Administrativa','ROLE_CONSULTAR_UNIDADE_ADMINISTRATIVA','ATIVO');
Insert into FIPLAN_GMA_DES.DHWTB024_FUNCIONALIDADE (IDEN_FUNCIONALIDADE,DATA_ATUALIZACAO,DATA_CRIACAO,VERSAO,DESCRICAO,NOME,FLAG_SITUACAO) values ('45',to_timestamp('12/11/18 17:03:01,299000000','DD/MM/RR HH24:MI:SSXFF'),to_timestamp('25/10/18 17:23:13,000000000','DD/MM/RR HH24:MI:SSXFF'),'5','Alterar Unidade Administrativa','ROLE_ALTERAR_UNIDADE_ADMINISTRATIVA','ATIVO');
Insert into FIPLAN_GMA_DES.DHWTB024_FUNCIONALIDADE (IDEN_FUNCIONALIDADE,DATA_ATUALIZACAO,DATA_CRIACAO,VERSAO,DESCRICAO,NOME,FLAG_SITUACAO) values ('46',to_timestamp('13/11/18 15:42:01,843000000','DD/MM/RR HH24:MI:SSXFF'),to_timestamp('25/10/18 17:23:13,000000000','DD/MM/RR HH24:MI:SSXFF'),'3','Excluir Unidade Administrativa','ROLE_EXCLUIR_UNIDADE_ADMINISTRATIVA','ATIVO');
REM INSERTING into FIPLAN_GMA_DES.DHWTB024_FUNCIONALIDADE_AUD
SET DEFINE OFF;
Insert into FIPLAN_GMA_DES.DHWTB024_FUNCIONALIDADE_AUD (IDEN_FUNCIONALIDADE,IDEN_AUDITORIA,TIPO_OPERACAO,DESCRICAO,NOME,FLAG_SITUACAO) values ('2','635','1','Consultar Usuario','ROLE_CONSULTAR_USUARIO','ATIVO');
Insert into FIPLAN_GMA_DES.DHWTB024_FUNCIONALIDADE_AUD (IDEN_FUNCIONALIDADE,IDEN_AUDITORIA,TIPO_OPERACAO,DESCRICAO,NOME,FLAG_SITUACAO) values ('3','636','1','Alterar Usuario','ROLE_ALTERAR_USUARIO','ATIVO');
Insert into FIPLAN_GMA_DES.DHWTB024_FUNCIONALIDADE_AUD (IDEN_FUNCIONALIDADE,IDEN_AUDITORIA,TIPO_OPERACAO,DESCRICAO,NOME,FLAG_SITUACAO) values ('6','638','1','Consultar Perfil','ROLE_CONSULTAR_PERFIL','ATIVO');
Insert into FIPLAN_GMA_DES.DHWTB024_FUNCIONALIDADE_AUD (IDEN_FUNCIONALIDADE,IDEN_AUDITORIA,TIPO_OPERACAO,DESCRICAO,NOME,FLAG_SITUACAO) values ('3','639','1','Alterar Usuario','ROLE_ALTERAR_USUARIO','ATIVO');
Insert into FIPLAN_GMA_DES.DHWTB024_FUNCIONALIDADE_AUD (IDEN_FUNCIONALIDADE,IDEN_AUDITORIA,TIPO_OPERACAO,DESCRICAO,NOME,FLAG_SITUACAO) values ('44','658','1','Consultar Unidade Administrativa','ROLE_CONSULTAR_UNIDADE_ADMINISTRATIVA','ATIVO');
Insert into FIPLAN_GMA_DES.DHWTB024_FUNCIONALIDADE_AUD (IDEN_FUNCIONALIDADE,IDEN_AUDITORIA,TIPO_OPERACAO,DESCRICAO,NOME,FLAG_SITUACAO) values ('43','662','1','Incluir Unidade Administrativa','ROLE_INCLUIR_UNIDADE_ADMINISTRATIVA','ATIVO');
Insert into FIPLAN_GMA_DES.DHWTB024_FUNCIONALIDADE_AUD (IDEN_FUNCIONALIDADE,IDEN_AUDITORIA,TIPO_OPERACAO,DESCRICAO,NOME,FLAG_SITUACAO) values ('44','663','1','Consultar Unidade Administrativa','ROLE_CONSULTAR_UNIDADE_ADMINISTRATIVA','ATIVO');
Insert into FIPLAN_GMA_DES.DHWTB024_FUNCIONALIDADE_AUD (IDEN_FUNCIONALIDADE,IDEN_AUDITORIA,TIPO_OPERACAO,DESCRICAO,NOME,FLAG_SITUACAO) values ('46','748','1','Excluir Unidade Administrativa','ROLE_EXCLUIR_UNIDADE_ADMINISTRATIVA','ATIVO');
Insert into FIPLAN_GMA_DES.DHWTB024_FUNCIONALIDADE_AUD (IDEN_FUNCIONALIDADE,IDEN_AUDITORIA,TIPO_OPERACAO,DESCRICAO,NOME,FLAG_SITUACAO) values ('46','749','1','Excluir Unidade Administrativa','ROLE_EXCLUIR_UNIDADE_ADMINISTRATIVA','ATIVO');
Insert into FIPLAN_GMA_DES.DHWTB024_FUNCIONALIDADE_AUD (IDEN_FUNCIONALIDADE,IDEN_AUDITORIA,TIPO_OPERACAO,DESCRICAO,NOME,FLAG_SITUACAO) values ('4','30','0','ROLE_CONSULTAR_USUARIO','Funcionalidade para Consultar Usu·rio','ATIVO');
Insert into FIPLAN_GMA_DES.DHWTB024_FUNCIONALIDADE_AUD (IDEN_FUNCIONALIDADE,IDEN_AUDITORIA,TIPO_OPERACAO,DESCRICAO,NOME,FLAG_SITUACAO) values ('2','327','1','Consultar Usuario','ROLE_CONSULTAR_USUARIO','ATIVO');
Insert into FIPLAN_GMA_DES.DHWTB024_FUNCIONALIDADE_AUD (IDEN_FUNCIONALIDADE,IDEN_AUDITORIA,TIPO_OPERACAO,DESCRICAO,NOME,FLAG_SITUACAO) values ('2','328','1','Consultar Usuario','ROLE_CONSULTAR_USUARIO','ATIVO');
Insert into FIPLAN_GMA_DES.DHWTB024_FUNCIONALIDADE_AUD (IDEN_FUNCIONALIDADE,IDEN_AUDITORIA,TIPO_OPERACAO,DESCRICAO,NOME,FLAG_SITUACAO) values ('3','329','1','Alterar Usuario','ROLE_ALTERAR_USUARIO','ATIVO');
Insert into FIPLAN_GMA_DES.DHWTB024_FUNCIONALIDADE_AUD (IDEN_FUNCIONALIDADE,IDEN_AUDITORIA,TIPO_OPERACAO,DESCRICAO,NOME,FLAG_SITUACAO) values ('3','330','1','Alterar Usuario','ROLE_ALTERAR_USUARIO','ATIVO');
Insert into FIPLAN_GMA_DES.DHWTB024_FUNCIONALIDADE_AUD (IDEN_FUNCIONALIDADE,IDEN_AUDITORIA,TIPO_OPERACAO,DESCRICAO,NOME,FLAG_SITUACAO) values ('4','334','1','Excluir Usuario','ROLE_EXCLUIR_USUARIO','ATIVO');
Insert into FIPLAN_GMA_DES.DHWTB024_FUNCIONALIDADE_AUD (IDEN_FUNCIONALIDADE,IDEN_AUDITORIA,TIPO_OPERACAO,DESCRICAO,NOME,FLAG_SITUACAO) values ('1','331','1','Incluir Usuario','ROLE_INCLUIR_USUARIO','ATIVO');
Insert into FIPLAN_GMA_DES.DHWTB024_FUNCIONALIDADE_AUD (IDEN_FUNCIONALIDADE,IDEN_AUDITORIA,TIPO_OPERACAO,DESCRICAO,NOME,FLAG_SITUACAO) values ('1','332','1','Incluir Usuario','ROLE_INCLUIR_USUARIO','ATIVO');
Insert into FIPLAN_GMA_DES.DHWTB024_FUNCIONALIDADE_AUD (IDEN_FUNCIONALIDADE,IDEN_AUDITORIA,TIPO_OPERACAO,DESCRICAO,NOME,FLAG_SITUACAO) values ('1','26','0','ROLE_CONSULTAR_USUARIO','Funcionalidade para Consultar usuario','ATIVO');
Insert into FIPLAN_GMA_DES.DHWTB024_FUNCIONALIDADE_AUD (IDEN_FUNCIONALIDADE,IDEN_AUDITORIA,TIPO_OPERACAO,DESCRICAO,NOME,FLAG_SITUACAO) values ('2','27','0','asdasd','CONSULTAR_USUARIO','ATIVO');
Insert into FIPLAN_GMA_DES.DHWTB024_FUNCIONALIDADE_AUD (IDEN_FUNCIONALIDADE,IDEN_AUDITORIA,TIPO_OPERACAO,DESCRICAO,NOME,FLAG_SITUACAO) values ('3','28','0','Funcionalidade para Consultar Usuario','ROLE_CONSULTAR_USUARIO','ATIVO');
Insert into FIPLAN_GMA_DES.DHWTB024_FUNCIONALIDADE_AUD (IDEN_FUNCIONALIDADE,IDEN_AUDITORIA,TIPO_OPERACAO,DESCRICAO,NOME,FLAG_SITUACAO) values ('4','35','2','ROLE_CONSULTAR_USUARIO','Funcionalidade para Consultar Usu·rio','ATIVO');
Insert into FIPLAN_GMA_DES.DHWTB024_FUNCIONALIDADE_AUD (IDEN_FUNCIONALIDADE,IDEN_AUDITORIA,TIPO_OPERACAO,DESCRICAO,NOME,FLAG_SITUACAO) values ('3','36','1','Funcionalidade para Consultar Usuario','ROLE_CONSULTAR_USUARIO','ATIVO');
Insert into FIPLAN_GMA_DES.DHWTB024_FUNCIONALIDADE_AUD (IDEN_FUNCIONALIDADE,IDEN_AUDITORIA,TIPO_OPERACAO,DESCRICAO,NOME,FLAG_SITUACAO) values ('3','104','1','Funcionalidade para Consultar Usuario','ROLE_CONSULTAR_USUARIO','ATIVO');
Insert into FIPLAN_GMA_DES.DHWTB024_FUNCIONALIDADE_AUD (IDEN_FUNCIONALIDADE,IDEN_AUDITORIA,TIPO_OPERACAO,DESCRICAO,NOME,FLAG_SITUACAO) values ('1','654','1','Incluir Usuario','ROLE_INCLUIR_USUARIO','ATIVO');
Insert into FIPLAN_GMA_DES.DHWTB024_FUNCIONALIDADE_AUD (IDEN_FUNCIONALIDADE,IDEN_AUDITORIA,TIPO_OPERACAO,DESCRICAO,NOME,FLAG_SITUACAO) values ('6','656','1','Consultar Perfil','ROLE_CONSULTAR_PERFIL','ATIVO');
Insert into FIPLAN_GMA_DES.DHWTB024_FUNCIONALIDADE_AUD (IDEN_FUNCIONALIDADE,IDEN_AUDITORIA,TIPO_OPERACAO,DESCRICAO,NOME,FLAG_SITUACAO) values ('43','659','1','Incluir Unidade Administrativa','ROLE_INCLUIR_UNIDADE_ADMINISTRATIVA','ATIVO');
Insert into FIPLAN_GMA_DES.DHWTB024_FUNCIONALIDADE_AUD (IDEN_FUNCIONALIDADE,IDEN_AUDITORIA,TIPO_OPERACAO,DESCRICAO,NOME,FLAG_SITUACAO) values ('43','660','1','Incluir Unidade Administrativa','ROLE_INCLUIR_UNIDADE_ADMINISTRATIVA','ATIVO');
Insert into FIPLAN_GMA_DES.DHWTB024_FUNCIONALIDADE_AUD (IDEN_FUNCIONALIDADE,IDEN_AUDITORIA,TIPO_OPERACAO,DESCRICAO,NOME,FLAG_SITUACAO) values ('44','661','1','Consultar Unidade Administrativa','ROLE_CONSULTAR_UNIDADE_ADMINISTRATIVA','ATIVO');
Insert into FIPLAN_GMA_DES.DHWTB024_FUNCIONALIDADE_AUD (IDEN_FUNCIONALIDADE,IDEN_AUDITORIA,TIPO_OPERACAO,DESCRICAO,NOME,FLAG_SITUACAO) values ('45','674','1','Alterar Unidade Administrativa','ROLE_ALTERAR_UNIDADE_ADMINISTRATIVA','ATIVO');
Insert into FIPLAN_GMA_DES.DHWTB024_FUNCIONALIDADE_AUD (IDEN_FUNCIONALIDADE,IDEN_AUDITORIA,TIPO_OPERACAO,DESCRICAO,NOME,FLAG_SITUACAO) values ('45','678','1','Alterar Unidade Administrativa','ROLE_ALTERAR_UNIDADE_ADMINISTRATIVA','ATIVO');
Insert into FIPLAN_GMA_DES.DHWTB024_FUNCIONALIDADE_AUD (IDEN_FUNCIONALIDADE,IDEN_AUDITORIA,TIPO_OPERACAO,DESCRICAO,NOME,FLAG_SITUACAO) values ('45','679','1','Alterar Unidade Administrativa','ROLE_ALTERAR_UNIDADE_ADMINISTRATIVA','ATIVO');
Insert into FIPLAN_GMA_DES.DHWTB024_FUNCIONALIDADE_AUD (IDEN_FUNCIONALIDADE,IDEN_AUDITORIA,TIPO_OPERACAO,DESCRICAO,NOME,FLAG_SITUACAO) values ('47','719','0','Incluir OcorrÍncia','ROLE_INCLUIR_OCORRENCIA',null);
Insert into FIPLAN_GMA_DES.DHWTB024_FUNCIONALIDADE_AUD (IDEN_FUNCIONALIDADE,IDEN_AUDITORIA,TIPO_OPERACAO,DESCRICAO,NOME,FLAG_SITUACAO) values ('48','720','0','Consultar OcorrÍncia','ROLE_CONSULTAR_OCORRENCIA',null);
Insert into FIPLAN_GMA_DES.DHWTB024_FUNCIONALIDADE_AUD (IDEN_FUNCIONALIDADE,IDEN_AUDITORIA,TIPO_OPERACAO,DESCRICAO,NOME,FLAG_SITUACAO) values ('49','721','0','Alterar OcorrÍncia','ROLE_ALTERAR_OCORRENCIA',null);
Insert into FIPLAN_GMA_DES.DHWTB024_FUNCIONALIDADE_AUD (IDEN_FUNCIONALIDADE,IDEN_AUDITORIA,TIPO_OPERACAO,DESCRICAO,NOME,FLAG_SITUACAO) values ('50','722','0','Excluir OcorrÍncia','ROLE_EXCLUIR_OCORRENCIA',null);
Insert into FIPLAN_GMA_DES.DHWTB024_FUNCIONALIDADE_AUD (IDEN_FUNCIONALIDADE,IDEN_AUDITORIA,TIPO_OPERACAO,DESCRICAO,NOME,FLAG_SITUACAO) values ('51','723','0','asdasd','asdasd',null);
Insert into FIPLAN_GMA_DES.DHWTB024_FUNCIONALIDADE_AUD (IDEN_FUNCIONALIDADE,IDEN_AUDITORIA,TIPO_OPERACAO,DESCRICAO,NOME,FLAG_SITUACAO) values ('47','724','1','Incluir OcorrÍncia','ROLE_INCLUIR_OCORRENCIA','ATIVO');
Insert into FIPLAN_GMA_DES.DHWTB024_FUNCIONALIDADE_AUD (IDEN_FUNCIONALIDADE,IDEN_AUDITORIA,TIPO_OPERACAO,DESCRICAO,NOME,FLAG_SITUACAO) values ('48','725','1','Consultar OcorrÍncia','ROLE_CONSULTAR_OCORRENCIA','ATIVO');
Insert into FIPLAN_GMA_DES.DHWTB024_FUNCIONALIDADE_AUD (IDEN_FUNCIONALIDADE,IDEN_AUDITORIA,TIPO_OPERACAO,DESCRICAO,NOME,FLAG_SITUACAO) values ('49','726','1','Alterar OcorrÍncia','ROLE_ALTERAR_OCORRENCIA','ATIVO');
Insert into FIPLAN_GMA_DES.DHWTB024_FUNCIONALIDADE_AUD (IDEN_FUNCIONALIDADE,IDEN_AUDITORIA,TIPO_OPERACAO,DESCRICAO,NOME,FLAG_SITUACAO) values ('50','727','1','Excluir OcorrÍncia','ROLE_EXCLUIR_OCORRENCIA','ATIVO');
Insert into FIPLAN_GMA_DES.DHWTB024_FUNCIONALIDADE_AUD (IDEN_FUNCIONALIDADE,IDEN_AUDITORIA,TIPO_OPERACAO,DESCRICAO,NOME,FLAG_SITUACAO) values ('51','729','2','asdasd','asdasd',null);
Insert into FIPLAN_GMA_DES.DHWTB024_FUNCIONALIDADE_AUD (IDEN_FUNCIONALIDADE,IDEN_AUDITORIA,TIPO_OPERACAO,DESCRICAO,NOME,FLAG_SITUACAO) values ('48','730','1','Consultar OcorrÍncia','ROLE_CONSULTAR_OCORRENCIA','ATIVO');
Insert into FIPLAN_GMA_DES.DHWTB024_FUNCIONALIDADE_AUD (IDEN_FUNCIONALIDADE,IDEN_AUDITORIA,TIPO_OPERACAO,DESCRICAO,NOME,FLAG_SITUACAO) values ('47','731','1','Incluir OcorrÍncia','ROLE_INCLUIR_OCORRENCIA','ATIVO');
Insert into FIPLAN_GMA_DES.DHWTB024_FUNCIONALIDADE_AUD (IDEN_FUNCIONALIDADE,IDEN_AUDITORIA,TIPO_OPERACAO,DESCRICAO,NOME,FLAG_SITUACAO) values ('47','732','1','Incluir OcorrÍncia','ROLE_INCLUIR_OCORRENCIA','ATIVO');
Insert into FIPLAN_GMA_DES.DHWTB024_FUNCIONALIDADE_AUD (IDEN_FUNCIONALIDADE,IDEN_AUDITORIA,TIPO_OPERACAO,DESCRICAO,NOME,FLAG_SITUACAO) values ('47','733','1','Incluir OcorrÍncia','ROLE_INCLUIR_OCORRENCIA','ATIVO');
REM INSERTING into FIPLAN_GMA_DES.DHWTB024_FUNC_PERMISSAO
SET DEFINE OFF;
Insert into FIPLAN_GMA_DES.DHWTB024_FUNC_PERMISSAO (IDEN_FUNCIONALIDADE,IDEN_PERMISSAO) values ('2','9');
Insert into FIPLAN_GMA_DES.DHWTB024_FUNC_PERMISSAO (IDEN_FUNCIONALIDADE,IDEN_PERMISSAO) values ('2','4');
Insert into FIPLAN_GMA_DES.DHWTB024_FUNC_PERMISSAO (IDEN_FUNCIONALIDADE,IDEN_PERMISSAO) values ('44','91');
Insert into FIPLAN_GMA_DES.DHWTB024_FUNC_PERMISSAO (IDEN_FUNCIONALIDADE,IDEN_PERMISSAO) values ('44','43');
Insert into FIPLAN_GMA_DES.DHWTB024_FUNC_PERMISSAO (IDEN_FUNCIONALIDADE,IDEN_PERMISSAO) values ('43','88');
Insert into FIPLAN_GMA_DES.DHWTB024_FUNC_PERMISSAO (IDEN_FUNCIONALIDADE,IDEN_PERMISSAO) values ('43','91');
Insert into FIPLAN_GMA_DES.DHWTB024_FUNC_PERMISSAO (IDEN_FUNCIONALIDADE,IDEN_PERMISSAO) values ('43','84');
Insert into FIPLAN_GMA_DES.DHWTB024_FUNC_PERMISSAO (IDEN_FUNCIONALIDADE,IDEN_PERMISSAO) values ('3','5');
Insert into FIPLAN_GMA_DES.DHWTB024_FUNC_PERMISSAO (IDEN_FUNCIONALIDADE,IDEN_PERMISSAO) values ('3','6');
Insert into FIPLAN_GMA_DES.DHWTB024_FUNC_PERMISSAO (IDEN_FUNCIONALIDADE,IDEN_PERMISSAO) values ('3','9');
Insert into FIPLAN_GMA_DES.DHWTB024_FUNC_PERMISSAO (IDEN_FUNCIONALIDADE,IDEN_PERMISSAO) values ('3','2');
Insert into FIPLAN_GMA_DES.DHWTB024_FUNC_PERMISSAO (IDEN_FUNCIONALIDADE,IDEN_PERMISSAO) values ('3','18');
Insert into FIPLAN_GMA_DES.DHWTB024_FUNC_PERMISSAO (IDEN_FUNCIONALIDADE,IDEN_PERMISSAO) values ('44','87');
Insert into FIPLAN_GMA_DES.DHWTB024_FUNC_PERMISSAO (IDEN_FUNCIONALIDADE,IDEN_PERMISSAO) values ('44','59');
Insert into FIPLAN_GMA_DES.DHWTB024_FUNC_PERMISSAO (IDEN_FUNCIONALIDADE,IDEN_PERMISSAO) values ('46','86');
Insert into FIPLAN_GMA_DES.DHWTB024_FUNC_PERMISSAO (IDEN_FUNCIONALIDADE,IDEN_PERMISSAO) values ('46','90');
Insert into FIPLAN_GMA_DES.DHWTB024_FUNC_PERMISSAO (IDEN_FUNCIONALIDADE,IDEN_PERMISSAO) values ('46','91');
Insert into FIPLAN_GMA_DES.DHWTB024_FUNC_PERMISSAO (IDEN_FUNCIONALIDADE,IDEN_PERMISSAO) values ('1','6');
Insert into FIPLAN_GMA_DES.DHWTB024_FUNC_PERMISSAO (IDEN_FUNCIONALIDADE,IDEN_PERMISSAO) values ('1','9');
Insert into FIPLAN_GMA_DES.DHWTB024_FUNC_PERMISSAO (IDEN_FUNCIONALIDADE,IDEN_PERMISSAO) values ('1','1');
Insert into FIPLAN_GMA_DES.DHWTB024_FUNC_PERMISSAO (IDEN_FUNCIONALIDADE,IDEN_PERMISSAO) values ('6','5');
Insert into FIPLAN_GMA_DES.DHWTB024_FUNC_PERMISSAO (IDEN_FUNCIONALIDADE,IDEN_PERMISSAO) values ('6','13');
Insert into FIPLAN_GMA_DES.DHWTB024_FUNC_PERMISSAO (IDEN_FUNCIONALIDADE,IDEN_PERMISSAO) values ('6','18');
Insert into FIPLAN_GMA_DES.DHWTB024_FUNC_PERMISSAO (IDEN_FUNCIONALIDADE,IDEN_PERMISSAO) values ('45','85');
Insert into FIPLAN_GMA_DES.DHWTB024_FUNC_PERMISSAO (IDEN_FUNCIONALIDADE,IDEN_PERMISSAO) values ('45','88');
Insert into FIPLAN_GMA_DES.DHWTB024_FUNC_PERMISSAO (IDEN_FUNCIONALIDADE,IDEN_PERMISSAO) values ('45','91');
Insert into FIPLAN_GMA_DES.DHWTB024_FUNC_PERMISSAO (IDEN_FUNCIONALIDADE,IDEN_PERMISSAO) values ('45','59');
Insert into FIPLAN_GMA_DES.DHWTB024_FUNC_PERMISSAO (IDEN_FUNCIONALIDADE,IDEN_PERMISSAO) values ('45','43');
Insert into FIPLAN_GMA_DES.DHWTB024_FUNC_PERMISSAO (IDEN_FUNCIONALIDADE,IDEN_PERMISSAO) values ('48','94');
Insert into FIPLAN_GMA_DES.DHWTB024_FUNC_PERMISSAO (IDEN_FUNCIONALIDADE,IDEN_PERMISSAO) values ('48','95');
Insert into FIPLAN_GMA_DES.DHWTB024_FUNC_PERMISSAO (IDEN_FUNCIONALIDADE,IDEN_PERMISSAO) values ('17','29');
Insert into FIPLAN_GMA_DES.DHWTB024_FUNC_PERMISSAO (IDEN_FUNCIONALIDADE,IDEN_PERMISSAO) values ('18','30');
Insert into FIPLAN_GMA_DES.DHWTB024_FUNC_PERMISSAO (IDEN_FUNCIONALIDADE,IDEN_PERMISSAO) values ('18','34');
Insert into FIPLAN_GMA_DES.DHWTB024_FUNC_PERMISSAO (IDEN_FUNCIONALIDADE,IDEN_PERMISSAO) values ('17','32');
Insert into FIPLAN_GMA_DES.DHWTB024_FUNC_PERMISSAO (IDEN_FUNCIONALIDADE,IDEN_PERMISSAO) values ('17','35');
Insert into FIPLAN_GMA_DES.DHWTB024_FUNC_PERMISSAO (IDEN_FUNCIONALIDADE,IDEN_PERMISSAO) values ('20','43');
Insert into FIPLAN_GMA_DES.DHWTB024_FUNC_PERMISSAO (IDEN_FUNCIONALIDADE,IDEN_PERMISSAO) values ('21','37');
Insert into FIPLAN_GMA_DES.DHWTB024_FUNC_PERMISSAO (IDEN_FUNCIONALIDADE,IDEN_PERMISSAO) values ('18','35');
Insert into FIPLAN_GMA_DES.DHWTB024_FUNC_PERMISSAO (IDEN_FUNCIONALIDADE,IDEN_PERMISSAO) values ('19','40');
Insert into FIPLAN_GMA_DES.DHWTB024_FUNC_PERMISSAO (IDEN_FUNCIONALIDADE,IDEN_PERMISSAO) values ('19','36');
Insert into FIPLAN_GMA_DES.DHWTB024_FUNC_PERMISSAO (IDEN_FUNCIONALIDADE,IDEN_PERMISSAO) values ('20','39');
Insert into FIPLAN_GMA_DES.DHWTB024_FUNC_PERMISSAO (IDEN_FUNCIONALIDADE,IDEN_PERMISSAO) values ('21','40');
Insert into FIPLAN_GMA_DES.DHWTB024_FUNC_PERMISSAO (IDEN_FUNCIONALIDADE,IDEN_PERMISSAO) values ('21','43');
Insert into FIPLAN_GMA_DES.DHWTB024_FUNC_PERMISSAO (IDEN_FUNCIONALIDADE,IDEN_PERMISSAO) values ('22','38');
Insert into FIPLAN_GMA_DES.DHWTB024_FUNC_PERMISSAO (IDEN_FUNCIONALIDADE,IDEN_PERMISSAO) values ('22','42');
Insert into FIPLAN_GMA_DES.DHWTB024_FUNC_PERMISSAO (IDEN_FUNCIONALIDADE,IDEN_PERMISSAO) values ('22','43');
Insert into FIPLAN_GMA_DES.DHWTB024_FUNC_PERMISSAO (IDEN_FUNCIONALIDADE,IDEN_PERMISSAO) values ('27','56');
Insert into FIPLAN_GMA_DES.DHWTB024_FUNC_PERMISSAO (IDEN_FUNCIONALIDADE,IDEN_PERMISSAO) values ('27','52');
Insert into FIPLAN_GMA_DES.DHWTB024_FUNC_PERMISSAO (IDEN_FUNCIONALIDADE,IDEN_PERMISSAO) values ('28','55');
Insert into FIPLAN_GMA_DES.DHWTB024_FUNC_PERMISSAO (IDEN_FUNCIONALIDADE,IDEN_PERMISSAO) values ('28','59');
Insert into FIPLAN_GMA_DES.DHWTB024_FUNC_PERMISSAO (IDEN_FUNCIONALIDADE,IDEN_PERMISSAO) values ('29','53');
Insert into FIPLAN_GMA_DES.DHWTB024_FUNC_PERMISSAO (IDEN_FUNCIONALIDADE,IDEN_PERMISSAO) values ('29','56');
Insert into FIPLAN_GMA_DES.DHWTB024_FUNC_PERMISSAO (IDEN_FUNCIONALIDADE,IDEN_PERMISSAO) values ('29','59');
Insert into FIPLAN_GMA_DES.DHWTB024_FUNC_PERMISSAO (IDEN_FUNCIONALIDADE,IDEN_PERMISSAO) values ('30','54');
Insert into FIPLAN_GMA_DES.DHWTB024_FUNC_PERMISSAO (IDEN_FUNCIONALIDADE,IDEN_PERMISSAO) values ('30','58');
Insert into FIPLAN_GMA_DES.DHWTB024_FUNC_PERMISSAO (IDEN_FUNCIONALIDADE,IDEN_PERMISSAO) values ('30','59');
Insert into FIPLAN_GMA_DES.DHWTB024_FUNC_PERMISSAO (IDEN_FUNCIONALIDADE,IDEN_PERMISSAO) values ('23','44');
Insert into FIPLAN_GMA_DES.DHWTB024_FUNC_PERMISSAO (IDEN_FUNCIONALIDADE,IDEN_PERMISSAO) values ('23','48');
Insert into FIPLAN_GMA_DES.DHWTB024_FUNC_PERMISSAO (IDEN_FUNCIONALIDADE,IDEN_PERMISSAO) values ('35','72');
Insert into FIPLAN_GMA_DES.DHWTB024_FUNC_PERMISSAO (IDEN_FUNCIONALIDADE,IDEN_PERMISSAO) values ('35','68');
Insert into FIPLAN_GMA_DES.DHWTB024_FUNC_PERMISSAO (IDEN_FUNCIONALIDADE,IDEN_PERMISSAO) values ('36','71');
Insert into FIPLAN_GMA_DES.DHWTB024_FUNC_PERMISSAO (IDEN_FUNCIONALIDADE,IDEN_PERMISSAO) values ('36','75');
Insert into FIPLAN_GMA_DES.DHWTB024_FUNC_PERMISSAO (IDEN_FUNCIONALIDADE,IDEN_PERMISSAO) values ('37','69');
Insert into FIPLAN_GMA_DES.DHWTB024_FUNC_PERMISSAO (IDEN_FUNCIONALIDADE,IDEN_PERMISSAO) values ('37','72');
Insert into FIPLAN_GMA_DES.DHWTB024_FUNC_PERMISSAO (IDEN_FUNCIONALIDADE,IDEN_PERMISSAO) values ('37','75');
Insert into FIPLAN_GMA_DES.DHWTB024_FUNC_PERMISSAO (IDEN_FUNCIONALIDADE,IDEN_PERMISSAO) values ('38','70');
Insert into FIPLAN_GMA_DES.DHWTB024_FUNC_PERMISSAO (IDEN_FUNCIONALIDADE,IDEN_PERMISSAO) values ('38','74');
Insert into FIPLAN_GMA_DES.DHWTB024_FUNC_PERMISSAO (IDEN_FUNCIONALIDADE,IDEN_PERMISSAO) values ('38','75');
Insert into FIPLAN_GMA_DES.DHWTB024_FUNC_PERMISSAO (IDEN_FUNCIONALIDADE,IDEN_PERMISSAO) values ('39','76');
Insert into FIPLAN_GMA_DES.DHWTB024_FUNC_PERMISSAO (IDEN_FUNCIONALIDADE,IDEN_PERMISSAO) values ('39','80');
Insert into FIPLAN_GMA_DES.DHWTB024_FUNC_PERMISSAO (IDEN_FUNCIONALIDADE,IDEN_PERMISSAO) values ('40','79');
Insert into FIPLAN_GMA_DES.DHWTB024_FUNC_PERMISSAO (IDEN_FUNCIONALIDADE,IDEN_PERMISSAO) values ('40','83');
Insert into FIPLAN_GMA_DES.DHWTB024_FUNC_PERMISSAO (IDEN_FUNCIONALIDADE,IDEN_PERMISSAO) values ('41','77');
Insert into FIPLAN_GMA_DES.DHWTB024_FUNC_PERMISSAO (IDEN_FUNCIONALIDADE,IDEN_PERMISSAO) values ('41','80');
Insert into FIPLAN_GMA_DES.DHWTB024_FUNC_PERMISSAO (IDEN_FUNCIONALIDADE,IDEN_PERMISSAO) values ('41','83');
Insert into FIPLAN_GMA_DES.DHWTB024_FUNC_PERMISSAO (IDEN_FUNCIONALIDADE,IDEN_PERMISSAO) values ('42','78');
Insert into FIPLAN_GMA_DES.DHWTB024_FUNC_PERMISSAO (IDEN_FUNCIONALIDADE,IDEN_PERMISSAO) values ('42','82');
Insert into FIPLAN_GMA_DES.DHWTB024_FUNC_PERMISSAO (IDEN_FUNCIONALIDADE,IDEN_PERMISSAO) values ('42','83');
Insert into FIPLAN_GMA_DES.DHWTB024_FUNC_PERMISSAO (IDEN_FUNCIONALIDADE,IDEN_PERMISSAO) values ('15','32');
Insert into FIPLAN_GMA_DES.DHWTB024_FUNC_PERMISSAO (IDEN_FUNCIONALIDADE,IDEN_PERMISSAO) values ('16','31');
Insert into FIPLAN_GMA_DES.DHWTB024_FUNC_PERMISSAO (IDEN_FUNCIONALIDADE,IDEN_PERMISSAO) values ('16','35');
Insert into FIPLAN_GMA_DES.DHWTB024_FUNC_PERMISSAO (IDEN_FUNCIONALIDADE,IDEN_PERMISSAO) values ('15','28');
Insert into FIPLAN_GMA_DES.DHWTB024_FUNC_PERMISSAO (IDEN_FUNCIONALIDADE,IDEN_PERMISSAO) values ('24','47');
Insert into FIPLAN_GMA_DES.DHWTB024_FUNC_PERMISSAO (IDEN_FUNCIONALIDADE,IDEN_PERMISSAO) values ('26','50');
Insert into FIPLAN_GMA_DES.DHWTB024_FUNC_PERMISSAO (IDEN_FUNCIONALIDADE,IDEN_PERMISSAO) values ('26','51');
Insert into FIPLAN_GMA_DES.DHWTB024_FUNC_PERMISSAO (IDEN_FUNCIONALIDADE,IDEN_PERMISSAO) values ('24','51');
Insert into FIPLAN_GMA_DES.DHWTB024_FUNC_PERMISSAO (IDEN_FUNCIONALIDADE,IDEN_PERMISSAO) values ('26','46');
Insert into FIPLAN_GMA_DES.DHWTB024_FUNC_PERMISSAO (IDEN_FUNCIONALIDADE,IDEN_PERMISSAO) values ('25','45');
Insert into FIPLAN_GMA_DES.DHWTB024_FUNC_PERMISSAO (IDEN_FUNCIONALIDADE,IDEN_PERMISSAO) values ('25','48');
Insert into FIPLAN_GMA_DES.DHWTB024_FUNC_PERMISSAO (IDEN_FUNCIONALIDADE,IDEN_PERMISSAO) values ('25','51');
Insert into FIPLAN_GMA_DES.DHWTB024_FUNC_PERMISSAO (IDEN_FUNCIONALIDADE,IDEN_PERMISSAO) values ('31','60');
Insert into FIPLAN_GMA_DES.DHWTB024_FUNC_PERMISSAO (IDEN_FUNCIONALIDADE,IDEN_PERMISSAO) values ('31','64');
Insert into FIPLAN_GMA_DES.DHWTB024_FUNC_PERMISSAO (IDEN_FUNCIONALIDADE,IDEN_PERMISSAO) values ('32','63');
Insert into FIPLAN_GMA_DES.DHWTB024_FUNC_PERMISSAO (IDEN_FUNCIONALIDADE,IDEN_PERMISSAO) values ('32','67');
Insert into FIPLAN_GMA_DES.DHWTB024_FUNC_PERMISSAO (IDEN_FUNCIONALIDADE,IDEN_PERMISSAO) values ('33','61');
Insert into FIPLAN_GMA_DES.DHWTB024_FUNC_PERMISSAO (IDEN_FUNCIONALIDADE,IDEN_PERMISSAO) values ('33','64');
Insert into FIPLAN_GMA_DES.DHWTB024_FUNC_PERMISSAO (IDEN_FUNCIONALIDADE,IDEN_PERMISSAO) values ('33','67');
Insert into FIPLAN_GMA_DES.DHWTB024_FUNC_PERMISSAO (IDEN_FUNCIONALIDADE,IDEN_PERMISSAO) values ('34','62');
Insert into FIPLAN_GMA_DES.DHWTB024_FUNC_PERMISSAO (IDEN_FUNCIONALIDADE,IDEN_PERMISSAO) values ('34','66');
Insert into FIPLAN_GMA_DES.DHWTB024_FUNC_PERMISSAO (IDEN_FUNCIONALIDADE,IDEN_PERMISSAO) values ('34','67');
Insert into FIPLAN_GMA_DES.DHWTB024_FUNC_PERMISSAO (IDEN_FUNCIONALIDADE,IDEN_PERMISSAO) values ('47','59');
Insert into FIPLAN_GMA_DES.DHWTB024_FUNC_PERMISSAO (IDEN_FUNCIONALIDADE,IDEN_PERMISSAO) values ('47','43');
Insert into FIPLAN_GMA_DES.DHWTB024_FUNC_PERMISSAO (IDEN_FUNCIONALIDADE,IDEN_PERMISSAO) values ('47','92');
Insert into FIPLAN_GMA_DES.DHWTB024_FUNC_PERMISSAO (IDEN_FUNCIONALIDADE,IDEN_PERMISSAO) values ('47','93');
REM INSERTING into FIPLAN_GMA_DES.DHWTB024_FUNC_PERMISSAO_AUD
SET DEFINE OFF;
Insert into FIPLAN_GMA_DES.DHWTB024_FUNC_PERMISSAO_AUD (IDEN_AUDITORIA,IDEN_FUNCIONALIDADE,IDEN_PERMISSAO,TIPO_OPERACAO) values ('635','2','9','0');
Insert into FIPLAN_GMA_DES.DHWTB024_FUNC_PERMISSAO_AUD (IDEN_AUDITORIA,IDEN_FUNCIONALIDADE,IDEN_PERMISSAO,TIPO_OPERACAO) values ('635','2','4','0');
Insert into FIPLAN_GMA_DES.DHWTB024_FUNC_PERMISSAO_AUD (IDEN_AUDITORIA,IDEN_FUNCIONALIDADE,IDEN_PERMISSAO,TIPO_OPERACAO) values ('636','3','6','0');
Insert into FIPLAN_GMA_DES.DHWTB024_FUNC_PERMISSAO_AUD (IDEN_AUDITORIA,IDEN_FUNCIONALIDADE,IDEN_PERMISSAO,TIPO_OPERACAO) values ('636','3','9','0');
Insert into FIPLAN_GMA_DES.DHWTB024_FUNC_PERMISSAO_AUD (IDEN_AUDITORIA,IDEN_FUNCIONALIDADE,IDEN_PERMISSAO,TIPO_OPERACAO) values ('636','3','2','0');
Insert into FIPLAN_GMA_DES.DHWTB024_FUNC_PERMISSAO_AUD (IDEN_AUDITORIA,IDEN_FUNCIONALIDADE,IDEN_PERMISSAO,TIPO_OPERACAO) values ('638','6','13','0');
Insert into FIPLAN_GMA_DES.DHWTB024_FUNC_PERMISSAO_AUD (IDEN_AUDITORIA,IDEN_FUNCIONALIDADE,IDEN_PERMISSAO,TIPO_OPERACAO) values ('638','6','18','0');
Insert into FIPLAN_GMA_DES.DHWTB024_FUNC_PERMISSAO_AUD (IDEN_AUDITORIA,IDEN_FUNCIONALIDADE,IDEN_PERMISSAO,TIPO_OPERACAO) values ('639','3','5','0');
Insert into FIPLAN_GMA_DES.DHWTB024_FUNC_PERMISSAO_AUD (IDEN_AUDITORIA,IDEN_FUNCIONALIDADE,IDEN_PERMISSAO,TIPO_OPERACAO) values ('639','3','18','0');
Insert into FIPLAN_GMA_DES.DHWTB024_FUNC_PERMISSAO_AUD (IDEN_AUDITORIA,IDEN_FUNCIONALIDADE,IDEN_PERMISSAO,TIPO_OPERACAO) values ('658','44','87','0');
Insert into FIPLAN_GMA_DES.DHWTB024_FUNC_PERMISSAO_AUD (IDEN_AUDITORIA,IDEN_FUNCIONALIDADE,IDEN_PERMISSAO,TIPO_OPERACAO) values ('658','44','91','0');
Insert into FIPLAN_GMA_DES.DHWTB024_FUNC_PERMISSAO_AUD (IDEN_AUDITORIA,IDEN_FUNCIONALIDADE,IDEN_PERMISSAO,TIPO_OPERACAO) values ('662','43','87','2');
Insert into FIPLAN_GMA_DES.DHWTB024_FUNC_PERMISSAO_AUD (IDEN_AUDITORIA,IDEN_FUNCIONALIDADE,IDEN_PERMISSAO,TIPO_OPERACAO) values ('662','43','59','2');
Insert into FIPLAN_GMA_DES.DHWTB024_FUNC_PERMISSAO_AUD (IDEN_AUDITORIA,IDEN_FUNCIONALIDADE,IDEN_PERMISSAO,TIPO_OPERACAO) values ('662','43','91','0');
Insert into FIPLAN_GMA_DES.DHWTB024_FUNC_PERMISSAO_AUD (IDEN_AUDITORIA,IDEN_FUNCIONALIDADE,IDEN_PERMISSAO,TIPO_OPERACAO) values ('662','43','88','0');
Insert into FIPLAN_GMA_DES.DHWTB024_FUNC_PERMISSAO_AUD (IDEN_AUDITORIA,IDEN_FUNCIONALIDADE,IDEN_PERMISSAO,TIPO_OPERACAO) values ('662','43','84','0');
Insert into FIPLAN_GMA_DES.DHWTB024_FUNC_PERMISSAO_AUD (IDEN_AUDITORIA,IDEN_FUNCIONALIDADE,IDEN_PERMISSAO,TIPO_OPERACAO) values ('663','44','59','0');
Insert into FIPLAN_GMA_DES.DHWTB024_FUNC_PERMISSAO_AUD (IDEN_AUDITORIA,IDEN_FUNCIONALIDADE,IDEN_PERMISSAO,TIPO_OPERACAO) values ('748','46','86','0');
Insert into FIPLAN_GMA_DES.DHWTB024_FUNC_PERMISSAO_AUD (IDEN_AUDITORIA,IDEN_FUNCIONALIDADE,IDEN_PERMISSAO,TIPO_OPERACAO) values ('748','46','91','0');
Insert into FIPLAN_GMA_DES.DHWTB024_FUNC_PERMISSAO_AUD (IDEN_AUDITORIA,IDEN_FUNCIONALIDADE,IDEN_PERMISSAO,TIPO_OPERACAO) values ('749','46','90','0');
Insert into FIPLAN_GMA_DES.DHWTB024_FUNC_PERMISSAO_AUD (IDEN_AUDITORIA,IDEN_FUNCIONALIDADE,IDEN_PERMISSAO,TIPO_OPERACAO) values ('327','2','4','0');
Insert into FIPLAN_GMA_DES.DHWTB024_FUNC_PERMISSAO_AUD (IDEN_AUDITORIA,IDEN_FUNCIONALIDADE,IDEN_PERMISSAO,TIPO_OPERACAO) values ('328','2','9','0');
Insert into FIPLAN_GMA_DES.DHWTB024_FUNC_PERMISSAO_AUD (IDEN_AUDITORIA,IDEN_FUNCIONALIDADE,IDEN_PERMISSAO,TIPO_OPERACAO) values ('329','3','6','0');
Insert into FIPLAN_GMA_DES.DHWTB024_FUNC_PERMISSAO_AUD (IDEN_AUDITORIA,IDEN_FUNCIONALIDADE,IDEN_PERMISSAO,TIPO_OPERACAO) values ('329','3','2','0');
Insert into FIPLAN_GMA_DES.DHWTB024_FUNC_PERMISSAO_AUD (IDEN_AUDITORIA,IDEN_FUNCIONALIDADE,IDEN_PERMISSAO,TIPO_OPERACAO) values ('330','3','9','0');
Insert into FIPLAN_GMA_DES.DHWTB024_FUNC_PERMISSAO_AUD (IDEN_AUDITORIA,IDEN_FUNCIONALIDADE,IDEN_PERMISSAO,TIPO_OPERACAO) values ('334','4','8','0');
Insert into FIPLAN_GMA_DES.DHWTB024_FUNC_PERMISSAO_AUD (IDEN_AUDITORIA,IDEN_FUNCIONALIDADE,IDEN_PERMISSAO,TIPO_OPERACAO) values ('334','4','4','0');
Insert into FIPLAN_GMA_DES.DHWTB024_FUNC_PERMISSAO_AUD (IDEN_AUDITORIA,IDEN_FUNCIONALIDADE,IDEN_PERMISSAO,TIPO_OPERACAO) values ('331','1','9','0');
Insert into FIPLAN_GMA_DES.DHWTB024_FUNC_PERMISSAO_AUD (IDEN_AUDITORIA,IDEN_FUNCIONALIDADE,IDEN_PERMISSAO,TIPO_OPERACAO) values ('331','1','1','0');
Insert into FIPLAN_GMA_DES.DHWTB024_FUNC_PERMISSAO_AUD (IDEN_AUDITORIA,IDEN_FUNCIONALIDADE,IDEN_PERMISSAO,TIPO_OPERACAO) values ('332','1','6','0');
Insert into FIPLAN_GMA_DES.DHWTB024_FUNC_PERMISSAO_AUD (IDEN_AUDITORIA,IDEN_FUNCIONALIDADE,IDEN_PERMISSAO,TIPO_OPERACAO) values ('36','3','2','0');
Insert into FIPLAN_GMA_DES.DHWTB024_FUNC_PERMISSAO_AUD (IDEN_AUDITORIA,IDEN_FUNCIONALIDADE,IDEN_PERMISSAO,TIPO_OPERACAO) values ('104','3','1','0');
Insert into FIPLAN_GMA_DES.DHWTB024_FUNC_PERMISSAO_AUD (IDEN_AUDITORIA,IDEN_FUNCIONALIDADE,IDEN_PERMISSAO,TIPO_OPERACAO) values ('654','1','6','0');
Insert into FIPLAN_GMA_DES.DHWTB024_FUNC_PERMISSAO_AUD (IDEN_AUDITORIA,IDEN_FUNCIONALIDADE,IDEN_PERMISSAO,TIPO_OPERACAO) values ('654','1','9','0');
Insert into FIPLAN_GMA_DES.DHWTB024_FUNC_PERMISSAO_AUD (IDEN_AUDITORIA,IDEN_FUNCIONALIDADE,IDEN_PERMISSAO,TIPO_OPERACAO) values ('654','1','1','0');
Insert into FIPLAN_GMA_DES.DHWTB024_FUNC_PERMISSAO_AUD (IDEN_AUDITORIA,IDEN_FUNCIONALIDADE,IDEN_PERMISSAO,TIPO_OPERACAO) values ('656','6','5','0');
Insert into FIPLAN_GMA_DES.DHWTB024_FUNC_PERMISSAO_AUD (IDEN_AUDITORIA,IDEN_FUNCIONALIDADE,IDEN_PERMISSAO,TIPO_OPERACAO) values ('659','43','59','0');
Insert into FIPLAN_GMA_DES.DHWTB024_FUNC_PERMISSAO_AUD (IDEN_AUDITORIA,IDEN_FUNCIONALIDADE,IDEN_PERMISSAO,TIPO_OPERACAO) values ('660','43','87','0');
Insert into FIPLAN_GMA_DES.DHWTB024_FUNC_PERMISSAO_AUD (IDEN_AUDITORIA,IDEN_FUNCIONALIDADE,IDEN_PERMISSAO,TIPO_OPERACAO) values ('661','44','43','0');
Insert into FIPLAN_GMA_DES.DHWTB024_FUNC_PERMISSAO_AUD (IDEN_AUDITORIA,IDEN_FUNCIONALIDADE,IDEN_PERMISSAO,TIPO_OPERACAO) values ('674','45','85','0');
Insert into FIPLAN_GMA_DES.DHWTB024_FUNC_PERMISSAO_AUD (IDEN_AUDITORIA,IDEN_FUNCIONALIDADE,IDEN_PERMISSAO,TIPO_OPERACAO) values ('674','45','88','0');
Insert into FIPLAN_GMA_DES.DHWTB024_FUNC_PERMISSAO_AUD (IDEN_AUDITORIA,IDEN_FUNCIONALIDADE,IDEN_PERMISSAO,TIPO_OPERACAO) values ('674','45','91','0');
Insert into FIPLAN_GMA_DES.DHWTB024_FUNC_PERMISSAO_AUD (IDEN_AUDITORIA,IDEN_FUNCIONALIDADE,IDEN_PERMISSAO,TIPO_OPERACAO) values ('678','45','59','0');
Insert into FIPLAN_GMA_DES.DHWTB024_FUNC_PERMISSAO_AUD (IDEN_AUDITORIA,IDEN_FUNCIONALIDADE,IDEN_PERMISSAO,TIPO_OPERACAO) values ('679','45','43','0');
Insert into FIPLAN_GMA_DES.DHWTB024_FUNC_PERMISSAO_AUD (IDEN_AUDITORIA,IDEN_FUNCIONALIDADE,IDEN_PERMISSAO,TIPO_OPERACAO) values ('730','48','94','0');
Insert into FIPLAN_GMA_DES.DHWTB024_FUNC_PERMISSAO_AUD (IDEN_AUDITORIA,IDEN_FUNCIONALIDADE,IDEN_PERMISSAO,TIPO_OPERACAO) values ('730','48','95','0');
Insert into FIPLAN_GMA_DES.DHWTB024_FUNC_PERMISSAO_AUD (IDEN_AUDITORIA,IDEN_FUNCIONALIDADE,IDEN_PERMISSAO,TIPO_OPERACAO) values ('731','47','92','0');
Insert into FIPLAN_GMA_DES.DHWTB024_FUNC_PERMISSAO_AUD (IDEN_AUDITORIA,IDEN_FUNCIONALIDADE,IDEN_PERMISSAO,TIPO_OPERACAO) values ('731','47','93','0');
Insert into FIPLAN_GMA_DES.DHWTB024_FUNC_PERMISSAO_AUD (IDEN_AUDITORIA,IDEN_FUNCIONALIDADE,IDEN_PERMISSAO,TIPO_OPERACAO) values ('732','47','59','0');
Insert into FIPLAN_GMA_DES.DHWTB024_FUNC_PERMISSAO_AUD (IDEN_AUDITORIA,IDEN_FUNCIONALIDADE,IDEN_PERMISSAO,TIPO_OPERACAO) values ('733','47','43','0');
REM INSERTING into FIPLAN_GMA_DES.DHWTB025_PERMISSAO
SET DEFINE OFF;
Insert into FIPLAN_GMA_DES.DHWTB025_PERMISSAO (IDEN_PERMISSAO,DATA_ATUALIZACAO,DATA_CRIACAO,VERSAO,ACTION,DESCRICAO,NOME,TIPO_PERMISSAO) values ('56',null,to_timestamp('25/10/18 17:16:31,000000000','DD/MM/RR HH24:MI:SSXFF'),'0','br.gov.mt.mti.fiplangma.service.tabelas.TipoAdministracaoService.save','Incluir Tipo AdministraÁ„o','br.gov.mt.mti.fiplangma.service.tabelas.TipoAdministracaoService.save','ACAO');
Insert into FIPLAN_GMA_DES.DHWTB025_PERMISSAO (IDEN_PERMISSAO,DATA_ATUALIZACAO,DATA_CRIACAO,VERSAO,ACTION,DESCRICAO,NOME,TIPO_PERMISSAO) values ('57',null,to_timestamp('25/10/18 17:16:31,000000000','DD/MM/RR HH24:MI:SSXFF'),'0','br.gov.mt.mti.fiplangma.service.tabelas.TipoAdministracaoService.merge','Alterar Tipo AdministraÁ„o','br.gov.mt.mti.fiplangma.service.tabelas.TipoAdministracaoService.merge','ACAO');
Insert into FIPLAN_GMA_DES.DHWTB025_PERMISSAO (IDEN_PERMISSAO,DATA_ATUALIZACAO,DATA_CRIACAO,VERSAO,ACTION,DESCRICAO,NOME,TIPO_PERMISSAO) values ('58',null,to_timestamp('25/10/18 17:16:31,000000000','DD/MM/RR HH24:MI:SSXFF'),'0','br.gov.mt.mti.fiplangma.service.tabelas.TipoAdministracaoService.delete','Excluir Tipo AdministraÁ„o','br.gov.mt.mti.fiplangma.service.tabelas.TipoAdministracaoService.delete','ACAO');
Insert into FIPLAN_GMA_DES.DHWTB025_PERMISSAO (IDEN_PERMISSAO,DATA_ATUALIZACAO,DATA_CRIACAO,VERSAO,ACTION,DESCRICAO,NOME,TIPO_PERMISSAO) values ('59',null,to_timestamp('25/10/18 17:16:31,000000000','DD/MM/RR HH24:MI:SSXFF'),'0','br.gov.mt.mti.fiplangma.service.tabelas.TipoAdministracaoService.find','Pesquisar Tipo AdministraÁ„o','br.gov.mt.mti.fiplangma.service.tabelas.TipoAdministracaoService.find','ACAO');
Insert into FIPLAN_GMA_DES.DHWTB025_PERMISSAO (IDEN_PERMISSAO,DATA_ATUALIZACAO,DATA_CRIACAO,VERSAO,ACTION,DESCRICAO,NOME,TIPO_PERMISSAO) values ('60',null,to_timestamp('25/10/18 17:16:31,000000000','DD/MM/RR HH24:MI:SSXFF'),'0','incluir.grupoPendencia','Acao Incluir Grupo','incluir.grupoPendencia','GATILHO');
Insert into FIPLAN_GMA_DES.DHWTB025_PERMISSAO (IDEN_PERMISSAO,DATA_ATUALIZACAO,DATA_CRIACAO,VERSAO,ACTION,DESCRICAO,NOME,TIPO_PERMISSAO) values ('61',null,to_timestamp('25/10/18 17:16:31,000000000','DD/MM/RR HH24:MI:SSXFF'),'0','alterar.grupoPendencia','Acao Alterar Grupo','alterar.grupoPendencia','GATILHO');
Insert into FIPLAN_GMA_DES.DHWTB025_PERMISSAO (IDEN_PERMISSAO,DATA_ATUALIZACAO,DATA_CRIACAO,VERSAO,ACTION,DESCRICAO,NOME,TIPO_PERMISSAO) values ('62',null,to_timestamp('25/10/18 17:16:31,000000000','DD/MM/RR HH24:MI:SSXFF'),'0','excluir.grupoPendencia','Acao Excluir Grupo','excluir.grupoPendencia','GATILHO');
Insert into FIPLAN_GMA_DES.DHWTB025_PERMISSAO (IDEN_PERMISSAO,DATA_ATUALIZACAO,DATA_CRIACAO,VERSAO,ACTION,DESCRICAO,NOME,TIPO_PERMISSAO) values ('63',null,to_timestamp('25/10/18 17:16:31,000000000','DD/MM/RR HH24:MI:SSXFF'),'0','pesquisar.grupoPendencia','Acao Pesquisar Grupo','pesquisar.grupoPendencia','GATILHO');
Insert into FIPLAN_GMA_DES.DHWTB025_PERMISSAO (IDEN_PERMISSAO,DATA_ATUALIZACAO,DATA_CRIACAO,VERSAO,ACTION,DESCRICAO,NOME,TIPO_PERMISSAO) values ('64',null,to_timestamp('25/10/18 17:16:31,000000000','DD/MM/RR HH24:MI:SSXFF'),'0','br.gov.mt.mti.fiplangma.service.tabelas.GrupoPendenciaService.save','Incluir Grupo','br.gov.mt.mti.fiplangma.service.tabelas.GrupoPendenciaService.save','ACAO');
Insert into FIPLAN_GMA_DES.DHWTB025_PERMISSAO (IDEN_PERMISSAO,DATA_ATUALIZACAO,DATA_CRIACAO,VERSAO,ACTION,DESCRICAO,NOME,TIPO_PERMISSAO) values ('65',null,to_timestamp('25/10/18 17:16:31,000000000','DD/MM/RR HH24:MI:SSXFF'),'0','br.gov.mt.mti.fiplangma.service.tabelas.GrupoPendenciaService.merge','Alterar Grupo','br.gov.mt.mti.fiplangma.service.tabelas.GrupoPendenciaService.merge','ACAO');
Insert into FIPLAN_GMA_DES.DHWTB025_PERMISSAO (IDEN_PERMISSAO,DATA_ATUALIZACAO,DATA_CRIACAO,VERSAO,ACTION,DESCRICAO,NOME,TIPO_PERMISSAO) values ('66',null,to_timestamp('25/10/18 17:16:31,000000000','DD/MM/RR HH24:MI:SSXFF'),'0','br.gov.mt.mti.fiplangma.service.tabelas.GrupoPendenciaService.delete','Excluir Grupo','br.gov.mt.mti.fiplangma.service.tabelas.GrupoPendenciaService.delete','ACAO');
Insert into FIPLAN_GMA_DES.DHWTB025_PERMISSAO (IDEN_PERMISSAO,DATA_ATUALIZACAO,DATA_CRIACAO,VERSAO,ACTION,DESCRICAO,NOME,TIPO_PERMISSAO) values ('67',null,to_timestamp('25/10/18 17:16:31,000000000','DD/MM/RR HH24:MI:SSXFF'),'0','br.gov.mt.mti.fiplangma.service.tabelas.GrupoPendenciaService.find','Pesquisar Grupo','br.gov.mt.mti.fiplangma.service.tabelas.GrupoPendenciaService.find','ACAO');
Insert into FIPLAN_GMA_DES.DHWTB025_PERMISSAO (IDEN_PERMISSAO,DATA_ATUALIZACAO,DATA_CRIACAO,VERSAO,ACTION,DESCRICAO,NOME,TIPO_PERMISSAO) values ('68',null,to_timestamp('25/10/18 17:16:31,000000000','DD/MM/RR HH24:MI:SSXFF'),'0','incluir.subGrupoPendencia','Acao Incluir Subgrupo','incluir.subGrupoPendencia','GATILHO');
Insert into FIPLAN_GMA_DES.DHWTB025_PERMISSAO (IDEN_PERMISSAO,DATA_ATUALIZACAO,DATA_CRIACAO,VERSAO,ACTION,DESCRICAO,NOME,TIPO_PERMISSAO) values ('69',null,to_timestamp('25/10/18 17:16:31,000000000','DD/MM/RR HH24:MI:SSXFF'),'0','alterar.subGrupoPendencia','Acao Alterar Subgrupo','alterar.subGrupoPendencia','GATILHO');
Insert into FIPLAN_GMA_DES.DHWTB025_PERMISSAO (IDEN_PERMISSAO,DATA_ATUALIZACAO,DATA_CRIACAO,VERSAO,ACTION,DESCRICAO,NOME,TIPO_PERMISSAO) values ('70',null,to_timestamp('25/10/18 17:16:31,000000000','DD/MM/RR HH24:MI:SSXFF'),'0','excluir.subGrupoPendencia','Acao Excluir Subgrupo','excluir.subGrupoPendencia','GATILHO');
Insert into FIPLAN_GMA_DES.DHWTB025_PERMISSAO (IDEN_PERMISSAO,DATA_ATUALIZACAO,DATA_CRIACAO,VERSAO,ACTION,DESCRICAO,NOME,TIPO_PERMISSAO) values ('71',null,to_timestamp('25/10/18 17:16:31,000000000','DD/MM/RR HH24:MI:SSXFF'),'0','pesquisar.subGrupoPendencia','Acao Pesquisar Subgrupo','pesquisar.subGrupoPendencia','GATILHO');
Insert into FIPLAN_GMA_DES.DHWTB025_PERMISSAO (IDEN_PERMISSAO,DATA_ATUALIZACAO,DATA_CRIACAO,VERSAO,ACTION,DESCRICAO,NOME,TIPO_PERMISSAO) values ('72',null,to_timestamp('25/10/18 17:16:31,000000000','DD/MM/RR HH24:MI:SSXFF'),'0','br.gov.mt.mti.fiplangma.service.tabelas.SubGrupoPendenciaService.save','Incluir Subgrupo','br.gov.mt.mti.fiplangma.service.tabelas.SubGrupoPendenciaService.save','ACAO');
Insert into FIPLAN_GMA_DES.DHWTB025_PERMISSAO (IDEN_PERMISSAO,DATA_ATUALIZACAO,DATA_CRIACAO,VERSAO,ACTION,DESCRICAO,NOME,TIPO_PERMISSAO) values ('73',null,to_timestamp('25/10/18 17:16:31,000000000','DD/MM/RR HH24:MI:SSXFF'),'0','br.gov.mt.mti.fiplangma.service.tabelas.SubGrupoPendenciaService.merge','Alterar Subgrupo','br.gov.mt.mti.fiplangma.service.tabelas.SubGrupoPendenciaService.merge','ACAO');
Insert into FIPLAN_GMA_DES.DHWTB025_PERMISSAO (IDEN_PERMISSAO,DATA_ATUALIZACAO,DATA_CRIACAO,VERSAO,ACTION,DESCRICAO,NOME,TIPO_PERMISSAO) values ('74',null,to_timestamp('25/10/18 17:16:31,000000000','DD/MM/RR HH24:MI:SSXFF'),'0','br.gov.mt.mti.fiplangma.service.tabelas.SubGrupoPendenciaService.delete','Excluir Subgrupo','br.gov.mt.mti.fiplangma.service.tabelas.SubGrupoPendenciaService.delete','ACAO');
Insert into FIPLAN_GMA_DES.DHWTB025_PERMISSAO (IDEN_PERMISSAO,DATA_ATUALIZACAO,DATA_CRIACAO,VERSAO,ACTION,DESCRICAO,NOME,TIPO_PERMISSAO) values ('75',null,to_timestamp('25/10/18 17:16:31,000000000','DD/MM/RR HH24:MI:SSXFF'),'0','br.gov.mt.mti.fiplangma.service.tabelas.SubGrupoPendenciaService.find','Pesquisar Subgrupo','br.gov.mt.mti.fiplangma.service.tabelas.SubGrupoPendenciaService.find','ACAO');
Insert into FIPLAN_GMA_DES.DHWTB025_PERMISSAO (IDEN_PERMISSAO,DATA_ATUALIZACAO,DATA_CRIACAO,VERSAO,ACTION,DESCRICAO,NOME,TIPO_PERMISSAO) values ('76',null,to_timestamp('25/10/18 17:16:31,000000000','DD/MM/RR HH24:MI:SSXFF'),'0','incluir.tipoPendencia','Acao Incluir Tipo Pendencia','incluir.tipoPendencia','GATILHO');
Insert into FIPLAN_GMA_DES.DHWTB025_PERMISSAO (IDEN_PERMISSAO,DATA_ATUALIZACAO,DATA_CRIACAO,VERSAO,ACTION,DESCRICAO,NOME,TIPO_PERMISSAO) values ('77',null,to_timestamp('25/10/18 17:16:31,000000000','DD/MM/RR HH24:MI:SSXFF'),'0','alterar.tipoPendencia','Acao Alterar Tipo Pendencia','alterar.tipoPendencia','GATILHO');
Insert into FIPLAN_GMA_DES.DHWTB025_PERMISSAO (IDEN_PERMISSAO,DATA_ATUALIZACAO,DATA_CRIACAO,VERSAO,ACTION,DESCRICAO,NOME,TIPO_PERMISSAO) values ('78',null,to_timestamp('25/10/18 17:16:31,000000000','DD/MM/RR HH24:MI:SSXFF'),'0','excluir.tipoPendencia','Acao Excluir Tipo Pendencia','excluir.tipoPendencia','GATILHO');
Insert into FIPLAN_GMA_DES.DHWTB025_PERMISSAO (IDEN_PERMISSAO,DATA_ATUALIZACAO,DATA_CRIACAO,VERSAO,ACTION,DESCRICAO,NOME,TIPO_PERMISSAO) values ('79',null,to_timestamp('25/10/18 17:16:31,000000000','DD/MM/RR HH24:MI:SSXFF'),'0','pesquisar.tipoPendencia','Acao Pesquisar Tipo Pendencia','pesquisar.tipoPendencia','GATILHO');
Insert into FIPLAN_GMA_DES.DHWTB025_PERMISSAO (IDEN_PERMISSAO,DATA_ATUALIZACAO,DATA_CRIACAO,VERSAO,ACTION,DESCRICAO,NOME,TIPO_PERMISSAO) values ('80',null,to_timestamp('25/10/18 17:16:31,000000000','DD/MM/RR HH24:MI:SSXFF'),'0','br.gov.mt.mti.fiplangma.service.tabelas.TipoPendenciaService.save','Incluir Tipo Pendencia','br.gov.mt.mti.fiplangma.service.tabelas.TipoPendenciaService.save','ACAO');
Insert into FIPLAN_GMA_DES.DHWTB025_PERMISSAO (IDEN_PERMISSAO,DATA_ATUALIZACAO,DATA_CRIACAO,VERSAO,ACTION,DESCRICAO,NOME,TIPO_PERMISSAO) values ('81',null,to_timestamp('25/10/18 17:16:31,000000000','DD/MM/RR HH24:MI:SSXFF'),'0','br.gov.mt.mti.fiplangma.service.tabelas.TipoPendenciaService.merge','Alterar Tipo Pendencia','br.gov.mt.mti.fiplangma.service.tabelas.TipoPendenciaService.merge','ACAO');
Insert into FIPLAN_GMA_DES.DHWTB025_PERMISSAO (IDEN_PERMISSAO,DATA_ATUALIZACAO,DATA_CRIACAO,VERSAO,ACTION,DESCRICAO,NOME,TIPO_PERMISSAO) values ('82',null,to_timestamp('25/10/18 17:16:31,000000000','DD/MM/RR HH24:MI:SSXFF'),'0','br.gov.mt.mti.fiplangma.service.tabelas.TipoPendenciaService.delete','Excluir Tipo Pendencia','br.gov.mt.mti.fiplangma.service.tabelas.TipoPendenciaService.delete','ACAO');
Insert into FIPLAN_GMA_DES.DHWTB025_PERMISSAO (IDEN_PERMISSAO,DATA_ATUALIZACAO,DATA_CRIACAO,VERSAO,ACTION,DESCRICAO,NOME,TIPO_PERMISSAO) values ('83',null,to_timestamp('25/10/18 17:16:31,000000000','DD/MM/RR HH24:MI:SSXFF'),'0','br.gov.mt.mti.fiplangma.service.tabelas.TipoPendenciaService.find','Pesquisar Tipo Pendencia','br.gov.mt.mti.fiplangma.service.tabelas.TipoPendenciaService.find','ACAO');
Insert into FIPLAN_GMA_DES.DHWTB025_PERMISSAO (IDEN_PERMISSAO,DATA_ATUALIZACAO,DATA_CRIACAO,VERSAO,ACTION,DESCRICAO,NOME,TIPO_PERMISSAO) values ('84',null,to_timestamp('25/10/18 17:16:31,000000000','DD/MM/RR HH24:MI:SSXFF'),'0','incluir.unidadeAdministrativa','Acao Incluir Unidade Administrativa','incluir.unidadeAdministrativa','GATILHO');
Insert into FIPLAN_GMA_DES.DHWTB025_PERMISSAO (IDEN_PERMISSAO,DATA_ATUALIZACAO,DATA_CRIACAO,VERSAO,ACTION,DESCRICAO,NOME,TIPO_PERMISSAO) values ('85',null,to_timestamp('25/10/18 17:16:31,000000000','DD/MM/RR HH24:MI:SSXFF'),'0','alterar.unidadeAdministrativa','Acao Alterar Unidade Administrativa','alterar.unidadeAdministrativa','GATILHO');
Insert into FIPLAN_GMA_DES.DHWTB025_PERMISSAO (IDEN_PERMISSAO,DATA_ATUALIZACAO,DATA_CRIACAO,VERSAO,ACTION,DESCRICAO,NOME,TIPO_PERMISSAO) values ('86',null,to_timestamp('25/10/18 17:16:31,000000000','DD/MM/RR HH24:MI:SSXFF'),'0','excluir.unidadeAdministrativa','Acao Excluir Unidade Administrativa','excluir.unidadeAdministrativa','GATILHO');
Insert into FIPLAN_GMA_DES.DHWTB025_PERMISSAO (IDEN_PERMISSAO,DATA_ATUALIZACAO,DATA_CRIACAO,VERSAO,ACTION,DESCRICAO,NOME,TIPO_PERMISSAO) values ('87',null,to_timestamp('25/10/18 17:16:31,000000000','DD/MM/RR HH24:MI:SSXFF'),'0','pesquisar.unidadeAdministrativa','Acao Pesquisar Unidade Administrativa','pesquisar.unidadeAdministrativa','GATILHO');
Insert into FIPLAN_GMA_DES.DHWTB025_PERMISSAO (IDEN_PERMISSAO,DATA_ATUALIZACAO,DATA_CRIACAO,VERSAO,ACTION,DESCRICAO,NOME,TIPO_PERMISSAO) values ('88',null,to_timestamp('25/10/18 17:16:31,000000000','DD/MM/RR HH24:MI:SSXFF'),'0','br.gov.mt.mti.fiplangma.service.tabelas.UnidadeAdministrativaService.save','Incluir Unidade Administrativa','br.gov.mt.mti.fiplangma.service.tabelas.UnidadeAdministrativaService.save','ACAO');
Insert into FIPLAN_GMA_DES.DHWTB025_PERMISSAO (IDEN_PERMISSAO,DATA_ATUALIZACAO,DATA_CRIACAO,VERSAO,ACTION,DESCRICAO,NOME,TIPO_PERMISSAO) values ('89',null,to_timestamp('25/10/18 17:16:31,000000000','DD/MM/RR HH24:MI:SSXFF'),'0','br.gov.mt.mti.fiplangma.service.tabelas.UnidadeAdministrativaService.merge','Alterar Unidade Administrativa','br.gov.mt.mti.fiplangma.service.tabelas.UnidadeAdministrativaService.merge','ACAO');
Insert into FIPLAN_GMA_DES.DHWTB025_PERMISSAO (IDEN_PERMISSAO,DATA_ATUALIZACAO,DATA_CRIACAO,VERSAO,ACTION,DESCRICAO,NOME,TIPO_PERMISSAO) values ('90',null,to_timestamp('25/10/18 17:16:31,000000000','DD/MM/RR HH24:MI:SSXFF'),'0','br.gov.mt.mti.fiplangma.service.tabelas.UnidadeAdministrativaService.delete','Excluir Unidade Administrativa','br.gov.mt.mti.fiplangma.service.tabelas.UnidadeAdministrativaService.delete','ACAO');
Insert into FIPLAN_GMA_DES.DHWTB025_PERMISSAO (IDEN_PERMISSAO,DATA_ATUALIZACAO,DATA_CRIACAO,VERSAO,ACTION,DESCRICAO,NOME,TIPO_PERMISSAO) values ('91',null,to_timestamp('25/10/18 17:16:31,000000000','DD/MM/RR HH24:MI:SSXFF'),'0','br.gov.mt.mti.fiplangma.service.tabelas.UnidadeAdministrativaService.find','Pesquisar Unidade Administrativa','br.gov.mt.mti.fiplangma.service.tabelas.UnidadeAdministrativaService.find','ACAO');
Insert into FIPLAN_GMA_DES.DHWTB025_PERMISSAO (IDEN_PERMISSAO,DATA_ATUALIZACAO,DATA_CRIACAO,VERSAO,ACTION,DESCRICAO,NOME,TIPO_PERMISSAO) values ('92',null,to_timestamp('13/11/18 14:09:02,896000000','DD/MM/RR HH24:MI:SSXFF'),'0','incluir.ocorrencia','AÁ„o Incluir OcorrÍncia','incluir.ocorrencia','GATILHO');
Insert into FIPLAN_GMA_DES.DHWTB025_PERMISSAO (IDEN_PERMISSAO,DATA_ATUALIZACAO,DATA_CRIACAO,VERSAO,ACTION,DESCRICAO,NOME,TIPO_PERMISSAO) values ('93',null,to_timestamp('13/11/18 14:10:07,672000000','DD/MM/RR HH24:MI:SSXFF'),'0','br.gov.mt.mti.fiplangma.service.tabelas.OcorrenciaService.save','Incluir OcorrÍncia','br.gov.mt.mti.fiplangma.service.tabelas.OcorrenciaService.save','ACAO');
Insert into FIPLAN_GMA_DES.DHWTB025_PERMISSAO (IDEN_PERMISSAO,DATA_ATUALIZACAO,DATA_CRIACAO,VERSAO,ACTION,DESCRICAO,NOME,TIPO_PERMISSAO) values ('94',null,to_timestamp('13/11/18 14:10:47,170000000','DD/MM/RR HH24:MI:SSXFF'),'0','pesquisar.ocorrencia','AÁ„o Pesquisar OcorrÍncia','pesquisar.ocorrencia','GATILHO');
Insert into FIPLAN_GMA_DES.DHWTB025_PERMISSAO (IDEN_PERMISSAO,DATA_ATUALIZACAO,DATA_CRIACAO,VERSAO,ACTION,DESCRICAO,NOME,TIPO_PERMISSAO) values ('95',null,to_timestamp('13/11/18 14:11:20,508000000','DD/MM/RR HH24:MI:SSXFF'),'0','br.gov.mt.mti.fiplangma.service.tabelas.OcorrenciaService.find','Pesquisar OcorrÍncia','br.gov.mt.mti.fiplangma.service.tabelas.OcorrenciaService.find','ACAO');
Insert into FIPLAN_GMA_DES.DHWTB025_PERMISSAO (IDEN_PERMISSAO,DATA_ATUALIZACAO,DATA_CRIACAO,VERSAO,ACTION,DESCRICAO,NOME,TIPO_PERMISSAO) values ('16',null,to_timestamp('25/10/18 17:16:30,000000000','DD/MM/RR HH24:MI:SSXFF'),'0','br.gov.mt.mti.fiplangma.service.security.user.PerfilService.merge','Alterar Perfil','br.gov.mt.mti.fiplangma.service.security.user.PerfilService.merge','ACAO');
Insert into FIPLAN_GMA_DES.DHWTB025_PERMISSAO (IDEN_PERMISSAO,DATA_ATUALIZACAO,DATA_CRIACAO,VERSAO,ACTION,DESCRICAO,NOME,TIPO_PERMISSAO) values ('17',null,to_timestamp('25/10/18 17:16:30,000000000','DD/MM/RR HH24:MI:SSXFF'),'0','br.gov.mt.mti.fiplangma.service.security.user.PerfilService.delete','Excluir Perfil','br.gov.mt.mti.fiplangma.service.security.user.PerfilService.delete','ACAO');
Insert into FIPLAN_GMA_DES.DHWTB025_PERMISSAO (IDEN_PERMISSAO,DATA_ATUALIZACAO,DATA_CRIACAO,VERSAO,ACTION,DESCRICAO,NOME,TIPO_PERMISSAO) values ('18',null,to_timestamp('25/10/18 17:16:30,000000000','DD/MM/RR HH24:MI:SSXFF'),'0','br.gov.mt.mti.fiplangma.service.security.user.PerfilService.find','Pesquisar Perfil','br.gov.mt.mti.fiplangma.service.security.user.PerfilService.find','ACAO');
Insert into FIPLAN_GMA_DES.DHWTB025_PERMISSAO (IDEN_PERMISSAO,DATA_ATUALIZACAO,DATA_CRIACAO,VERSAO,ACTION,DESCRICAO,NOME,TIPO_PERMISSAO) values ('19',null,to_timestamp('25/10/18 17:16:30,000000000','DD/MM/RR HH24:MI:SSXFF'),'0','incluir.funcionalidade','Acao Incluir Funcionalidade','incluir.funcionalidade','GATILHO');
Insert into FIPLAN_GMA_DES.DHWTB025_PERMISSAO (IDEN_PERMISSAO,DATA_ATUALIZACAO,DATA_CRIACAO,VERSAO,ACTION,DESCRICAO,NOME,TIPO_PERMISSAO) values ('20',null,to_timestamp('25/10/18 17:16:30,000000000','DD/MM/RR HH24:MI:SSXFF'),'0','alterar.funcionalidade','Acao Alterar Funcionalidade','alterar.funcionalidade','GATILHO');
Insert into FIPLAN_GMA_DES.DHWTB025_PERMISSAO (IDEN_PERMISSAO,DATA_ATUALIZACAO,DATA_CRIACAO,VERSAO,ACTION,DESCRICAO,NOME,TIPO_PERMISSAO) values ('21',null,to_timestamp('25/10/18 17:16:30,000000000','DD/MM/RR HH24:MI:SSXFF'),'0','excluir.funcionalidade','Acao Excluir Funcionalidade','excluir.funcionalidade','GATILHO');
Insert into FIPLAN_GMA_DES.DHWTB025_PERMISSAO (IDEN_PERMISSAO,DATA_ATUALIZACAO,DATA_CRIACAO,VERSAO,ACTION,DESCRICAO,NOME,TIPO_PERMISSAO) values ('22',null,to_timestamp('25/10/18 17:16:30,000000000','DD/MM/RR HH24:MI:SSXFF'),'0','pesquisar.funcionalidade','Acao Pesquisar Funcionalidade','pesquisar.funcionalidade','GATILHO');
Insert into FIPLAN_GMA_DES.DHWTB025_PERMISSAO (IDEN_PERMISSAO,DATA_ATUALIZACAO,DATA_CRIACAO,VERSAO,ACTION,DESCRICAO,NOME,TIPO_PERMISSAO) values ('23',null,to_timestamp('25/10/18 17:16:30,000000000','DD/MM/RR HH24:MI:SSXFF'),'0','funcionalidade.vincular.permissao','Acao Vincular Funcionalidade','funcionalidade.vincular.permissao','GATILHO');
Insert into FIPLAN_GMA_DES.DHWTB025_PERMISSAO (IDEN_PERMISSAO,DATA_ATUALIZACAO,DATA_CRIACAO,VERSAO,ACTION,DESCRICAO,NOME,TIPO_PERMISSAO) values ('24',null,to_timestamp('25/10/18 17:16:30,000000000','DD/MM/RR HH24:MI:SSXFF'),'0','br.gov.mt.mti.fiplangma.service.security.user.FuncionalidadeService.save','Incluir Funcionalidade','br.gov.mt.mti.fiplangma.service.security.user.FuncionalidadeService.save','ACAO');
Insert into FIPLAN_GMA_DES.DHWTB025_PERMISSAO (IDEN_PERMISSAO,DATA_ATUALIZACAO,DATA_CRIACAO,VERSAO,ACTION,DESCRICAO,NOME,TIPO_PERMISSAO) values ('25',null,to_timestamp('25/10/18 17:16:30,000000000','DD/MM/RR HH24:MI:SSXFF'),'0','br.gov.mt.mti.fiplangma.service.security.user.FuncionalidadeService.merge','Alterar Funcionalidade','br.gov.mt.mti.fiplangma.service.security.user.FuncionalidadeService.merge','ACAO');
Insert into FIPLAN_GMA_DES.DHWTB025_PERMISSAO (IDEN_PERMISSAO,DATA_ATUALIZACAO,DATA_CRIACAO,VERSAO,ACTION,DESCRICAO,NOME,TIPO_PERMISSAO) values ('26',null,to_timestamp('25/10/18 17:16:30,000000000','DD/MM/RR HH24:MI:SSXFF'),'0','br.gov.mt.mti.fiplangma.service.security.user.FuncionalidadeService.delete','Excluir Funcionalidade','br.gov.mt.mti.fiplangma.service.security.user.FuncionalidadeService.delete','ACAO');
Insert into FIPLAN_GMA_DES.DHWTB025_PERMISSAO (IDEN_PERMISSAO,DATA_ATUALIZACAO,DATA_CRIACAO,VERSAO,ACTION,DESCRICAO,NOME,TIPO_PERMISSAO) values ('27',null,to_timestamp('25/10/18 17:16:30,000000000','DD/MM/RR HH24:MI:SSXFF'),'0','br.gov.mt.mti.fiplangma.service.security.user.FuncionalidadeService.find','Pesquisar Funcionalidade','br.gov.mt.mti.fiplangma.service.security.user.FuncionalidadeService.find','ACAO');
Insert into FIPLAN_GMA_DES.DHWTB025_PERMISSAO (IDEN_PERMISSAO,DATA_ATUALIZACAO,DATA_CRIACAO,VERSAO,ACTION,DESCRICAO,NOME,TIPO_PERMISSAO) values ('28',null,to_timestamp('25/10/18 17:16:30,000000000','DD/MM/RR HH24:MI:SSXFF'),'0','incluir.cnae','Acao Incluir CNAE','incluir.cnae','GATILHO');
Insert into FIPLAN_GMA_DES.DHWTB025_PERMISSAO (IDEN_PERMISSAO,DATA_ATUALIZACAO,DATA_CRIACAO,VERSAO,ACTION,DESCRICAO,NOME,TIPO_PERMISSAO) values ('29',null,to_timestamp('25/10/18 17:16:30,000000000','DD/MM/RR HH24:MI:SSXFF'),'0','alterar.cnae','Acao Alterar CNAE','alterar.cnae','GATILHO');
Insert into FIPLAN_GMA_DES.DHWTB025_PERMISSAO (IDEN_PERMISSAO,DATA_ATUALIZACAO,DATA_CRIACAO,VERSAO,ACTION,DESCRICAO,NOME,TIPO_PERMISSAO) values ('30',null,to_timestamp('25/10/18 17:16:30,000000000','DD/MM/RR HH24:MI:SSXFF'),'0','excluir.cnae','Acao Excluir CNAE','excluir.cnae','GATILHO');
Insert into FIPLAN_GMA_DES.DHWTB025_PERMISSAO (IDEN_PERMISSAO,DATA_ATUALIZACAO,DATA_CRIACAO,VERSAO,ACTION,DESCRICAO,NOME,TIPO_PERMISSAO) values ('31',null,to_timestamp('25/10/18 17:16:30,000000000','DD/MM/RR HH24:MI:SSXFF'),'0','pesquisar.cnae','Acao Pesquisar CNAE','pesquisar.cnae','GATILHO');
Insert into FIPLAN_GMA_DES.DHWTB025_PERMISSAO (IDEN_PERMISSAO,DATA_ATUALIZACAO,DATA_CRIACAO,VERSAO,ACTION,DESCRICAO,NOME,TIPO_PERMISSAO) values ('32',null,to_timestamp('25/10/18 17:16:30,000000000','DD/MM/RR HH24:MI:SSXFF'),'0','br.gov.mt.mti.fiplangma.service.tabelas.CNAEService.save','Incluir CNAE','br.gov.mt.mti.fiplangma.service.tabelas.CNAEService.save','ACAO');
Insert into FIPLAN_GMA_DES.DHWTB025_PERMISSAO (IDEN_PERMISSAO,DATA_ATUALIZACAO,DATA_CRIACAO,VERSAO,ACTION,DESCRICAO,NOME,TIPO_PERMISSAO) values ('33',null,to_timestamp('25/10/18 17:16:30,000000000','DD/MM/RR HH24:MI:SSXFF'),'0','br.gov.mt.mti.fiplangma.service.tabelas.CNAEService.merge','Alterar CNAE','br.gov.mt.mti.fiplangma.service.tabelas.CNAEService.merge','ACAO');
Insert into FIPLAN_GMA_DES.DHWTB025_PERMISSAO (IDEN_PERMISSAO,DATA_ATUALIZACAO,DATA_CRIACAO,VERSAO,ACTION,DESCRICAO,NOME,TIPO_PERMISSAO) values ('34',null,to_timestamp('25/10/18 17:16:30,000000000','DD/MM/RR HH24:MI:SSXFF'),'0','br.gov.mt.mti.fiplangma.service.tabelas.CNAEService.delete','Excluir CNAE','br.gov.mt.mti.fiplangma.service.tabelas.CNAEService.delete','ACAO');
Insert into FIPLAN_GMA_DES.DHWTB025_PERMISSAO (IDEN_PERMISSAO,DATA_ATUALIZACAO,DATA_CRIACAO,VERSAO,ACTION,DESCRICAO,NOME,TIPO_PERMISSAO) values ('35',null,to_timestamp('25/10/18 17:16:30,000000000','DD/MM/RR HH24:MI:SSXFF'),'0','br.gov.mt.mti.fiplangma.service.tabelas.CNAEService.find','Pesquisar CNAE','br.gov.mt.mti.fiplangma.service.tabelas.CNAEService.find','ACAO');
Insert into FIPLAN_GMA_DES.DHWTB025_PERMISSAO (IDEN_PERMISSAO,DATA_ATUALIZACAO,DATA_CRIACAO,VERSAO,ACTION,DESCRICAO,NOME,TIPO_PERMISSAO) values ('36',null,to_timestamp('25/10/18 17:16:30,000000000','DD/MM/RR HH24:MI:SSXFF'),'0','incluir.naturezaJuridica','Acao Incluir Natureza Juridica','incluir.naturezaJuridica','GATILHO');
Insert into FIPLAN_GMA_DES.DHWTB025_PERMISSAO (IDEN_PERMISSAO,DATA_ATUALIZACAO,DATA_CRIACAO,VERSAO,ACTION,DESCRICAO,NOME,TIPO_PERMISSAO) values ('37',null,to_timestamp('25/10/18 17:16:30,000000000','DD/MM/RR HH24:MI:SSXFF'),'0','alterar.naturezaJuridica','Acao Alterar Natureza Juridica','alterar.naturezaJuridica','GATILHO');
Insert into FIPLAN_GMA_DES.DHWTB025_PERMISSAO (IDEN_PERMISSAO,DATA_ATUALIZACAO,DATA_CRIACAO,VERSAO,ACTION,DESCRICAO,NOME,TIPO_PERMISSAO) values ('38',null,to_timestamp('25/10/18 17:16:30,000000000','DD/MM/RR HH24:MI:SSXFF'),'0','excluir.naturezaJuridica','Acao Excluir Natureza Juridica','excluir.naturezaJuridica','GATILHO');
Insert into FIPLAN_GMA_DES.DHWTB025_PERMISSAO (IDEN_PERMISSAO,DATA_ATUALIZACAO,DATA_CRIACAO,VERSAO,ACTION,DESCRICAO,NOME,TIPO_PERMISSAO) values ('39',null,to_timestamp('25/10/18 17:16:30,000000000','DD/MM/RR HH24:MI:SSXFF'),'0','pesquisar.naturezaJuridica','Acao Pesquisar Natureza Juridica','pesquisar.naturezaJuridica','GATILHO');
Insert into FIPLAN_GMA_DES.DHWTB025_PERMISSAO (IDEN_PERMISSAO,DATA_ATUALIZACAO,DATA_CRIACAO,VERSAO,ACTION,DESCRICAO,NOME,TIPO_PERMISSAO) values ('40',null,to_timestamp('25/10/18 17:16:30,000000000','DD/MM/RR HH24:MI:SSXFF'),'0','br.gov.mt.mti.fiplangma.service.tabelas.NaturezaJuridicaService.save','Incluir Natureza Juridica','br.gov.mt.mti.fiplangma.service.tabelas.NaturezaJuridicaService.save','ACAO');
Insert into FIPLAN_GMA_DES.DHWTB025_PERMISSAO (IDEN_PERMISSAO,DATA_ATUALIZACAO,DATA_CRIACAO,VERSAO,ACTION,DESCRICAO,NOME,TIPO_PERMISSAO) values ('41',null,to_timestamp('25/10/18 17:16:31,000000000','DD/MM/RR HH24:MI:SSXFF'),'0','br.gov.mt.mti.fiplangma.service.tabelas.NaturezaJuridicaService.merge','Alterar Natureza Juridica','br.gov.mt.mti.fiplangma.service.tabelas.NaturezaJuridicaService.merge','ACAO');
Insert into FIPLAN_GMA_DES.DHWTB025_PERMISSAO (IDEN_PERMISSAO,DATA_ATUALIZACAO,DATA_CRIACAO,VERSAO,ACTION,DESCRICAO,NOME,TIPO_PERMISSAO) values ('42',null,to_timestamp('25/10/18 17:16:31,000000000','DD/MM/RR HH24:MI:SSXFF'),'0','br.gov.mt.mti.fiplangma.service.tabelas.NaturezaJuridicaService.delete','Excluir Natureza Juridica','br.gov.mt.mti.fiplangma.service.tabelas.NaturezaJuridicaService.delete','ACAO');
Insert into FIPLAN_GMA_DES.DHWTB025_PERMISSAO (IDEN_PERMISSAO,DATA_ATUALIZACAO,DATA_CRIACAO,VERSAO,ACTION,DESCRICAO,NOME,TIPO_PERMISSAO) values ('43',null,to_timestamp('25/10/18 17:16:31,000000000','DD/MM/RR HH24:MI:SSXFF'),'0','br.gov.mt.mti.fiplangma.service.tabelas.NaturezaJuridicaService.find','Pesquisar Natureza Juridica','br.gov.mt.mti.fiplangma.service.tabelas.NaturezaJuridicaService.find','ACAO');
Insert into FIPLAN_GMA_DES.DHWTB025_PERMISSAO (IDEN_PERMISSAO,DATA_ATUALIZACAO,DATA_CRIACAO,VERSAO,ACTION,DESCRICAO,NOME,TIPO_PERMISSAO) values ('44',null,to_timestamp('25/10/18 17:16:31,000000000','DD/MM/RR HH24:MI:SSXFF'),'0','incluir.tipoOcorrencia','Acao Incluir Tipo Ocorrencia','incluir.tipoOcorrencia','GATILHO');
Insert into FIPLAN_GMA_DES.DHWTB025_PERMISSAO (IDEN_PERMISSAO,DATA_ATUALIZACAO,DATA_CRIACAO,VERSAO,ACTION,DESCRICAO,NOME,TIPO_PERMISSAO) values ('45',null,to_timestamp('25/10/18 17:16:31,000000000','DD/MM/RR HH24:MI:SSXFF'),'0','alterar.tipoOcorrencia','Acao Alterar Tipo Ocorrencia','alterar.tipoOcorrencia','GATILHO');
Insert into FIPLAN_GMA_DES.DHWTB025_PERMISSAO (IDEN_PERMISSAO,DATA_ATUALIZACAO,DATA_CRIACAO,VERSAO,ACTION,DESCRICAO,NOME,TIPO_PERMISSAO) values ('46',null,to_timestamp('25/10/18 17:16:31,000000000','DD/MM/RR HH24:MI:SSXFF'),'0','excluir.tipoOcorrencia','Acao Excluir Tipo Ocorrencia','excluir.tipoOcorrencia','GATILHO');
Insert into FIPLAN_GMA_DES.DHWTB025_PERMISSAO (IDEN_PERMISSAO,DATA_ATUALIZACAO,DATA_CRIACAO,VERSAO,ACTION,DESCRICAO,NOME,TIPO_PERMISSAO) values ('47',null,to_timestamp('25/10/18 17:16:31,000000000','DD/MM/RR HH24:MI:SSXFF'),'0','pesquisar.tipoOcorrencia','Acao Pesquisar Tipo Ocorrencia','pesquisar.tipoOcorrencia','GATILHO');
Insert into FIPLAN_GMA_DES.DHWTB025_PERMISSAO (IDEN_PERMISSAO,DATA_ATUALIZACAO,DATA_CRIACAO,VERSAO,ACTION,DESCRICAO,NOME,TIPO_PERMISSAO) values ('48',null,to_timestamp('25/10/18 17:16:31,000000000','DD/MM/RR HH24:MI:SSXFF'),'0','br.gov.mt.mti.fiplangma.service.tabelas.TipoOcorrenciaService.save','Incluir Tipo Ocorrencia','br.gov.mt.mti.fiplangma.service.tabelas.TipoOcorrenciaService.save','ACAO');
Insert into FIPLAN_GMA_DES.DHWTB025_PERMISSAO (IDEN_PERMISSAO,DATA_ATUALIZACAO,DATA_CRIACAO,VERSAO,ACTION,DESCRICAO,NOME,TIPO_PERMISSAO) values ('49',null,to_timestamp('25/10/18 17:16:31,000000000','DD/MM/RR HH24:MI:SSXFF'),'0','br.gov.mt.mti.fiplangma.service.tabelas.TipoOcorrenciaService.merge','Alterar Tipo Ocorrencia','br.gov.mt.mti.fiplangma.service.tabelas.TipoOcorrenciaService.merge','ACAO');
Insert into FIPLAN_GMA_DES.DHWTB025_PERMISSAO (IDEN_PERMISSAO,DATA_ATUALIZACAO,DATA_CRIACAO,VERSAO,ACTION,DESCRICAO,NOME,TIPO_PERMISSAO) values ('50',null,to_timestamp('25/10/18 17:16:31,000000000','DD/MM/RR HH24:MI:SSXFF'),'0','br.gov.mt.mti.fiplangma.service.tabelas.TipoOcorrenciaService.delete','Excluir Tipo Ocorrencia','br.gov.mt.mti.fiplangma.service.tabelas.TipoOcorrenciaService.delete','ACAO');
Insert into FIPLAN_GMA_DES.DHWTB025_PERMISSAO (IDEN_PERMISSAO,DATA_ATUALIZACAO,DATA_CRIACAO,VERSAO,ACTION,DESCRICAO,NOME,TIPO_PERMISSAO) values ('51',null,to_timestamp('25/10/18 17:16:31,000000000','DD/MM/RR HH24:MI:SSXFF'),'0','br.gov.mt.mti.fiplangma.service.tabelas.TipoOcorrenciaService.find','Pesquisar Tipo Ocorrencia','br.gov.mt.mti.fiplangma.service.tabelas.TipoOcorrenciaService.find','ACAO');
Insert into FIPLAN_GMA_DES.DHWTB025_PERMISSAO (IDEN_PERMISSAO,DATA_ATUALIZACAO,DATA_CRIACAO,VERSAO,ACTION,DESCRICAO,NOME,TIPO_PERMISSAO) values ('1',null,to_timestamp('25/10/18 17:16:30,000000000','DD/MM/RR HH24:MI:SSXFF'),'0','incluir.usuario','Acao Incluir Usuario','incluir.usuario','GATILHO');
Insert into FIPLAN_GMA_DES.DHWTB025_PERMISSAO (IDEN_PERMISSAO,DATA_ATUALIZACAO,DATA_CRIACAO,VERSAO,ACTION,DESCRICAO,NOME,TIPO_PERMISSAO) values ('2',null,to_timestamp('25/10/18 17:16:30,000000000','DD/MM/RR HH24:MI:SSXFF'),'0','alterar.usuario','Acao Alterar Usuario','alterar.usuario','GATILHO');
Insert into FIPLAN_GMA_DES.DHWTB025_PERMISSAO (IDEN_PERMISSAO,DATA_ATUALIZACAO,DATA_CRIACAO,VERSAO,ACTION,DESCRICAO,NOME,TIPO_PERMISSAO) values ('3',null,to_timestamp('25/10/18 17:16:30,000000000','DD/MM/RR HH24:MI:SSXFF'),'0','excluir.usuario','Acao Excluir Usuario','excluir.usuario','GATILHO');
Insert into FIPLAN_GMA_DES.DHWTB025_PERMISSAO (IDEN_PERMISSAO,DATA_ATUALIZACAO,DATA_CRIACAO,VERSAO,ACTION,DESCRICAO,NOME,TIPO_PERMISSAO) values ('4',null,to_timestamp('25/10/18 17:16:30,000000000','DD/MM/RR HH24:MI:SSXFF'),'0','pesquisar.usuario','Acao Pesquisar Usuario','pesquisar.usuario','GATILHO');
Insert into FIPLAN_GMA_DES.DHWTB025_PERMISSAO (IDEN_PERMISSAO,DATA_ATUALIZACAO,DATA_CRIACAO,VERSAO,ACTION,DESCRICAO,NOME,TIPO_PERMISSAO) values ('5',null,to_timestamp('25/10/18 17:16:30,000000000','DD/MM/RR HH24:MI:SSXFF'),'0','usuario.vincular.perfil','Acao Vincular Perfil','usuario.vincular.perfil','GATILHO');
Insert into FIPLAN_GMA_DES.DHWTB025_PERMISSAO (IDEN_PERMISSAO,DATA_ATUALIZACAO,DATA_CRIACAO,VERSAO,ACTION,DESCRICAO,NOME,TIPO_PERMISSAO) values ('6',null,to_timestamp('25/10/18 17:16:30,000000000','DD/MM/RR HH24:MI:SSXFF'),'0','br.gov.mt.mti.fiplangma.service.security.user.UsuarioService.save','Incluir Usuario','br.gov.mt.mti.fiplangma.service.security.user.UsuarioService.save','ACAO');
Insert into FIPLAN_GMA_DES.DHWTB025_PERMISSAO (IDEN_PERMISSAO,DATA_ATUALIZACAO,DATA_CRIACAO,VERSAO,ACTION,DESCRICAO,NOME,TIPO_PERMISSAO) values ('7',null,to_timestamp('25/10/18 17:16:30,000000000','DD/MM/RR HH24:MI:SSXFF'),'0','br.gov.mt.mti.fiplangma.service.security.user.UsuarioService.merge','Alterar Usuario','br.gov.mt.mti.fiplangma.service.security.user.UsuarioService.merge','ACAO');
Insert into FIPLAN_GMA_DES.DHWTB025_PERMISSAO (IDEN_PERMISSAO,DATA_ATUALIZACAO,DATA_CRIACAO,VERSAO,ACTION,DESCRICAO,NOME,TIPO_PERMISSAO) values ('8',null,to_timestamp('25/10/18 17:16:30,000000000','DD/MM/RR HH24:MI:SSXFF'),'0','br.gov.mt.mti.fiplangma.service.security.user.UsuarioService.delete','Excluir Usuario','br.gov.mt.mti.fiplangma.service.security.user.UsuarioService.delete','ACAO');
Insert into FIPLAN_GMA_DES.DHWTB025_PERMISSAO (IDEN_PERMISSAO,DATA_ATUALIZACAO,DATA_CRIACAO,VERSAO,ACTION,DESCRICAO,NOME,TIPO_PERMISSAO) values ('9',null,to_timestamp('25/10/18 17:16:30,000000000','DD/MM/RR HH24:MI:SSXFF'),'0','br.gov.mt.mti.fiplangma.service.security.user.UsuarioService.find','Pesquisar Usuario','br.gov.mt.mti.fiplangma.service.security.user.UsuarioService.find','ACAO');
Insert into FIPLAN_GMA_DES.DHWTB025_PERMISSAO (IDEN_PERMISSAO,DATA_ATUALIZACAO,DATA_CRIACAO,VERSAO,ACTION,DESCRICAO,NOME,TIPO_PERMISSAO) values ('10',null,to_timestamp('25/10/18 17:16:30,000000000','DD/MM/RR HH24:MI:SSXFF'),'0','incluir.perfil','Acao Incluir Perfil','incluir.perfil','GATILHO');
Insert into FIPLAN_GMA_DES.DHWTB025_PERMISSAO (IDEN_PERMISSAO,DATA_ATUALIZACAO,DATA_CRIACAO,VERSAO,ACTION,DESCRICAO,NOME,TIPO_PERMISSAO) values ('11',null,to_timestamp('25/10/18 17:16:30,000000000','DD/MM/RR HH24:MI:SSXFF'),'0','alterar.perfil','Acao Alterar Perfil','alterar.perfil','GATILHO');
Insert into FIPLAN_GMA_DES.DHWTB025_PERMISSAO (IDEN_PERMISSAO,DATA_ATUALIZACAO,DATA_CRIACAO,VERSAO,ACTION,DESCRICAO,NOME,TIPO_PERMISSAO) values ('12',null,to_timestamp('25/10/18 17:16:30,000000000','DD/MM/RR HH24:MI:SSXFF'),'0','excluir.perfil','Acao Excluir Perfil','excluir.perfil','GATILHO');
Insert into FIPLAN_GMA_DES.DHWTB025_PERMISSAO (IDEN_PERMISSAO,DATA_ATUALIZACAO,DATA_CRIACAO,VERSAO,ACTION,DESCRICAO,NOME,TIPO_PERMISSAO) values ('13',null,to_timestamp('25/10/18 17:16:30,000000000','DD/MM/RR HH24:MI:SSXFF'),'0','pesquisar.perfil','Acao Pesquisar Perfil','pesquisar.perfil','GATILHO');
Insert into FIPLAN_GMA_DES.DHWTB025_PERMISSAO (IDEN_PERMISSAO,DATA_ATUALIZACAO,DATA_CRIACAO,VERSAO,ACTION,DESCRICAO,NOME,TIPO_PERMISSAO) values ('14',null,to_timestamp('25/10/18 17:16:30,000000000','DD/MM/RR HH24:MI:SSXFF'),'0','perfil.vincular.funcionalidade','Acao Vincular Perfil','perfil.vincular.funcionalidade','GATILHO');
Insert into FIPLAN_GMA_DES.DHWTB025_PERMISSAO (IDEN_PERMISSAO,DATA_ATUALIZACAO,DATA_CRIACAO,VERSAO,ACTION,DESCRICAO,NOME,TIPO_PERMISSAO) values ('15',null,to_timestamp('25/10/18 17:16:30,000000000','DD/MM/RR HH24:MI:SSXFF'),'0','br.gov.mt.mti.fiplangma.service.security.user.PerfilService.save','Incluir Perfil','br.gov.mt.mti.fiplangma.service.security.user.PerfilService.save','ACAO');
Insert into FIPLAN_GMA_DES.DHWTB025_PERMISSAO (IDEN_PERMISSAO,DATA_ATUALIZACAO,DATA_CRIACAO,VERSAO,ACTION,DESCRICAO,NOME,TIPO_PERMISSAO) values ('52',null,to_timestamp('25/10/18 17:16:31,000000000','DD/MM/RR HH24:MI:SSXFF'),'0','incluir.tipoAdministracao','Acao Incluir Tipo AdministraÁ„o','incluir.tipoAdministracao','GATILHO');
Insert into FIPLAN_GMA_DES.DHWTB025_PERMISSAO (IDEN_PERMISSAO,DATA_ATUALIZACAO,DATA_CRIACAO,VERSAO,ACTION,DESCRICAO,NOME,TIPO_PERMISSAO) values ('53',null,to_timestamp('25/10/18 17:16:31,000000000','DD/MM/RR HH24:MI:SSXFF'),'0','alterar.tipoAdministracao','Acao Alterar Tipo AdministraÁ„o','alterar.tipoAdministracao','GATILHO');
Insert into FIPLAN_GMA_DES.DHWTB025_PERMISSAO (IDEN_PERMISSAO,DATA_ATUALIZACAO,DATA_CRIACAO,VERSAO,ACTION,DESCRICAO,NOME,TIPO_PERMISSAO) values ('54',null,to_timestamp('25/10/18 17:16:31,000000000','DD/MM/RR HH24:MI:SSXFF'),'0','excluir.tipoAdministracao','Acao Excluir Tipo AdministraÁ„o','excluir.tipoAdministracao','GATILHO');
Insert into FIPLAN_GMA_DES.DHWTB025_PERMISSAO (IDEN_PERMISSAO,DATA_ATUALIZACAO,DATA_CRIACAO,VERSAO,ACTION,DESCRICAO,NOME,TIPO_PERMISSAO) values ('55',null,to_timestamp('25/10/18 17:16:31,000000000','DD/MM/RR HH24:MI:SSXFF'),'0','pesquisar.tipoAdministracao','Acao Pesquisar Tipo AdministraÁ„o','pesquisar.tipoAdministracao','GATILHO');
REM INSERTING into FIPLAN_GMA_DES.DHWTB025_PERMISSAO_AUD
SET DEFINE OFF;
Insert into FIPLAN_GMA_DES.DHWTB025_PERMISSAO_AUD (IDEN_PERMISSAO,IDEN_AUDITORIA,TIPO_OPERACAO,ACTION,DESCRICAO,NOME,TIPO_PERMISSAO) values ('41','280','0','asdasd','asdasd','asdasd','GATILHO');
Insert into FIPLAN_GMA_DES.DHWTB025_PERMISSAO_AUD (IDEN_PERMISSAO,IDEN_AUDITORIA,TIPO_OPERACAO,ACTION,DESCRICAO,NOME,TIPO_PERMISSAO) values ('47','306','1','asdasd','asdasd','Ronny 737aasdasdasd123123','GATILHO');
Insert into FIPLAN_GMA_DES.DHWTB025_PERMISSAO_AUD (IDEN_PERMISSAO,IDEN_AUDITORIA,TIPO_OPERACAO,ACTION,DESCRICAO,NOME,TIPO_PERMISSAO) values ('47','307','1','asdasd','asdasd','Ronny 7371','GATILHO');
Insert into FIPLAN_GMA_DES.DHWTB025_PERMISSAO_AUD (IDEN_PERMISSAO,IDEN_AUDITORIA,TIPO_OPERACAO,ACTION,DESCRICAO,NOME,TIPO_PERMISSAO) values ('47','308','1','asdasd','asdasd','Ronny 73712','GATILHO');
Insert into FIPLAN_GMA_DES.DHWTB025_PERMISSAO_AUD (IDEN_PERMISSAO,IDEN_AUDITORIA,TIPO_OPERACAO,ACTION,DESCRICAO,NOME,TIPO_PERMISSAO) values ('47','309','1','asdasd','asdasd','Ronny 737123','GATILHO');
Insert into FIPLAN_GMA_DES.DHWTB025_PERMISSAO_AUD (IDEN_PERMISSAO,IDEN_AUDITORIA,TIPO_OPERACAO,ACTION,DESCRICAO,NOME,TIPO_PERMISSAO) values ('47','310','1','asdasd','asdasd','Ronny 7371236','GATILHO');
Insert into FIPLAN_GMA_DES.DHWTB025_PERMISSAO_AUD (IDEN_PERMISSAO,IDEN_AUDITORIA,TIPO_OPERACAO,ACTION,DESCRICAO,NOME,TIPO_PERMISSAO) values ('47','311','1','asdasd','asdasd','Ronny 7371123','GATILHO');
Insert into FIPLAN_GMA_DES.DHWTB025_PERMISSAO_AUD (IDEN_PERMISSAO,IDEN_AUDITORIA,TIPO_OPERACAO,ACTION,DESCRICAO,NOME,TIPO_PERMISSAO) values ('47','312','1','asdasd','asdasd','Ronny 7371123123','GATILHO');
Insert into FIPLAN_GMA_DES.DHWTB025_PERMISSAO_AUD (IDEN_PERMISSAO,IDEN_AUDITORIA,TIPO_OPERACAO,ACTION,DESCRICAO,NOME,TIPO_PERMISSAO) values ('47','313','1','asdasd','asdasd','Ronny 73711231231','GATILHO');
Insert into FIPLAN_GMA_DES.DHWTB025_PERMISSAO_AUD (IDEN_PERMISSAO,IDEN_AUDITORIA,TIPO_OPERACAO,ACTION,DESCRICAO,NOME,TIPO_PERMISSAO) values ('47','314','1','asdasd','asdasd','Ronny 737112312315','GATILHO');
Insert into FIPLAN_GMA_DES.DHWTB025_PERMISSAO_AUD (IDEN_PERMISSAO,IDEN_AUDITORIA,TIPO_OPERACAO,ACTION,DESCRICAO,NOME,TIPO_PERMISSAO) values ('47','315','1','asdasd','asdasd','Ronny Arruda','GATILHO');
Insert into FIPLAN_GMA_DES.DHWTB025_PERMISSAO_AUD (IDEN_PERMISSAO,IDEN_AUDITORIA,TIPO_OPERACAO,ACTION,DESCRICAO,NOME,TIPO_PERMISSAO) values ('47','316','1','asdasd','asdasd','Ronny Arruda Pinho','GATILHO');
Insert into FIPLAN_GMA_DES.DHWTB025_PERMISSAO_AUD (IDEN_PERMISSAO,IDEN_AUDITORIA,TIPO_OPERACAO,ACTION,DESCRICAO,NOME,TIPO_PERMISSAO) values ('2','33','0','pesquisar.usuario','AÁ„o Pesquisar Usu·rio','pesquisar.usuario','GATILHO');
Insert into FIPLAN_GMA_DES.DHWTB025_PERMISSAO_AUD (IDEN_PERMISSAO,IDEN_AUDITORIA,TIPO_OPERACAO,ACTION,DESCRICAO,NOME,TIPO_PERMISSAO) values ('1','105','1','br.gov.mt.mti.fiplangma.service.usuario.UsuarioService.find','Funcionalidade para pesquisar','br.gov.mt.mti.fiplangma.service.usuario.UsuarioService.find','ACAO');
Insert into FIPLAN_GMA_DES.DHWTB025_PERMISSAO_AUD (IDEN_PERMISSAO,IDEN_AUDITORIA,TIPO_OPERACAO,ACTION,DESCRICAO,NOME,TIPO_PERMISSAO) values ('21','144','0','incluir.unidadeAdministrativa','AÁ„o incluir Unidade Administrativa','incluir.unidadeAdministrativa','GATILHO');
Insert into FIPLAN_GMA_DES.DHWTB025_PERMISSAO_AUD (IDEN_PERMISSAO,IDEN_AUDITORIA,TIPO_OPERACAO,ACTION,DESCRICAO,NOME,TIPO_PERMISSAO) values ('22','145','0','pesquisar.unidadeAdministrativa','AÁ„o pesquisar unidade administrativa','pesquisar.unidadeAdministrativa','GATILHO');
Insert into FIPLAN_GMA_DES.DHWTB025_PERMISSAO_AUD (IDEN_PERMISSAO,IDEN_AUDITORIA,TIPO_OPERACAO,ACTION,DESCRICAO,NOME,TIPO_PERMISSAO) values ('47','294','1','asdasd','asdasd','asdasdq23123','GATILHO');
Insert into FIPLAN_GMA_DES.DHWTB025_PERMISSAO_AUD (IDEN_PERMISSAO,IDEN_AUDITORIA,TIPO_OPERACAO,ACTION,DESCRICAO,NOME,TIPO_PERMISSAO) values ('48','295','1','123asd','123asd','123asd123123','GATILHO');
Insert into FIPLAN_GMA_DES.DHWTB025_PERMISSAO_AUD (IDEN_PERMISSAO,IDEN_AUDITORIA,TIPO_OPERACAO,ACTION,DESCRICAO,NOME,TIPO_PERMISSAO) values ('48','296','1','123asd','123asd','123asd1231231231asdasdasd','GATILHO');
Insert into FIPLAN_GMA_DES.DHWTB025_PERMISSAO_AUD (IDEN_PERMISSAO,IDEN_AUDITORIA,TIPO_OPERACAO,ACTION,DESCRICAO,NOME,TIPO_PERMISSAO) values ('48','297','2','123asd','123asd','123asd1231231231asdasdasd','GATILHO');
Insert into FIPLAN_GMA_DES.DHWTB025_PERMISSAO_AUD (IDEN_PERMISSAO,IDEN_AUDITORIA,TIPO_OPERACAO,ACTION,DESCRICAO,NOME,TIPO_PERMISSAO) values ('47','298','1','asdasd','asdasd','asda5465a4s5d4a6sd','GATILHO');
Insert into FIPLAN_GMA_DES.DHWTB025_PERMISSAO_AUD (IDEN_PERMISSAO,IDEN_AUDITORIA,TIPO_OPERACAO,ACTION,DESCRICAO,NOME,TIPO_PERMISSAO) values ('47','299','1','asdasd','asdasd','as2d1a23sd1a32sd','GATILHO');
Insert into FIPLAN_GMA_DES.DHWTB025_PERMISSAO_AUD (IDEN_PERMISSAO,IDEN_AUDITORIA,TIPO_OPERACAO,ACTION,DESCRICAO,NOME,TIPO_PERMISSAO) values ('47','300','1','asdasd','asdasd','Ronny','GATILHO');
Insert into FIPLAN_GMA_DES.DHWTB025_PERMISSAO_AUD (IDEN_PERMISSAO,IDEN_AUDITORIA,TIPO_OPERACAO,ACTION,DESCRICAO,NOME,TIPO_PERMISSAO) values ('47','301','1','asdasd','asdasd','Ronny 2','GATILHO');
Insert into FIPLAN_GMA_DES.DHWTB025_PERMISSAO_AUD (IDEN_PERMISSAO,IDEN_AUDITORIA,TIPO_OPERACAO,ACTION,DESCRICAO,NOME,TIPO_PERMISSAO) values ('47','302','1','asdasd','asdasd','Ronny 25','GATILHO');
Insert into FIPLAN_GMA_DES.DHWTB025_PERMISSAO_AUD (IDEN_PERMISSAO,IDEN_AUDITORIA,TIPO_OPERACAO,ACTION,DESCRICAO,NOME,TIPO_PERMISSAO) values ('47','303','1','asdasd','asdasd','Ronny 737','GATILHO');
Insert into FIPLAN_GMA_DES.DHWTB025_PERMISSAO_AUD (IDEN_PERMISSAO,IDEN_AUDITORIA,TIPO_OPERACAO,ACTION,DESCRICAO,NOME,TIPO_PERMISSAO) values ('47','304','1','asdasd','asdasd','Ronny 737a','GATILHO');
Insert into FIPLAN_GMA_DES.DHWTB025_PERMISSAO_AUD (IDEN_PERMISSAO,IDEN_AUDITORIA,TIPO_OPERACAO,ACTION,DESCRICAO,NOME,TIPO_PERMISSAO) values ('47','305','1','asdasd','asdasd','Ronny 737aasdasdasd','GATILHO');
Insert into FIPLAN_GMA_DES.DHWTB025_PERMISSAO_AUD (IDEN_PERMISSAO,IDEN_AUDITORIA,TIPO_OPERACAO,ACTION,DESCRICAO,NOME,TIPO_PERMISSAO) values ('47','317','1','asdasd','asdasd','Ronny Arruda Pinhoasd','GATILHO');
Insert into FIPLAN_GMA_DES.DHWTB025_PERMISSAO_AUD (IDEN_PERMISSAO,IDEN_AUDITORIA,TIPO_OPERACAO,ACTION,DESCRICAO,NOME,TIPO_PERMISSAO) values ('47','318','1','asdasd','asdasd','Ronny Arruda','GATILHO');
Insert into FIPLAN_GMA_DES.DHWTB025_PERMISSAO_AUD (IDEN_PERMISSAO,IDEN_AUDITORIA,TIPO_OPERACAO,ACTION,DESCRICAO,NOME,TIPO_PERMISSAO) values ('42','281','0','asdasdasdasd','aasdasdasd','asdasdasdasda','GATILHO');
Insert into FIPLAN_GMA_DES.DHWTB025_PERMISSAO_AUD (IDEN_PERMISSAO,IDEN_AUDITORIA,TIPO_OPERACAO,ACTION,DESCRICAO,NOME,TIPO_PERMISSAO) values ('43','282','0','teste','teste','Teste','GATILHO');
Insert into FIPLAN_GMA_DES.DHWTB025_PERMISSAO_AUD (IDEN_PERMISSAO,IDEN_AUDITORIA,TIPO_OPERACAO,ACTION,DESCRICAO,NOME,TIPO_PERMISSAO) values ('44','283','0','asdasdasdasdaq12','asdasdasdasd','asdasd3123','ACAO');
Insert into FIPLAN_GMA_DES.DHWTB025_PERMISSAO_AUD (IDEN_PERMISSAO,IDEN_AUDITORIA,TIPO_OPERACAO,ACTION,DESCRICAO,NOME,TIPO_PERMISSAO) values ('41','284','2','asdasd','asdasd','asdasd','GATILHO');
Insert into FIPLAN_GMA_DES.DHWTB025_PERMISSAO_AUD (IDEN_PERMISSAO,IDEN_AUDITORIA,TIPO_OPERACAO,ACTION,DESCRICAO,NOME,TIPO_PERMISSAO) values ('44','285','2','asdasdasdasdaq12','asdasdasdasd','asdasd3123','ACAO');
Insert into FIPLAN_GMA_DES.DHWTB025_PERMISSAO_AUD (IDEN_PERMISSAO,IDEN_AUDITORIA,TIPO_OPERACAO,ACTION,DESCRICAO,NOME,TIPO_PERMISSAO) values ('43','286','2','teste','teste','Teste','GATILHO');
Insert into FIPLAN_GMA_DES.DHWTB025_PERMISSAO_AUD (IDEN_PERMISSAO,IDEN_AUDITORIA,TIPO_OPERACAO,ACTION,DESCRICAO,NOME,TIPO_PERMISSAO) values ('42','287','2','asdasdasdasd','aasdasdasd','asdasdasdasda','GATILHO');
Insert into FIPLAN_GMA_DES.DHWTB025_PERMISSAO_AUD (IDEN_PERMISSAO,IDEN_AUDITORIA,TIPO_OPERACAO,ACTION,DESCRICAO,NOME,TIPO_PERMISSAO) values ('45','288','0','asdasd','asdasd','asdasd','GATILHO');
Insert into FIPLAN_GMA_DES.DHWTB025_PERMISSAO_AUD (IDEN_PERMISSAO,IDEN_AUDITORIA,TIPO_OPERACAO,ACTION,DESCRICAO,NOME,TIPO_PERMISSAO) values ('46','289','0','asdasds','asdasd','asdasdasdasd','GATILHO');
Insert into FIPLAN_GMA_DES.DHWTB025_PERMISSAO_AUD (IDEN_PERMISSAO,IDEN_AUDITORIA,TIPO_OPERACAO,ACTION,DESCRICAO,NOME,TIPO_PERMISSAO) values ('45','290','2','asdasd','asdasd','asdasd','GATILHO');
Insert into FIPLAN_GMA_DES.DHWTB025_PERMISSAO_AUD (IDEN_PERMISSAO,IDEN_AUDITORIA,TIPO_OPERACAO,ACTION,DESCRICAO,NOME,TIPO_PERMISSAO) values ('46','291','2','asdasds','asdasd','asdasdasdasd','GATILHO');
Insert into FIPLAN_GMA_DES.DHWTB025_PERMISSAO_AUD (IDEN_PERMISSAO,IDEN_AUDITORIA,TIPO_OPERACAO,ACTION,DESCRICAO,NOME,TIPO_PERMISSAO) values ('47','292','0','asdasd','asdasd','asdasd','GATILHO');
Insert into FIPLAN_GMA_DES.DHWTB025_PERMISSAO_AUD (IDEN_PERMISSAO,IDEN_AUDITORIA,TIPO_OPERACAO,ACTION,DESCRICAO,NOME,TIPO_PERMISSAO) values ('48','293','0','123asd','123asd','123asd','GATILHO');
Insert into FIPLAN_GMA_DES.DHWTB025_PERMISSAO_AUD (IDEN_PERMISSAO,IDEN_AUDITORIA,TIPO_OPERACAO,ACTION,DESCRICAO,NOME,TIPO_PERMISSAO) values ('1','103','0','UsuarioService.UsuarioService','Funcionalidade para pesquisar','br.gov.mt.mti.fiplangma.service.usuario.UsuarioService','ACAO');
Insert into FIPLAN_GMA_DES.DHWTB025_PERMISSAO_AUD (IDEN_PERMISSAO,IDEN_AUDITORIA,TIPO_OPERACAO,ACTION,DESCRICAO,NOME,TIPO_PERMISSAO) values ('92','715','0','incluir.ocorrencia','AÁ„o Incluir OcorrÍncia','incluir.ocorrencia','GATILHO');
Insert into FIPLAN_GMA_DES.DHWTB025_PERMISSAO_AUD (IDEN_PERMISSAO,IDEN_AUDITORIA,TIPO_OPERACAO,ACTION,DESCRICAO,NOME,TIPO_PERMISSAO) values ('93','716','0','br.gov.mt.mti.fiplangma.service.tabelas.OcorrenciaService.save','Incluir OcorrÍncia','br.gov.mt.mti.fiplangma.service.tabelas.OcorrenciaService.save','ACAO');
Insert into FIPLAN_GMA_DES.DHWTB025_PERMISSAO_AUD (IDEN_PERMISSAO,IDEN_AUDITORIA,TIPO_OPERACAO,ACTION,DESCRICAO,NOME,TIPO_PERMISSAO) values ('94','717','0','pesquisar.ocorrencia','AÁ„o Pesquisar OcorrÍncia','pesquisar.ocorrencia','GATILHO');
Insert into FIPLAN_GMA_DES.DHWTB025_PERMISSAO_AUD (IDEN_PERMISSAO,IDEN_AUDITORIA,TIPO_OPERACAO,ACTION,DESCRICAO,NOME,TIPO_PERMISSAO) values ('95','718','0','br.gov.mt.mti.fiplangma.service.tabelas.OcorrenciaService.find','Pesquisar OcorrÍncia','br.gov.mt.mti.fiplangma.service.tabelas.OcorrenciaService.find','ACAO');
REM INSERTING into FIPLAN_GMA_DES.DHWTB999_AUDITORIA
SET DEFINE OFF;
Insert into FIPLAN_GMA_DES.DHWTB999_AUDITORIA (IDEN_AUDITORIA,CODG_USUARIO_CEPRO_SECURITY,DATA_OPERACAO,ENDR_IP,NOME_USUARIO_RESPONSAVEL,NUMR_CPF_USUARIO_RESPONSAVEL) values ('460','2',to_timestamp('07/11/18 13:57:34,851000000','DD/MM/RR HH24:MI:SSXFF'),'192.168.0.229','EDUARDO RAHEL MUNIZ FERREIRA','3302175183');
Insert into FIPLAN_GMA_DES.DHWTB999_AUDITORIA (IDEN_AUDITORIA,CODG_USUARIO_CEPRO_SECURITY,DATA_OPERACAO,ENDR_IP,NOME_USUARIO_RESPONSAVEL,NUMR_CPF_USUARIO_RESPONSAVEL) values ('499','2',to_timestamp('07/11/18 14:31:49,935000000','DD/MM/RR HH24:MI:SSXFF'),'192.168.0.229','EDUARDO RAHEL MUNIZ FERREIRA','3302175183');
Insert into FIPLAN_GMA_DES.DHWTB999_AUDITORIA (IDEN_AUDITORIA,CODG_USUARIO_CEPRO_SECURITY,DATA_OPERACAO,ENDR_IP,NOME_USUARIO_RESPONSAVEL,NUMR_CPF_USUARIO_RESPONSAVEL) values ('500','2',to_timestamp('07/11/18 14:36:51,380000000','DD/MM/RR HH24:MI:SSXFF'),'192.168.0.229','EDUARDO RAHEL MUNIZ FERREIRA','3302175183');
Insert into FIPLAN_GMA_DES.DHWTB999_AUDITORIA (IDEN_AUDITORIA,CODG_USUARIO_CEPRO_SECURITY,DATA_OPERACAO,ENDR_IP,NOME_USUARIO_RESPONSAVEL,NUMR_CPF_USUARIO_RESPONSAVEL) values ('501','2',to_timestamp('07/11/18 14:37:15,315000000','DD/MM/RR HH24:MI:SSXFF'),'192.168.0.229','EDUARDO RAHEL MUNIZ FERREIRA','3302175183');
Insert into FIPLAN_GMA_DES.DHWTB999_AUDITORIA (IDEN_AUDITORIA,CODG_USUARIO_CEPRO_SECURITY,DATA_OPERACAO,ENDR_IP,NOME_USUARIO_RESPONSAVEL,NUMR_CPF_USUARIO_RESPONSAVEL) values ('502','2',to_timestamp('07/11/18 14:37:30,374000000','DD/MM/RR HH24:MI:SSXFF'),'192.168.0.229','EDUARDO RAHEL MUNIZ FERREIRA','3302175183');
Insert into FIPLAN_GMA_DES.DHWTB999_AUDITORIA (IDEN_AUDITORIA,CODG_USUARIO_CEPRO_SECURITY,DATA_OPERACAO,ENDR_IP,NOME_USUARIO_RESPONSAVEL,NUMR_CPF_USUARIO_RESPONSAVEL) values ('503','2',to_timestamp('07/11/18 14:38:05,701000000','DD/MM/RR HH24:MI:SSXFF'),'192.168.0.229','EDUARDO RAHEL MUNIZ FERREIRA','3302175183');
Insert into FIPLAN_GMA_DES.DHWTB999_AUDITORIA (IDEN_AUDITORIA,CODG_USUARIO_CEPRO_SECURITY,DATA_OPERACAO,ENDR_IP,NOME_USUARIO_RESPONSAVEL,NUMR_CPF_USUARIO_RESPONSAVEL) values ('504','2',to_timestamp('07/11/18 14:38:57,967000000','DD/MM/RR HH24:MI:SSXFF'),'192.168.0.229','EDUARDO RAHEL MUNIZ FERREIRA','3302175183');
Insert into FIPLAN_GMA_DES.DHWTB999_AUDITORIA (IDEN_AUDITORIA,CODG_USUARIO_CEPRO_SECURITY,DATA_OPERACAO,ENDR_IP,NOME_USUARIO_RESPONSAVEL,NUMR_CPF_USUARIO_RESPONSAVEL) values ('543','2',to_timestamp('07/11/18 14:56:56,288000000','DD/MM/RR HH24:MI:SSXFF'),'192.168.0.229','EDUARDO RAHEL MUNIZ FERREIRA','3302175183');
Insert into FIPLAN_GMA_DES.DHWTB999_AUDITORIA (IDEN_AUDITORIA,CODG_USUARIO_CEPRO_SECURITY,DATA_OPERACAO,ENDR_IP,NOME_USUARIO_RESPONSAVEL,NUMR_CPF_USUARIO_RESPONSAVEL) values ('544','2',to_timestamp('07/11/18 14:57:14,285000000','DD/MM/RR HH24:MI:SSXFF'),'192.168.0.229','EDUARDO RAHEL MUNIZ FERREIRA','3302175183');
Insert into FIPLAN_GMA_DES.DHWTB999_AUDITORIA (IDEN_AUDITORIA,CODG_USUARIO_CEPRO_SECURITY,DATA_OPERACAO,ENDR_IP,NOME_USUARIO_RESPONSAVEL,NUMR_CPF_USUARIO_RESPONSAVEL) values ('545','2',to_timestamp('07/11/18 14:57:35,278000000','DD/MM/RR HH24:MI:SSXFF'),'192.168.0.229','EDUARDO RAHEL MUNIZ FERREIRA','3302175183');
Insert into FIPLAN_GMA_DES.DHWTB999_AUDITORIA (IDEN_AUDITORIA,CODG_USUARIO_CEPRO_SECURITY,DATA_OPERACAO,ENDR_IP,NOME_USUARIO_RESPONSAVEL,NUMR_CPF_USUARIO_RESPONSAVEL) values ('546','2',to_timestamp('07/11/18 14:58:01,288000000','DD/MM/RR HH24:MI:SSXFF'),'192.168.0.229','EDUARDO RAHEL MUNIZ FERREIRA','3302175183');
Insert into FIPLAN_GMA_DES.DHWTB999_AUDITORIA (IDEN_AUDITORIA,CODG_USUARIO_CEPRO_SECURITY,DATA_OPERACAO,ENDR_IP,NOME_USUARIO_RESPONSAVEL,NUMR_CPF_USUARIO_RESPONSAVEL) values ('547','2',to_timestamp('07/11/18 14:58:52,743000000','DD/MM/RR HH24:MI:SSXFF'),'192.168.0.229','EDUARDO RAHEL MUNIZ FERREIRA','3302175183');
Insert into FIPLAN_GMA_DES.DHWTB999_AUDITORIA (IDEN_AUDITORIA,CODG_USUARIO_CEPRO_SECURITY,DATA_OPERACAO,ENDR_IP,NOME_USUARIO_RESPONSAVEL,NUMR_CPF_USUARIO_RESPONSAVEL) values ('548','2',to_timestamp('07/11/18 14:59:00,394000000','DD/MM/RR HH24:MI:SSXFF'),'192.168.0.229','EDUARDO RAHEL MUNIZ FERREIRA','3302175183');
Insert into FIPLAN_GMA_DES.DHWTB999_AUDITORIA (IDEN_AUDITORIA,CODG_USUARIO_CEPRO_SECURITY,DATA_OPERACAO,ENDR_IP,NOME_USUARIO_RESPONSAVEL,NUMR_CPF_USUARIO_RESPONSAVEL) values ('549','2',to_timestamp('07/11/18 14:59:16,648000000','DD/MM/RR HH24:MI:SSXFF'),'192.168.0.229','EDUARDO RAHEL MUNIZ FERREIRA','3302175183');
Insert into FIPLAN_GMA_DES.DHWTB999_AUDITORIA (IDEN_AUDITORIA,CODG_USUARIO_CEPRO_SECURITY,DATA_OPERACAO,ENDR_IP,NOME_USUARIO_RESPONSAVEL,NUMR_CPF_USUARIO_RESPONSAVEL) values ('550','2',to_timestamp('07/11/18 14:59:27,671000000','DD/MM/RR HH24:MI:SSXFF'),'192.168.0.229','EDUARDO RAHEL MUNIZ FERREIRA','3302175183');
Insert into FIPLAN_GMA_DES.DHWTB999_AUDITORIA (IDEN_AUDITORIA,CODG_USUARIO_CEPRO_SECURITY,DATA_OPERACAO,ENDR_IP,NOME_USUARIO_RESPONSAVEL,NUMR_CPF_USUARIO_RESPONSAVEL) values ('551','2',to_timestamp('07/11/18 14:59:45,889000000','DD/MM/RR HH24:MI:SSXFF'),'192.168.0.229','EDUARDO RAHEL MUNIZ FERREIRA','3302175183');
Insert into FIPLAN_GMA_DES.DHWTB999_AUDITORIA (IDEN_AUDITORIA,CODG_USUARIO_CEPRO_SECURITY,DATA_OPERACAO,ENDR_IP,NOME_USUARIO_RESPONSAVEL,NUMR_CPF_USUARIO_RESPONSAVEL) values ('552','2',to_timestamp('07/11/18 15:00:03,483000000','DD/MM/RR HH24:MI:SSXFF'),'192.168.0.229','EDUARDO RAHEL MUNIZ FERREIRA','3302175183');
Insert into FIPLAN_GMA_DES.DHWTB999_AUDITORIA (IDEN_AUDITORIA,CODG_USUARIO_CEPRO_SECURITY,DATA_OPERACAO,ENDR_IP,NOME_USUARIO_RESPONSAVEL,NUMR_CPF_USUARIO_RESPONSAVEL) values ('553','2',to_timestamp('07/11/18 15:00:22,536000000','DD/MM/RR HH24:MI:SSXFF'),'192.168.0.229','EDUARDO RAHEL MUNIZ FERREIRA','3302175183');
Insert into FIPLAN_GMA_DES.DHWTB999_AUDITORIA (IDEN_AUDITORIA,CODG_USUARIO_CEPRO_SECURITY,DATA_OPERACAO,ENDR_IP,NOME_USUARIO_RESPONSAVEL,NUMR_CPF_USUARIO_RESPONSAVEL) values ('554','2',to_timestamp('07/11/18 15:01:18,407000000','DD/MM/RR HH24:MI:SSXFF'),'192.168.0.229','EDUARDO RAHEL MUNIZ FERREIRA','3302175183');
Insert into FIPLAN_GMA_DES.DHWTB999_AUDITORIA (IDEN_AUDITORIA,CODG_USUARIO_CEPRO_SECURITY,DATA_OPERACAO,ENDR_IP,NOME_USUARIO_RESPONSAVEL,NUMR_CPF_USUARIO_RESPONSAVEL) values ('555','2',to_timestamp('07/11/18 15:01:46,680000000','DD/MM/RR HH24:MI:SSXFF'),'192.168.0.229','EDUARDO RAHEL MUNIZ FERREIRA','3302175183');
Insert into FIPLAN_GMA_DES.DHWTB999_AUDITORIA (IDEN_AUDITORIA,CODG_USUARIO_CEPRO_SECURITY,DATA_OPERACAO,ENDR_IP,NOME_USUARIO_RESPONSAVEL,NUMR_CPF_USUARIO_RESPONSAVEL) values ('556','2',to_timestamp('07/11/18 15:02:20,264000000','DD/MM/RR HH24:MI:SSXFF'),'192.168.0.229','EDUARDO RAHEL MUNIZ FERREIRA','3302175183');
Insert into FIPLAN_GMA_DES.DHWTB999_AUDITORIA (IDEN_AUDITORIA,CODG_USUARIO_CEPRO_SECURITY,DATA_OPERACAO,ENDR_IP,NOME_USUARIO_RESPONSAVEL,NUMR_CPF_USUARIO_RESPONSAVEL) values ('557','2',to_timestamp('07/11/18 15:02:31,719000000','DD/MM/RR HH24:MI:SSXFF'),'192.168.0.229','EDUARDO RAHEL MUNIZ FERREIRA','3302175183');
Insert into FIPLAN_GMA_DES.DHWTB999_AUDITORIA (IDEN_AUDITORIA,CODG_USUARIO_CEPRO_SECURITY,DATA_OPERACAO,ENDR_IP,NOME_USUARIO_RESPONSAVEL,NUMR_CPF_USUARIO_RESPONSAVEL) values ('558','2',to_timestamp('07/11/18 15:03:03,033000000','DD/MM/RR HH24:MI:SSXFF'),'192.168.0.229','EDUARDO RAHEL MUNIZ FERREIRA','3302175183');
Insert into FIPLAN_GMA_DES.DHWTB999_AUDITORIA (IDEN_AUDITORIA,CODG_USUARIO_CEPRO_SECURITY,DATA_OPERACAO,ENDR_IP,NOME_USUARIO_RESPONSAVEL,NUMR_CPF_USUARIO_RESPONSAVEL) values ('559','2',to_timestamp('07/11/18 15:03:22,838000000','DD/MM/RR HH24:MI:SSXFF'),'192.168.0.229','EDUARDO RAHEL MUNIZ FERREIRA','3302175183');
Insert into FIPLAN_GMA_DES.DHWTB999_AUDITORIA (IDEN_AUDITORIA,CODG_USUARIO_CEPRO_SECURITY,DATA_OPERACAO,ENDR_IP,NOME_USUARIO_RESPONSAVEL,NUMR_CPF_USUARIO_RESPONSAVEL) values ('560','2',to_timestamp('07/11/18 15:03:36,867000000','DD/MM/RR HH24:MI:SSXFF'),'192.168.0.229','EDUARDO RAHEL MUNIZ FERREIRA','3302175183');
Insert into FIPLAN_GMA_DES.DHWTB999_AUDITORIA (IDEN_AUDITORIA,CODG_USUARIO_CEPRO_SECURITY,DATA_OPERACAO,ENDR_IP,NOME_USUARIO_RESPONSAVEL,NUMR_CPF_USUARIO_RESPONSAVEL) values ('458','2',to_timestamp('07/11/18 13:57:01,909000000','DD/MM/RR HH24:MI:SSXFF'),'192.168.0.229','EDUARDO RAHEL MUNIZ FERREIRA','3302175183');
Insert into FIPLAN_GMA_DES.DHWTB999_AUDITORIA (IDEN_AUDITORIA,CODG_USUARIO_CEPRO_SECURITY,DATA_OPERACAO,ENDR_IP,NOME_USUARIO_RESPONSAVEL,NUMR_CPF_USUARIO_RESPONSAVEL) values ('459','2',to_timestamp('07/11/18 13:57:24,264000000','DD/MM/RR HH24:MI:SSXFF'),'192.168.0.229','EDUARDO RAHEL MUNIZ FERREIRA','3302175183');
Insert into FIPLAN_GMA_DES.DHWTB999_AUDITORIA (IDEN_AUDITORIA,CODG_USUARIO_CEPRO_SECURITY,DATA_OPERACAO,ENDR_IP,NOME_USUARIO_RESPONSAVEL,NUMR_CPF_USUARIO_RESPONSAVEL) values ('561','2',to_timestamp('07/11/18 15:03:58,034000000','DD/MM/RR HH24:MI:SSXFF'),'192.168.0.229','EDUARDO RAHEL MUNIZ FERREIRA','3302175183');
Insert into FIPLAN_GMA_DES.DHWTB999_AUDITORIA (IDEN_AUDITORIA,CODG_USUARIO_CEPRO_SECURITY,DATA_OPERACAO,ENDR_IP,NOME_USUARIO_RESPONSAVEL,NUMR_CPF_USUARIO_RESPONSAVEL) values ('562','2',to_timestamp('07/11/18 15:04:27,219000000','DD/MM/RR HH24:MI:SSXFF'),'192.168.0.229','EDUARDO RAHEL MUNIZ FERREIRA','3302175183');
Insert into FIPLAN_GMA_DES.DHWTB999_AUDITORIA (IDEN_AUDITORIA,CODG_USUARIO_CEPRO_SECURITY,DATA_OPERACAO,ENDR_IP,NOME_USUARIO_RESPONSAVEL,NUMR_CPF_USUARIO_RESPONSAVEL) values ('563','2',to_timestamp('07/11/18 15:04:56,281000000','DD/MM/RR HH24:MI:SSXFF'),'192.168.0.229','EDUARDO RAHEL MUNIZ FERREIRA','3302175183');
Insert into FIPLAN_GMA_DES.DHWTB999_AUDITORIA (IDEN_AUDITORIA,CODG_USUARIO_CEPRO_SECURITY,DATA_OPERACAO,ENDR_IP,NOME_USUARIO_RESPONSAVEL,NUMR_CPF_USUARIO_RESPONSAVEL) values ('564','2',to_timestamp('07/11/18 15:05:09,759000000','DD/MM/RR HH24:MI:SSXFF'),'192.168.0.229','EDUARDO RAHEL MUNIZ FERREIRA','3302175183');
Insert into FIPLAN_GMA_DES.DHWTB999_AUDITORIA (IDEN_AUDITORIA,CODG_USUARIO_CEPRO_SECURITY,DATA_OPERACAO,ENDR_IP,NOME_USUARIO_RESPONSAVEL,NUMR_CPF_USUARIO_RESPONSAVEL) values ('565','2',to_timestamp('07/11/18 15:05:40,163000000','DD/MM/RR HH24:MI:SSXFF'),'192.168.0.229','EDUARDO RAHEL MUNIZ FERREIRA','3302175183');
Insert into FIPLAN_GMA_DES.DHWTB999_AUDITORIA (IDEN_AUDITORIA,CODG_USUARIO_CEPRO_SECURITY,DATA_OPERACAO,ENDR_IP,NOME_USUARIO_RESPONSAVEL,NUMR_CPF_USUARIO_RESPONSAVEL) values ('566','2',to_timestamp('07/11/18 15:06:13,082000000','DD/MM/RR HH24:MI:SSXFF'),'192.168.0.229','EDUARDO RAHEL MUNIZ FERREIRA','3302175183');
Insert into FIPLAN_GMA_DES.DHWTB999_AUDITORIA (IDEN_AUDITORIA,CODG_USUARIO_CEPRO_SECURITY,DATA_OPERACAO,ENDR_IP,NOME_USUARIO_RESPONSAVEL,NUMR_CPF_USUARIO_RESPONSAVEL) values ('567','2',to_timestamp('07/11/18 15:06:27,729000000','DD/MM/RR HH24:MI:SSXFF'),'192.168.0.229','EDUARDO RAHEL MUNIZ FERREIRA','3302175183');
Insert into FIPLAN_GMA_DES.DHWTB999_AUDITORIA (IDEN_AUDITORIA,CODG_USUARIO_CEPRO_SECURITY,DATA_OPERACAO,ENDR_IP,NOME_USUARIO_RESPONSAVEL,NUMR_CPF_USUARIO_RESPONSAVEL) values ('568','2',to_timestamp('07/11/18 15:06:49,801000000','DD/MM/RR HH24:MI:SSXFF'),'192.168.0.229','EDUARDO RAHEL MUNIZ FERREIRA','3302175183');
Insert into FIPLAN_GMA_DES.DHWTB999_AUDITORIA (IDEN_AUDITORIA,CODG_USUARIO_CEPRO_SECURITY,DATA_OPERACAO,ENDR_IP,NOME_USUARIO_RESPONSAVEL,NUMR_CPF_USUARIO_RESPONSAVEL) values ('569','2',to_timestamp('07/11/18 15:07:11,858000000','DD/MM/RR HH24:MI:SSXFF'),'192.168.0.229','EDUARDO RAHEL MUNIZ FERREIRA','3302175183');
Insert into FIPLAN_GMA_DES.DHWTB999_AUDITORIA (IDEN_AUDITORIA,CODG_USUARIO_CEPRO_SECURITY,DATA_OPERACAO,ENDR_IP,NOME_USUARIO_RESPONSAVEL,NUMR_CPF_USUARIO_RESPONSAVEL) values ('570','2',to_timestamp('07/11/18 15:07:27,765000000','DD/MM/RR HH24:MI:SSXFF'),'192.168.0.229','EDUARDO RAHEL MUNIZ FERREIRA','3302175183');
Insert into FIPLAN_GMA_DES.DHWTB999_AUDITORIA (IDEN_AUDITORIA,CODG_USUARIO_CEPRO_SECURITY,DATA_OPERACAO,ENDR_IP,NOME_USUARIO_RESPONSAVEL,NUMR_CPF_USUARIO_RESPONSAVEL) values ('571','2',to_timestamp('07/11/18 15:07:41,055000000','DD/MM/RR HH24:MI:SSXFF'),'192.168.0.229','EDUARDO RAHEL MUNIZ FERREIRA','3302175183');
Insert into FIPLAN_GMA_DES.DHWTB999_AUDITORIA (IDEN_AUDITORIA,CODG_USUARIO_CEPRO_SECURITY,DATA_OPERACAO,ENDR_IP,NOME_USUARIO_RESPONSAVEL,NUMR_CPF_USUARIO_RESPONSAVEL) values ('572','2',to_timestamp('07/11/18 15:08:02,990000000','DD/MM/RR HH24:MI:SSXFF'),'192.168.0.229','EDUARDO RAHEL MUNIZ FERREIRA','3302175183');
Insert into FIPLAN_GMA_DES.DHWTB999_AUDITORIA (IDEN_AUDITORIA,CODG_USUARIO_CEPRO_SECURITY,DATA_OPERACAO,ENDR_IP,NOME_USUARIO_RESPONSAVEL,NUMR_CPF_USUARIO_RESPONSAVEL) values ('573','2',to_timestamp('07/11/18 15:08:31,762000000','DD/MM/RR HH24:MI:SSXFF'),'192.168.0.229','EDUARDO RAHEL MUNIZ FERREIRA','3302175183');
Insert into FIPLAN_GMA_DES.DHWTB999_AUDITORIA (IDEN_AUDITORIA,CODG_USUARIO_CEPRO_SECURITY,DATA_OPERACAO,ENDR_IP,NOME_USUARIO_RESPONSAVEL,NUMR_CPF_USUARIO_RESPONSAVEL) values ('574','2',to_timestamp('07/11/18 15:08:49,239000000','DD/MM/RR HH24:MI:SSXFF'),'192.168.0.229','EDUARDO RAHEL MUNIZ FERREIRA','3302175183');
Insert into FIPLAN_GMA_DES.DHWTB999_AUDITORIA (IDEN_AUDITORIA,CODG_USUARIO_CEPRO_SECURITY,DATA_OPERACAO,ENDR_IP,NOME_USUARIO_RESPONSAVEL,NUMR_CPF_USUARIO_RESPONSAVEL) values ('575','2',to_timestamp('07/11/18 15:09:06,534000000','DD/MM/RR HH24:MI:SSXFF'),'192.168.0.229','EDUARDO RAHEL MUNIZ FERREIRA','3302175183');
Insert into FIPLAN_GMA_DES.DHWTB999_AUDITORIA (IDEN_AUDITORIA,CODG_USUARIO_CEPRO_SECURITY,DATA_OPERACAO,ENDR_IP,NOME_USUARIO_RESPONSAVEL,NUMR_CPF_USUARIO_RESPONSAVEL) values ('576','2',to_timestamp('07/11/18 15:09:30,736000000','DD/MM/RR HH24:MI:SSXFF'),'192.168.0.229','EDUARDO RAHEL MUNIZ FERREIRA','3302175183');
Insert into FIPLAN_GMA_DES.DHWTB999_AUDITORIA (IDEN_AUDITORIA,CODG_USUARIO_CEPRO_SECURITY,DATA_OPERACAO,ENDR_IP,NOME_USUARIO_RESPONSAVEL,NUMR_CPF_USUARIO_RESPONSAVEL) values ('577','2',to_timestamp('07/11/18 15:09:43,016000000','DD/MM/RR HH24:MI:SSXFF'),'192.168.0.229','EDUARDO RAHEL MUNIZ FERREIRA','3302175183');
Insert into FIPLAN_GMA_DES.DHWTB999_AUDITORIA (IDEN_AUDITORIA,CODG_USUARIO_CEPRO_SECURITY,DATA_OPERACAO,ENDR_IP,NOME_USUARIO_RESPONSAVEL,NUMR_CPF_USUARIO_RESPONSAVEL) values ('578','2',to_timestamp('07/11/18 15:10:01,804000000','DD/MM/RR HH24:MI:SSXFF'),'192.168.0.229','EDUARDO RAHEL MUNIZ FERREIRA','3302175183');
Insert into FIPLAN_GMA_DES.DHWTB999_AUDITORIA (IDEN_AUDITORIA,CODG_USUARIO_CEPRO_SECURITY,DATA_OPERACAO,ENDR_IP,NOME_USUARIO_RESPONSAVEL,NUMR_CPF_USUARIO_RESPONSAVEL) values ('579','2',to_timestamp('07/11/18 15:10:35,950000000','DD/MM/RR HH24:MI:SSXFF'),'192.168.0.229','EDUARDO RAHEL MUNIZ FERREIRA','3302175183');
Insert into FIPLAN_GMA_DES.DHWTB999_AUDITORIA (IDEN_AUDITORIA,CODG_USUARIO_CEPRO_SECURITY,DATA_OPERACAO,ENDR_IP,NOME_USUARIO_RESPONSAVEL,NUMR_CPF_USUARIO_RESPONSAVEL) values ('580','2',to_timestamp('07/11/18 15:10:51,592000000','DD/MM/RR HH24:MI:SSXFF'),'192.168.0.229','EDUARDO RAHEL MUNIZ FERREIRA','3302175183');
Insert into FIPLAN_GMA_DES.DHWTB999_AUDITORIA (IDEN_AUDITORIA,CODG_USUARIO_CEPRO_SECURITY,DATA_OPERACAO,ENDR_IP,NOME_USUARIO_RESPONSAVEL,NUMR_CPF_USUARIO_RESPONSAVEL) values ('581','2',to_timestamp('07/11/18 15:11:14,631000000','DD/MM/RR HH24:MI:SSXFF'),'192.168.0.229','EDUARDO RAHEL MUNIZ FERREIRA','3302175183');
Insert into FIPLAN_GMA_DES.DHWTB999_AUDITORIA (IDEN_AUDITORIA,CODG_USUARIO_CEPRO_SECURITY,DATA_OPERACAO,ENDR_IP,NOME_USUARIO_RESPONSAVEL,NUMR_CPF_USUARIO_RESPONSAVEL) values ('582','2',to_timestamp('07/11/18 15:11:36,920000000','DD/MM/RR HH24:MI:SSXFF'),'192.168.0.229','EDUARDO RAHEL MUNIZ FERREIRA','3302175183');
Insert into FIPLAN_GMA_DES.DHWTB999_AUDITORIA (IDEN_AUDITORIA,CODG_USUARIO_CEPRO_SECURITY,DATA_OPERACAO,ENDR_IP,NOME_USUARIO_RESPONSAVEL,NUMR_CPF_USUARIO_RESPONSAVEL) values ('583','2',to_timestamp('07/11/18 15:12:11,316000000','DD/MM/RR HH24:MI:SSXFF'),'192.168.0.229','EDUARDO RAHEL MUNIZ FERREIRA','3302175183');
Insert into FIPLAN_GMA_DES.DHWTB999_AUDITORIA (IDEN_AUDITORIA,CODG_USUARIO_CEPRO_SECURITY,DATA_OPERACAO,ENDR_IP,NOME_USUARIO_RESPONSAVEL,NUMR_CPF_USUARIO_RESPONSAVEL) values ('584','2',to_timestamp('07/11/18 15:12:24,699000000','DD/MM/RR HH24:MI:SSXFF'),'192.168.0.229','EDUARDO RAHEL MUNIZ FERREIRA','3302175183');
Insert into FIPLAN_GMA_DES.DHWTB999_AUDITORIA (IDEN_AUDITORIA,CODG_USUARIO_CEPRO_SECURITY,DATA_OPERACAO,ENDR_IP,NOME_USUARIO_RESPONSAVEL,NUMR_CPF_USUARIO_RESPONSAVEL) values ('585','2',to_timestamp('07/11/18 15:12:52,643000000','DD/MM/RR HH24:MI:SSXFF'),'192.168.0.229','EDUARDO RAHEL MUNIZ FERREIRA','3302175183');
Insert into FIPLAN_GMA_DES.DHWTB999_AUDITORIA (IDEN_AUDITORIA,CODG_USUARIO_CEPRO_SECURITY,DATA_OPERACAO,ENDR_IP,NOME_USUARIO_RESPONSAVEL,NUMR_CPF_USUARIO_RESPONSAVEL) values ('586','2',to_timestamp('07/11/18 15:13:11,029000000','DD/MM/RR HH24:MI:SSXFF'),'192.168.0.229','EDUARDO RAHEL MUNIZ FERREIRA','3302175183');
Insert into FIPLAN_GMA_DES.DHWTB999_AUDITORIA (IDEN_AUDITORIA,CODG_USUARIO_CEPRO_SECURITY,DATA_OPERACAO,ENDR_IP,NOME_USUARIO_RESPONSAVEL,NUMR_CPF_USUARIO_RESPONSAVEL) values ('587','2',to_timestamp('07/11/18 15:13:35,988000000','DD/MM/RR HH24:MI:SSXFF'),'192.168.0.229','EDUARDO RAHEL MUNIZ FERREIRA','3302175183');
Insert into FIPLAN_GMA_DES.DHWTB999_AUDITORIA (IDEN_AUDITORIA,CODG_USUARIO_CEPRO_SECURITY,DATA_OPERACAO,ENDR_IP,NOME_USUARIO_RESPONSAVEL,NUMR_CPF_USUARIO_RESPONSAVEL) values ('588','2',to_timestamp('07/11/18 15:13:53,281000000','DD/MM/RR HH24:MI:SSXFF'),'192.168.0.229','EDUARDO RAHEL MUNIZ FERREIRA','3302175183');
Insert into FIPLAN_GMA_DES.DHWTB999_AUDITORIA (IDEN_AUDITORIA,CODG_USUARIO_CEPRO_SECURITY,DATA_OPERACAO,ENDR_IP,NOME_USUARIO_RESPONSAVEL,NUMR_CPF_USUARIO_RESPONSAVEL) values ('589','2',to_timestamp('07/11/18 15:14:06,459000000','DD/MM/RR HH24:MI:SSXFF'),'192.168.0.229','EDUARDO RAHEL MUNIZ FERREIRA','3302175183');
Insert into FIPLAN_GMA_DES.DHWTB999_AUDITORIA (IDEN_AUDITORIA,CODG_USUARIO_CEPRO_SECURITY,DATA_OPERACAO,ENDR_IP,NOME_USUARIO_RESPONSAVEL,NUMR_CPF_USUARIO_RESPONSAVEL) values ('590','2',to_timestamp('07/11/18 15:14:18,813000000','DD/MM/RR HH24:MI:SSXFF'),'192.168.0.229','EDUARDO RAHEL MUNIZ FERREIRA','3302175183');
Insert into FIPLAN_GMA_DES.DHWTB999_AUDITORIA (IDEN_AUDITORIA,CODG_USUARIO_CEPRO_SECURITY,DATA_OPERACAO,ENDR_IP,NOME_USUARIO_RESPONSAVEL,NUMR_CPF_USUARIO_RESPONSAVEL) values ('591','2',to_timestamp('07/11/18 15:14:31,279000000','DD/MM/RR HH24:MI:SSXFF'),'192.168.0.229','EDUARDO RAHEL MUNIZ FERREIRA','3302175183');
Insert into FIPLAN_GMA_DES.DHWTB999_AUDITORIA (IDEN_AUDITORIA,CODG_USUARIO_CEPRO_SECURITY,DATA_OPERACAO,ENDR_IP,NOME_USUARIO_RESPONSAVEL,NUMR_CPF_USUARIO_RESPONSAVEL) values ('592','2',to_timestamp('07/11/18 15:14:47,167000000','DD/MM/RR HH24:MI:SSXFF'),'192.168.0.229','EDUARDO RAHEL MUNIZ FERREIRA','3302175183');
Insert into FIPLAN_GMA_DES.DHWTB999_AUDITORIA (IDEN_AUDITORIA,CODG_USUARIO_CEPRO_SECURITY,DATA_OPERACAO,ENDR_IP,NOME_USUARIO_RESPONSAVEL,NUMR_CPF_USUARIO_RESPONSAVEL) values ('593','2',to_timestamp('07/11/18 15:14:59,668000000','DD/MM/RR HH24:MI:SSXFF'),'192.168.0.229','EDUARDO RAHEL MUNIZ FERREIRA','3302175183');
Insert into FIPLAN_GMA_DES.DHWTB999_AUDITORIA (IDEN_AUDITORIA,CODG_USUARIO_CEPRO_SECURITY,DATA_OPERACAO,ENDR_IP,NOME_USUARIO_RESPONSAVEL,NUMR_CPF_USUARIO_RESPONSAVEL) values ('594','2',to_timestamp('07/11/18 15:15:30,344000000','DD/MM/RR HH24:MI:SSXFF'),'192.168.0.229','EDUARDO RAHEL MUNIZ FERREIRA','3302175183');
Insert into FIPLAN_GMA_DES.DHWTB999_AUDITORIA (IDEN_AUDITORIA,CODG_USUARIO_CEPRO_SECURITY,DATA_OPERACAO,ENDR_IP,NOME_USUARIO_RESPONSAVEL,NUMR_CPF_USUARIO_RESPONSAVEL) values ('595','2',to_timestamp('07/11/18 15:15:53,411000000','DD/MM/RR HH24:MI:SSXFF'),'192.168.0.229','EDUARDO RAHEL MUNIZ FERREIRA','3302175183');
Insert into FIPLAN_GMA_DES.DHWTB999_AUDITORIA (IDEN_AUDITORIA,CODG_USUARIO_CEPRO_SECURITY,DATA_OPERACAO,ENDR_IP,NOME_USUARIO_RESPONSAVEL,NUMR_CPF_USUARIO_RESPONSAVEL) values ('596','2',to_timestamp('07/11/18 15:16:18,427000000','DD/MM/RR HH24:MI:SSXFF'),'192.168.0.229','EDUARDO RAHEL MUNIZ FERREIRA','3302175183');
Insert into FIPLAN_GMA_DES.DHWTB999_AUDITORIA (IDEN_AUDITORIA,CODG_USUARIO_CEPRO_SECURITY,DATA_OPERACAO,ENDR_IP,NOME_USUARIO_RESPONSAVEL,NUMR_CPF_USUARIO_RESPONSAVEL) values ('597','2',to_timestamp('07/11/18 15:16:39,189000000','DD/MM/RR HH24:MI:SSXFF'),'192.168.0.229','EDUARDO RAHEL MUNIZ FERREIRA','3302175183');
Insert into FIPLAN_GMA_DES.DHWTB999_AUDITORIA (IDEN_AUDITORIA,CODG_USUARIO_CEPRO_SECURITY,DATA_OPERACAO,ENDR_IP,NOME_USUARIO_RESPONSAVEL,NUMR_CPF_USUARIO_RESPONSAVEL) values ('598','2',to_timestamp('07/11/18 15:17:02,320000000','DD/MM/RR HH24:MI:SSXFF'),'192.168.0.229','EDUARDO RAHEL MUNIZ FERREIRA','3302175183');
Insert into FIPLAN_GMA_DES.DHWTB999_AUDITORIA (IDEN_AUDITORIA,CODG_USUARIO_CEPRO_SECURITY,DATA_OPERACAO,ENDR_IP,NOME_USUARIO_RESPONSAVEL,NUMR_CPF_USUARIO_RESPONSAVEL) values ('599','2',to_timestamp('07/11/18 15:17:16,413000000','DD/MM/RR HH24:MI:SSXFF'),'192.168.0.229','EDUARDO RAHEL MUNIZ FERREIRA','3302175183');
Insert into FIPLAN_GMA_DES.DHWTB999_AUDITORIA (IDEN_AUDITORIA,CODG_USUARIO_CEPRO_SECURITY,DATA_OPERACAO,ENDR_IP,NOME_USUARIO_RESPONSAVEL,NUMR_CPF_USUARIO_RESPONSAVEL) values ('600','2',to_timestamp('07/11/18 15:18:48,933000000','DD/MM/RR HH24:MI:SSXFF'),'192.168.0.229','EDUARDO RAHEL MUNIZ FERREIRA','3302175183');
Insert into FIPLAN_GMA_DES.DHWTB999_AUDITORIA (IDEN_AUDITORIA,CODG_USUARIO_CEPRO_SECURITY,DATA_OPERACAO,ENDR_IP,NOME_USUARIO_RESPONSAVEL,NUMR_CPF_USUARIO_RESPONSAVEL) values ('601','2',to_timestamp('07/11/18 15:19:03,629000000','DD/MM/RR HH24:MI:SSXFF'),'192.168.0.229','EDUARDO RAHEL MUNIZ FERREIRA','3302175183');
Insert into FIPLAN_GMA_DES.DHWTB999_AUDITORIA (IDEN_AUDITORIA,CODG_USUARIO_CEPRO_SECURITY,DATA_OPERACAO,ENDR_IP,NOME_USUARIO_RESPONSAVEL,NUMR_CPF_USUARIO_RESPONSAVEL) values ('602','2',to_timestamp('07/11/18 15:19:27,631000000','DD/MM/RR HH24:MI:SSXFF'),'192.168.0.229','EDUARDO RAHEL MUNIZ FERREIRA','3302175183');
Insert into FIPLAN_GMA_DES.DHWTB999_AUDITORIA (IDEN_AUDITORIA,CODG_USUARIO_CEPRO_SECURITY,DATA_OPERACAO,ENDR_IP,NOME_USUARIO_RESPONSAVEL,NUMR_CPF_USUARIO_RESPONSAVEL) values ('603','2',to_timestamp('07/11/18 15:19:43,400000000','DD/MM/RR HH24:MI:SSXFF'),'192.168.0.229','EDUARDO RAHEL MUNIZ FERREIRA','3302175183');
Insert into FIPLAN_GMA_DES.DHWTB999_AUDITORIA (IDEN_AUDITORIA,CODG_USUARIO_CEPRO_SECURITY,DATA_OPERACAO,ENDR_IP,NOME_USUARIO_RESPONSAVEL,NUMR_CPF_USUARIO_RESPONSAVEL) values ('604','2',to_timestamp('07/11/18 15:19:56,267000000','DD/MM/RR HH24:MI:SSXFF'),'192.168.0.229','EDUARDO RAHEL MUNIZ FERREIRA','3302175183');
Insert into FIPLAN_GMA_DES.DHWTB999_AUDITORIA (IDEN_AUDITORIA,CODG_USUARIO_CEPRO_SECURITY,DATA_OPERACAO,ENDR_IP,NOME_USUARIO_RESPONSAVEL,NUMR_CPF_USUARIO_RESPONSAVEL) values ('605','2',to_timestamp('07/11/18 15:21:02,168000000','DD/MM/RR HH24:MI:SSXFF'),'192.168.0.229','EDUARDO RAHEL MUNIZ FERREIRA','3302175183');
Insert into FIPLAN_GMA_DES.DHWTB999_AUDITORIA (IDEN_AUDITORIA,CODG_USUARIO_CEPRO_SECURITY,DATA_OPERACAO,ENDR_IP,NOME_USUARIO_RESPONSAVEL,NUMR_CPF_USUARIO_RESPONSAVEL) values ('606','2',to_timestamp('07/11/18 15:21:12,674000000','DD/MM/RR HH24:MI:SSXFF'),'192.168.0.229','EDUARDO RAHEL MUNIZ FERREIRA','3302175183');
Insert into FIPLAN_GMA_DES.DHWTB999_AUDITORIA (IDEN_AUDITORIA,CODG_USUARIO_CEPRO_SECURITY,DATA_OPERACAO,ENDR_IP,NOME_USUARIO_RESPONSAVEL,NUMR_CPF_USUARIO_RESPONSAVEL) values ('607','2',to_timestamp('07/11/18 15:35:35,041000000','DD/MM/RR HH24:MI:SSXFF'),'192.168.0.229','EDUARDO RAHEL MUNIZ FERREIRA','3302175183');
Insert into FIPLAN_GMA_DES.DHWTB999_AUDITORIA (IDEN_AUDITORIA,CODG_USUARIO_CEPRO_SECURITY,DATA_OPERACAO,ENDR_IP,NOME_USUARIO_RESPONSAVEL,NUMR_CPF_USUARIO_RESPONSAVEL) values ('608','2',to_timestamp('07/11/18 15:36:04,131000000','DD/MM/RR HH24:MI:SSXFF'),'192.168.0.229','EDUARDO RAHEL MUNIZ FERREIRA','3302175183');
Insert into FIPLAN_GMA_DES.DHWTB999_AUDITORIA (IDEN_AUDITORIA,CODG_USUARIO_CEPRO_SECURITY,DATA_OPERACAO,ENDR_IP,NOME_USUARIO_RESPONSAVEL,NUMR_CPF_USUARIO_RESPONSAVEL) values ('609','2',to_timestamp('07/11/18 15:36:30,574000000','DD/MM/RR HH24:MI:SSXFF'),'192.168.0.229','EDUARDO RAHEL MUNIZ FERREIRA','3302175183');
Insert into FIPLAN_GMA_DES.DHWTB999_AUDITORIA (IDEN_AUDITORIA,CODG_USUARIO_CEPRO_SECURITY,DATA_OPERACAO,ENDR_IP,NOME_USUARIO_RESPONSAVEL,NUMR_CPF_USUARIO_RESPONSAVEL) values ('610','2',to_timestamp('07/11/18 15:36:54,899000000','DD/MM/RR HH24:MI:SSXFF'),'192.168.0.229','EDUARDO RAHEL MUNIZ FERREIRA','3302175183');
Insert into FIPLAN_GMA_DES.DHWTB999_AUDITORIA (IDEN_AUDITORIA,CODG_USUARIO_CEPRO_SECURITY,DATA_OPERACAO,ENDR_IP,NOME_USUARIO_RESPONSAVEL,NUMR_CPF_USUARIO_RESPONSAVEL) values ('611','2',to_timestamp('07/11/18 15:37:03,894000000','DD/MM/RR HH24:MI:SSXFF'),'192.168.0.229','EDUARDO RAHEL MUNIZ FERREIRA','3302175183');
Insert into FIPLAN_GMA_DES.DHWTB999_AUDITORIA (IDEN_AUDITORIA,CODG_USUARIO_CEPRO_SECURITY,DATA_OPERACAO,ENDR_IP,NOME_USUARIO_RESPONSAVEL,NUMR_CPF_USUARIO_RESPONSAVEL) values ('612','2',to_timestamp('07/11/18 15:37:07,979000000','DD/MM/RR HH24:MI:SSXFF'),'192.168.0.229','EDUARDO RAHEL MUNIZ FERREIRA','3302175183');
Insert into FIPLAN_GMA_DES.DHWTB999_AUDITORIA (IDEN_AUDITORIA,CODG_USUARIO_CEPRO_SECURITY,DATA_OPERACAO,ENDR_IP,NOME_USUARIO_RESPONSAVEL,NUMR_CPF_USUARIO_RESPONSAVEL) values ('613','2',to_timestamp('07/11/18 15:37:12,116000000','DD/MM/RR HH24:MI:SSXFF'),'192.168.0.229','EDUARDO RAHEL MUNIZ FERREIRA','3302175183');
Insert into FIPLAN_GMA_DES.DHWTB999_AUDITORIA (IDEN_AUDITORIA,CODG_USUARIO_CEPRO_SECURITY,DATA_OPERACAO,ENDR_IP,NOME_USUARIO_RESPONSAVEL,NUMR_CPF_USUARIO_RESPONSAVEL) values ('781','1',to_timestamp('14/11/18 12:26:34,172000000','DD/MM/RR HH24:MI:SSXFF'),'127.0.0.1','INTEGRA«√O SISTEMA DÕVIDA P⁄BLICA','36329059918');
Insert into FIPLAN_GMA_DES.DHWTB999_AUDITORIA (IDEN_AUDITORIA,CODG_USUARIO_CEPRO_SECURITY,DATA_OPERACAO,ENDR_IP,NOME_USUARIO_RESPONSAVEL,NUMR_CPF_USUARIO_RESPONSAVEL) values ('782','1',to_timestamp('14/11/18 12:27:00,639000000','DD/MM/RR HH24:MI:SSXFF'),'127.0.0.1','INTEGRA«√O SISTEMA DÕVIDA P⁄BLICA','36329059918');
Insert into FIPLAN_GMA_DES.DHWTB999_AUDITORIA (IDEN_AUDITORIA,CODG_USUARIO_CEPRO_SECURITY,DATA_OPERACAO,ENDR_IP,NOME_USUARIO_RESPONSAVEL,NUMR_CPF_USUARIO_RESPONSAVEL) values ('783','1',to_timestamp('14/11/18 12:27:54,091000000','DD/MM/RR HH24:MI:SSXFF'),'127.0.0.1','INTEGRA«√O SISTEMA DÕVIDA P⁄BLICA','36329059918');
Insert into FIPLAN_GMA_DES.DHWTB999_AUDITORIA (IDEN_AUDITORIA,CODG_USUARIO_CEPRO_SECURITY,DATA_OPERACAO,ENDR_IP,NOME_USUARIO_RESPONSAVEL,NUMR_CPF_USUARIO_RESPONSAVEL) values ('804','2',to_timestamp('14/11/18 15:33:41,511000000','DD/MM/RR HH24:MI:SSXFF'),'192.168.0.229','EDUARDO RAHEL MUNIZ FERREIRA','3302175183');
Insert into FIPLAN_GMA_DES.DHWTB999_AUDITORIA (IDEN_AUDITORIA,CODG_USUARIO_CEPRO_SECURITY,DATA_OPERACAO,ENDR_IP,NOME_USUARIO_RESPONSAVEL,NUMR_CPF_USUARIO_RESPONSAVEL) values ('805','2',to_timestamp('14/11/18 15:34:09,248000000','DD/MM/RR HH24:MI:SSXFF'),'192.168.0.229','EDUARDO RAHEL MUNIZ FERREIRA','3302175183');
Insert into FIPLAN_GMA_DES.DHWTB999_AUDITORIA (IDEN_AUDITORIA,CODG_USUARIO_CEPRO_SECURITY,DATA_OPERACAO,ENDR_IP,NOME_USUARIO_RESPONSAVEL,NUMR_CPF_USUARIO_RESPONSAVEL) values ('806','2',to_timestamp('14/11/18 15:34:39,051000000','DD/MM/RR HH24:MI:SSXFF'),'192.168.0.229','EDUARDO RAHEL MUNIZ FERREIRA','3302175183');
Insert into FIPLAN_GMA_DES.DHWTB999_AUDITORIA (IDEN_AUDITORIA,CODG_USUARIO_CEPRO_SECURITY,DATA_OPERACAO,ENDR_IP,NOME_USUARIO_RESPONSAVEL,NUMR_CPF_USUARIO_RESPONSAVEL) values ('807','2',to_timestamp('14/11/18 15:52:20,804000000','DD/MM/RR HH24:MI:SSXFF'),'192.168.0.229','EDUARDO RAHEL MUNIZ FERREIRA','3302175183');
Insert into FIPLAN_GMA_DES.DHWTB999_AUDITORIA (IDEN_AUDITORIA,CODG_USUARIO_CEPRO_SECURITY,DATA_OPERACAO,ENDR_IP,NOME_USUARIO_RESPONSAVEL,NUMR_CPF_USUARIO_RESPONSAVEL) values ('808','2',to_timestamp('14/11/18 15:54:16,798000000','DD/MM/RR HH24:MI:SSXFF'),'192.168.0.229','EDUARDO RAHEL MUNIZ FERREIRA','3302175183');
Insert into FIPLAN_GMA_DES.DHWTB999_AUDITORIA (IDEN_AUDITORIA,CODG_USUARIO_CEPRO_SECURITY,DATA_OPERACAO,ENDR_IP,NOME_USUARIO_RESPONSAVEL,NUMR_CPF_USUARIO_RESPONSAVEL) values ('809','2',to_timestamp('14/11/18 15:55:08,661000000','DD/MM/RR HH24:MI:SSXFF'),'192.168.0.229','EDUARDO RAHEL MUNIZ FERREIRA','3302175183');
Insert into FIPLAN_GMA_DES.DHWTB999_AUDITORIA (IDEN_AUDITORIA,CODG_USUARIO_CEPRO_SECURITY,DATA_OPERACAO,ENDR_IP,NOME_USUARIO_RESPONSAVEL,NUMR_CPF_USUARIO_RESPONSAVEL) values ('810','2',to_timestamp('14/11/18 15:55:42,103000000','DD/MM/RR HH24:MI:SSXFF'),'192.168.0.229','EDUARDO RAHEL MUNIZ FERREIRA','3302175183');
Insert into FIPLAN_GMA_DES.DHWTB999_AUDITORIA (IDEN_AUDITORIA,CODG_USUARIO_CEPRO_SECURITY,DATA_OPERACAO,ENDR_IP,NOME_USUARIO_RESPONSAVEL,NUMR_CPF_USUARIO_RESPONSAVEL) values ('811','1',to_timestamp('14/11/18 16:20:15,646000000','DD/MM/RR HH24:MI:SSXFF'),'127.0.0.1','INTEGRA«√O SISTEMA DÕVIDA P⁄BLICA','36329059918');
Insert into FIPLAN_GMA_DES.DHWTB999_AUDITORIA (IDEN_AUDITORIA,CODG_USUARIO_CEPRO_SECURITY,DATA_OPERACAO,ENDR_IP,NOME_USUARIO_RESPONSAVEL,NUMR_CPF_USUARIO_RESPONSAVEL) values ('812','1',to_timestamp('14/11/18 17:08:28,684000000','DD/MM/RR HH24:MI:SSXFF'),'127.0.0.1','INTEGRA«√O SISTEMA DÕVIDA P⁄BLICA','36329059918');
Insert into FIPLAN_GMA_DES.DHWTB999_AUDITORIA (IDEN_AUDITORIA,CODG_USUARIO_CEPRO_SECURITY,DATA_OPERACAO,ENDR_IP,NOME_USUARIO_RESPONSAVEL,NUMR_CPF_USUARIO_RESPONSAVEL) values ('455','2',to_timestamp('07/11/18 13:52:27,346000000','DD/MM/RR HH24:MI:SSXFF'),'192.168.0.229','EDUARDO RAHEL MUNIZ FERREIRA','3302175183');
Insert into FIPLAN_GMA_DES.DHWTB999_AUDITORIA (IDEN_AUDITORIA,CODG_USUARIO_CEPRO_SECURITY,DATA_OPERACAO,ENDR_IP,NOME_USUARIO_RESPONSAVEL,NUMR_CPF_USUARIO_RESPONSAVEL) values ('456','2',to_timestamp('07/11/18 13:53:06,594000000','DD/MM/RR HH24:MI:SSXFF'),'192.168.0.229','EDUARDO RAHEL MUNIZ FERREIRA','3302175183');
Insert into FIPLAN_GMA_DES.DHWTB999_AUDITORIA (IDEN_AUDITORIA,CODG_USUARIO_CEPRO_SECURITY,DATA_OPERACAO,ENDR_IP,NOME_USUARIO_RESPONSAVEL,NUMR_CPF_USUARIO_RESPONSAVEL) values ('457','2',to_timestamp('07/11/18 13:53:15,545000000','DD/MM/RR HH24:MI:SSXFF'),'192.168.0.229','EDUARDO RAHEL MUNIZ FERREIRA','3302175183');
Insert into FIPLAN_GMA_DES.DHWTB999_AUDITORIA (IDEN_AUDITORIA,CODG_USUARIO_CEPRO_SECURITY,DATA_OPERACAO,ENDR_IP,NOME_USUARIO_RESPONSAVEL,NUMR_CPF_USUARIO_RESPONSAVEL) values ('461','2',to_timestamp('07/11/18 13:58:33,313000000','DD/MM/RR HH24:MI:SSXFF'),'192.168.0.229','EDUARDO RAHEL MUNIZ FERREIRA','3302175183');
Insert into FIPLAN_GMA_DES.DHWTB999_AUDITORIA (IDEN_AUDITORIA,CODG_USUARIO_CEPRO_SECURITY,DATA_OPERACAO,ENDR_IP,NOME_USUARIO_RESPONSAVEL,NUMR_CPF_USUARIO_RESPONSAVEL) values ('462','2',to_timestamp('07/11/18 13:58:51,775000000','DD/MM/RR HH24:MI:SSXFF'),'192.168.0.229','EDUARDO RAHEL MUNIZ FERREIRA','3302175183');
Insert into FIPLAN_GMA_DES.DHWTB999_AUDITORIA (IDEN_AUDITORIA,CODG_USUARIO_CEPRO_SECURITY,DATA_OPERACAO,ENDR_IP,NOME_USUARIO_RESPONSAVEL,NUMR_CPF_USUARIO_RESPONSAVEL) values ('463','2',to_timestamp('07/11/18 13:59:05,849000000','DD/MM/RR HH24:MI:SSXFF'),'192.168.0.229','EDUARDO RAHEL MUNIZ FERREIRA','3302175183');
Insert into FIPLAN_GMA_DES.DHWTB999_AUDITORIA (IDEN_AUDITORIA,CODG_USUARIO_CEPRO_SECURITY,DATA_OPERACAO,ENDR_IP,NOME_USUARIO_RESPONSAVEL,NUMR_CPF_USUARIO_RESPONSAVEL) values ('464','2',to_timestamp('07/11/18 13:59:42,510000000','DD/MM/RR HH24:MI:SSXFF'),'192.168.0.229','EDUARDO RAHEL MUNIZ FERREIRA','3302175183');
Insert into FIPLAN_GMA_DES.DHWTB999_AUDITORIA (IDEN_AUDITORIA,CODG_USUARIO_CEPRO_SECURITY,DATA_OPERACAO,ENDR_IP,NOME_USUARIO_RESPONSAVEL,NUMR_CPF_USUARIO_RESPONSAVEL) values ('465','2',to_timestamp('07/11/18 14:00:37,411000000','DD/MM/RR HH24:MI:SSXFF'),'192.168.0.229','EDUARDO RAHEL MUNIZ FERREIRA','3302175183');
Insert into FIPLAN_GMA_DES.DHWTB999_AUDITORIA (IDEN_AUDITORIA,CODG_USUARIO_CEPRO_SECURITY,DATA_OPERACAO,ENDR_IP,NOME_USUARIO_RESPONSAVEL,NUMR_CPF_USUARIO_RESPONSAVEL) values ('466','2',to_timestamp('07/11/18 14:00:51,111000000','DD/MM/RR HH24:MI:SSXFF'),'192.168.0.229','EDUARDO RAHEL MUNIZ FERREIRA','3302175183');
Insert into FIPLAN_GMA_DES.DHWTB999_AUDITORIA (IDEN_AUDITORIA,CODG_USUARIO_CEPRO_SECURITY,DATA_OPERACAO,ENDR_IP,NOME_USUARIO_RESPONSAVEL,NUMR_CPF_USUARIO_RESPONSAVEL) values ('467','2',to_timestamp('07/11/18 14:01:01,939000000','DD/MM/RR HH24:MI:SSXFF'),'192.168.0.229','EDUARDO RAHEL MUNIZ FERREIRA','3302175183');
Insert into FIPLAN_GMA_DES.DHWTB999_AUDITORIA (IDEN_AUDITORIA,CODG_USUARIO_CEPRO_SECURITY,DATA_OPERACAO,ENDR_IP,NOME_USUARIO_RESPONSAVEL,NUMR_CPF_USUARIO_RESPONSAVEL) values ('468','2',to_timestamp('07/11/18 14:01:14,702000000','DD/MM/RR HH24:MI:SSXFF'),'192.168.0.229','EDUARDO RAHEL MUNIZ FERREIRA','3302175183');
Insert into FIPLAN_GMA_DES.DHWTB999_AUDITORIA (IDEN_AUDITORIA,CODG_USUARIO_CEPRO_SECURITY,DATA_OPERACAO,ENDR_IP,NOME_USUARIO_RESPONSAVEL,NUMR_CPF_USUARIO_RESPONSAVEL) values ('469','2',to_timestamp('07/11/18 14:01:40,897000000','DD/MM/RR HH24:MI:SSXFF'),'192.168.0.229','EDUARDO RAHEL MUNIZ FERREIRA','3302175183');
Insert into FIPLAN_GMA_DES.DHWTB999_AUDITORIA (IDEN_AUDITORIA,CODG_USUARIO_CEPRO_SECURITY,DATA_OPERACAO,ENDR_IP,NOME_USUARIO_RESPONSAVEL,NUMR_CPF_USUARIO_RESPONSAVEL) values ('470','2',to_timestamp('07/11/18 14:01:54,079000000','DD/MM/RR HH24:MI:SSXFF'),'192.168.0.229','EDUARDO RAHEL MUNIZ FERREIRA','3302175183');
Insert into FIPLAN_GMA_DES.DHWTB999_AUDITORIA (IDEN_AUDITORIA,CODG_USUARIO_CEPRO_SECURITY,DATA_OPERACAO,ENDR_IP,NOME_USUARIO_RESPONSAVEL,NUMR_CPF_USUARIO_RESPONSAVEL) values ('471','2',to_timestamp('07/11/18 14:02:09,532000000','DD/MM/RR HH24:MI:SSXFF'),'192.168.0.229','EDUARDO RAHEL MUNIZ FERREIRA','3302175183');
Insert into FIPLAN_GMA_DES.DHWTB999_AUDITORIA (IDEN_AUDITORIA,CODG_USUARIO_CEPRO_SECURITY,DATA_OPERACAO,ENDR_IP,NOME_USUARIO_RESPONSAVEL,NUMR_CPF_USUARIO_RESPONSAVEL) values ('472','2',to_timestamp('07/11/18 14:02:37,126000000','DD/MM/RR HH24:MI:SSXFF'),'192.168.0.229','EDUARDO RAHEL MUNIZ FERREIRA','3302175183');
Insert into FIPLAN_GMA_DES.DHWTB999_AUDITORIA (IDEN_AUDITORIA,CODG_USUARIO_CEPRO_SECURITY,DATA_OPERACAO,ENDR_IP,NOME_USUARIO_RESPONSAVEL,NUMR_CPF_USUARIO_RESPONSAVEL) values ('473','2',to_timestamp('07/11/18 14:03:02,674000000','DD/MM/RR HH24:MI:SSXFF'),'192.168.0.229','EDUARDO RAHEL MUNIZ FERREIRA','3302175183');
Insert into FIPLAN_GMA_DES.DHWTB999_AUDITORIA (IDEN_AUDITORIA,CODG_USUARIO_CEPRO_SECURITY,DATA_OPERACAO,ENDR_IP,NOME_USUARIO_RESPONSAVEL,NUMR_CPF_USUARIO_RESPONSAVEL) values ('474','2',to_timestamp('07/11/18 14:03:16,325000000','DD/MM/RR HH24:MI:SSXFF'),'192.168.0.229','EDUARDO RAHEL MUNIZ FERREIRA','3302175183');
Insert into FIPLAN_GMA_DES.DHWTB999_AUDITORIA (IDEN_AUDITORIA,CODG_USUARIO_CEPRO_SECURITY,DATA_OPERACAO,ENDR_IP,NOME_USUARIO_RESPONSAVEL,NUMR_CPF_USUARIO_RESPONSAVEL) values ('475','2',to_timestamp('07/11/18 14:03:28,815000000','DD/MM/RR HH24:MI:SSXFF'),'192.168.0.229','EDUARDO RAHEL MUNIZ FERREIRA','3302175183');
Insert into FIPLAN_GMA_DES.DHWTB999_AUDITORIA (IDEN_AUDITORIA,CODG_USUARIO_CEPRO_SECURITY,DATA_OPERACAO,ENDR_IP,NOME_USUARIO_RESPONSAVEL,NUMR_CPF_USUARIO_RESPONSAVEL) values ('476','2',to_timestamp('07/11/18 14:03:58,938000000','DD/MM/RR HH24:MI:SSXFF'),'192.168.0.229','EDUARDO RAHEL MUNIZ FERREIRA','3302175183');
Insert into FIPLAN_GMA_DES.DHWTB999_AUDITORIA (IDEN_AUDITORIA,CODG_USUARIO_CEPRO_SECURITY,DATA_OPERACAO,ENDR_IP,NOME_USUARIO_RESPONSAVEL,NUMR_CPF_USUARIO_RESPONSAVEL) values ('477','2',to_timestamp('07/11/18 14:04:22,536000000','DD/MM/RR HH24:MI:SSXFF'),'192.168.0.229','EDUARDO RAHEL MUNIZ FERREIRA','3302175183');
Insert into FIPLAN_GMA_DES.DHWTB999_AUDITORIA (IDEN_AUDITORIA,CODG_USUARIO_CEPRO_SECURITY,DATA_OPERACAO,ENDR_IP,NOME_USUARIO_RESPONSAVEL,NUMR_CPF_USUARIO_RESPONSAVEL) values ('478','2',to_timestamp('07/11/18 14:09:24,220000000','DD/MM/RR HH24:MI:SSXFF'),'192.168.0.229','EDUARDO RAHEL MUNIZ FERREIRA','3302175183');
Insert into FIPLAN_GMA_DES.DHWTB999_AUDITORIA (IDEN_AUDITORIA,CODG_USUARIO_CEPRO_SECURITY,DATA_OPERACAO,ENDR_IP,NOME_USUARIO_RESPONSAVEL,NUMR_CPF_USUARIO_RESPONSAVEL) values ('479','2',to_timestamp('07/11/18 14:12:07,202000000','DD/MM/RR HH24:MI:SSXFF'),'192.168.0.229','EDUARDO RAHEL MUNIZ FERREIRA','3302175183');
Insert into FIPLAN_GMA_DES.DHWTB999_AUDITORIA (IDEN_AUDITORIA,CODG_USUARIO_CEPRO_SECURITY,DATA_OPERACAO,ENDR_IP,NOME_USUARIO_RESPONSAVEL,NUMR_CPF_USUARIO_RESPONSAVEL) values ('480','2',to_timestamp('07/11/18 14:13:58,030000000','DD/MM/RR HH24:MI:SSXFF'),'192.168.0.229','EDUARDO RAHEL MUNIZ FERREIRA','3302175183');
Insert into FIPLAN_GMA_DES.DHWTB999_AUDITORIA (IDEN_AUDITORIA,CODG_USUARIO_CEPRO_SECURITY,DATA_OPERACAO,ENDR_IP,NOME_USUARIO_RESPONSAVEL,NUMR_CPF_USUARIO_RESPONSAVEL) values ('481','2',to_timestamp('07/11/18 14:14:43,418000000','DD/MM/RR HH24:MI:SSXFF'),'192.168.0.229','EDUARDO RAHEL MUNIZ FERREIRA','3302175183');
Insert into FIPLAN_GMA_DES.DHWTB999_AUDITORIA (IDEN_AUDITORIA,CODG_USUARIO_CEPRO_SECURITY,DATA_OPERACAO,ENDR_IP,NOME_USUARIO_RESPONSAVEL,NUMR_CPF_USUARIO_RESPONSAVEL) values ('482','2',to_timestamp('07/11/18 14:15:21,885000000','DD/MM/RR HH24:MI:SSXFF'),'192.168.0.229','EDUARDO RAHEL MUNIZ FERREIRA','3302175183');
Insert into FIPLAN_GMA_DES.DHWTB999_AUDITORIA (IDEN_AUDITORIA,CODG_USUARIO_CEPRO_SECURITY,DATA_OPERACAO,ENDR_IP,NOME_USUARIO_RESPONSAVEL,NUMR_CPF_USUARIO_RESPONSAVEL) values ('483','2',to_timestamp('07/11/18 14:15:56,783000000','DD/MM/RR HH24:MI:SSXFF'),'192.168.0.229','EDUARDO RAHEL MUNIZ FERREIRA','3302175183');
Insert into FIPLAN_GMA_DES.DHWTB999_AUDITORIA (IDEN_AUDITORIA,CODG_USUARIO_CEPRO_SECURITY,DATA_OPERACAO,ENDR_IP,NOME_USUARIO_RESPONSAVEL,NUMR_CPF_USUARIO_RESPONSAVEL) values ('484','2',to_timestamp('07/11/18 14:16:54,500000000','DD/MM/RR HH24:MI:SSXFF'),'192.168.0.229','EDUARDO RAHEL MUNIZ FERREIRA','3302175183');
Insert into FIPLAN_GMA_DES.DHWTB999_AUDITORIA (IDEN_AUDITORIA,CODG_USUARIO_CEPRO_SECURITY,DATA_OPERACAO,ENDR_IP,NOME_USUARIO_RESPONSAVEL,NUMR_CPF_USUARIO_RESPONSAVEL) values ('485','2',to_timestamp('07/11/18 14:17:21,135000000','DD/MM/RR HH24:MI:SSXFF'),'192.168.0.229','EDUARDO RAHEL MUNIZ FERREIRA','3302175183');
Insert into FIPLAN_GMA_DES.DHWTB999_AUDITORIA (IDEN_AUDITORIA,CODG_USUARIO_CEPRO_SECURITY,DATA_OPERACAO,ENDR_IP,NOME_USUARIO_RESPONSAVEL,NUMR_CPF_USUARIO_RESPONSAVEL) values ('486','2',to_timestamp('07/11/18 14:18:05,635000000','DD/MM/RR HH24:MI:SSXFF'),'192.168.0.229','EDUARDO RAHEL MUNIZ FERREIRA','3302175183');
Insert into FIPLAN_GMA_DES.DHWTB999_AUDITORIA (IDEN_AUDITORIA,CODG_USUARIO_CEPRO_SECURITY,DATA_OPERACAO,ENDR_IP,NOME_USUARIO_RESPONSAVEL,NUMR_CPF_USUARIO_RESPONSAVEL) values ('487','2',to_timestamp('07/11/18 14:18:59,955000000','DD/MM/RR HH24:MI:SSXFF'),'192.168.0.229','EDUARDO RAHEL MUNIZ FERREIRA','3302175183');
Insert into FIPLAN_GMA_DES.DHWTB999_AUDITORIA (IDEN_AUDITORIA,CODG_USUARIO_CEPRO_SECURITY,DATA_OPERACAO,ENDR_IP,NOME_USUARIO_RESPONSAVEL,NUMR_CPF_USUARIO_RESPONSAVEL) values ('488','2',to_timestamp('07/11/18 14:21:00,023000000','DD/MM/RR HH24:MI:SSXFF'),'192.168.0.229','EDUARDO RAHEL MUNIZ FERREIRA','3302175183');
Insert into FIPLAN_GMA_DES.DHWTB999_AUDITORIA (IDEN_AUDITORIA,CODG_USUARIO_CEPRO_SECURITY,DATA_OPERACAO,ENDR_IP,NOME_USUARIO_RESPONSAVEL,NUMR_CPF_USUARIO_RESPONSAVEL) values ('489','2',to_timestamp('07/11/18 14:21:21,223000000','DD/MM/RR HH24:MI:SSXFF'),'192.168.0.229','EDUARDO RAHEL MUNIZ FERREIRA','3302175183');
Insert into FIPLAN_GMA_DES.DHWTB999_AUDITORIA (IDEN_AUDITORIA,CODG_USUARIO_CEPRO_SECURITY,DATA_OPERACAO,ENDR_IP,NOME_USUARIO_RESPONSAVEL,NUMR_CPF_USUARIO_RESPONSAVEL) values ('490','2',to_timestamp('07/11/18 14:21:44,739000000','DD/MM/RR HH24:MI:SSXFF'),'192.168.0.229','EDUARDO RAHEL MUNIZ FERREIRA','3302175183');
Insert into FIPLAN_GMA_DES.DHWTB999_AUDITORIA (IDEN_AUDITORIA,CODG_USUARIO_CEPRO_SECURITY,DATA_OPERACAO,ENDR_IP,NOME_USUARIO_RESPONSAVEL,NUMR_CPF_USUARIO_RESPONSAVEL) values ('491','2',to_timestamp('07/11/18 14:22:36,631000000','DD/MM/RR HH24:MI:SSXFF'),'192.168.0.229','EDUARDO RAHEL MUNIZ FERREIRA','3302175183');
Insert into FIPLAN_GMA_DES.DHWTB999_AUDITORIA (IDEN_AUDITORIA,CODG_USUARIO_CEPRO_SECURITY,DATA_OPERACAO,ENDR_IP,NOME_USUARIO_RESPONSAVEL,NUMR_CPF_USUARIO_RESPONSAVEL) values ('492','2',to_timestamp('07/11/18 14:26:48,873000000','DD/MM/RR HH24:MI:SSXFF'),'192.168.0.229','EDUARDO RAHEL MUNIZ FERREIRA','3302175183');
Insert into FIPLAN_GMA_DES.DHWTB999_AUDITORIA (IDEN_AUDITORIA,CODG_USUARIO_CEPRO_SECURITY,DATA_OPERACAO,ENDR_IP,NOME_USUARIO_RESPONSAVEL,NUMR_CPF_USUARIO_RESPONSAVEL) values ('493','2',to_timestamp('07/11/18 14:27:12,802000000','DD/MM/RR HH24:MI:SSXFF'),'192.168.0.229','EDUARDO RAHEL MUNIZ FERREIRA','3302175183');
Insert into FIPLAN_GMA_DES.DHWTB999_AUDITORIA (IDEN_AUDITORIA,CODG_USUARIO_CEPRO_SECURITY,DATA_OPERACAO,ENDR_IP,NOME_USUARIO_RESPONSAVEL,NUMR_CPF_USUARIO_RESPONSAVEL) values ('494','2',to_timestamp('07/11/18 14:27:39,658000000','DD/MM/RR HH24:MI:SSXFF'),'192.168.0.229','EDUARDO RAHEL MUNIZ FERREIRA','3302175183');
Insert into FIPLAN_GMA_DES.DHWTB999_AUDITORIA (IDEN_AUDITORIA,CODG_USUARIO_CEPRO_SECURITY,DATA_OPERACAO,ENDR_IP,NOME_USUARIO_RESPONSAVEL,NUMR_CPF_USUARIO_RESPONSAVEL) values ('495','2',to_timestamp('07/11/18 14:27:57,793000000','DD/MM/RR HH24:MI:SSXFF'),'192.168.0.229','EDUARDO RAHEL MUNIZ FERREIRA','3302175183');
Insert into FIPLAN_GMA_DES.DHWTB999_AUDITORIA (IDEN_AUDITORIA,CODG_USUARIO_CEPRO_SECURITY,DATA_OPERACAO,ENDR_IP,NOME_USUARIO_RESPONSAVEL,NUMR_CPF_USUARIO_RESPONSAVEL) values ('496','2',to_timestamp('07/11/18 14:29:53,192000000','DD/MM/RR HH24:MI:SSXFF'),'192.168.0.229','EDUARDO RAHEL MUNIZ FERREIRA','3302175183');
Insert into FIPLAN_GMA_DES.DHWTB999_AUDITORIA (IDEN_AUDITORIA,CODG_USUARIO_CEPRO_SECURITY,DATA_OPERACAO,ENDR_IP,NOME_USUARIO_RESPONSAVEL,NUMR_CPF_USUARIO_RESPONSAVEL) values ('497','2',to_timestamp('07/11/18 14:30:13,036000000','DD/MM/RR HH24:MI:SSXFF'),'192.168.0.229','EDUARDO RAHEL MUNIZ FERREIRA','3302175183');
Insert into FIPLAN_GMA_DES.DHWTB999_AUDITORIA (IDEN_AUDITORIA,CODG_USUARIO_CEPRO_SECURITY,DATA_OPERACAO,ENDR_IP,NOME_USUARIO_RESPONSAVEL,NUMR_CPF_USUARIO_RESPONSAVEL) values ('498','2',to_timestamp('07/11/18 14:31:01,140000000','DD/MM/RR HH24:MI:SSXFF'),'192.168.0.229','EDUARDO RAHEL MUNIZ FERREIRA','3302175183');
Insert into FIPLAN_GMA_DES.DHWTB999_AUDITORIA (IDEN_AUDITORIA,CODG_USUARIO_CEPRO_SECURITY,DATA_OPERACAO,ENDR_IP,NOME_USUARIO_RESPONSAVEL,NUMR_CPF_USUARIO_RESPONSAVEL) values ('505','4',to_timestamp('07/11/18 14:42:00,522000000','DD/MM/RR HH24:MI:SSXFF'),'192.168.0.229','JONATHAN INACIO LIMA DA SILVA','4267231125');
Insert into FIPLAN_GMA_DES.DHWTB999_AUDITORIA (IDEN_AUDITORIA,CODG_USUARIO_CEPRO_SECURITY,DATA_OPERACAO,ENDR_IP,NOME_USUARIO_RESPONSAVEL,NUMR_CPF_USUARIO_RESPONSAVEL) values ('506','4',to_timestamp('07/11/18 14:42:10,221000000','DD/MM/RR HH24:MI:SSXFF'),'192.168.0.229','JONATHAN INACIO LIMA DA SILVA','4267231125');
Insert into FIPLAN_GMA_DES.DHWTB999_AUDITORIA (IDEN_AUDITORIA,CODG_USUARIO_CEPRO_SECURITY,DATA_OPERACAO,ENDR_IP,NOME_USUARIO_RESPONSAVEL,NUMR_CPF_USUARIO_RESPONSAVEL) values ('507','4',to_timestamp('07/11/18 14:42:20,879000000','DD/MM/RR HH24:MI:SSXFF'),'192.168.0.229','JONATHAN INACIO LIMA DA SILVA','4267231125');
Insert into FIPLAN_GMA_DES.DHWTB999_AUDITORIA (IDEN_AUDITORIA,CODG_USUARIO_CEPRO_SECURITY,DATA_OPERACAO,ENDR_IP,NOME_USUARIO_RESPONSAVEL,NUMR_CPF_USUARIO_RESPONSAVEL) values ('508','4',to_timestamp('07/11/18 14:42:28,809000000','DD/MM/RR HH24:MI:SSXFF'),'192.168.0.229','JONATHAN INACIO LIMA DA SILVA','4267231125');
Insert into FIPLAN_GMA_DES.DHWTB999_AUDITORIA (IDEN_AUDITORIA,CODG_USUARIO_CEPRO_SECURITY,DATA_OPERACAO,ENDR_IP,NOME_USUARIO_RESPONSAVEL,NUMR_CPF_USUARIO_RESPONSAVEL) values ('509','4',to_timestamp('07/11/18 14:42:33,776000000','DD/MM/RR HH24:MI:SSXFF'),'192.168.0.229','JONATHAN INACIO LIMA DA SILVA','4267231125');
Insert into FIPLAN_GMA_DES.DHWTB999_AUDITORIA (IDEN_AUDITORIA,CODG_USUARIO_CEPRO_SECURITY,DATA_OPERACAO,ENDR_IP,NOME_USUARIO_RESPONSAVEL,NUMR_CPF_USUARIO_RESPONSAVEL) values ('510','4',to_timestamp('07/11/18 14:42:54,761000000','DD/MM/RR HH24:MI:SSXFF'),'192.168.0.229','JONATHAN INACIO LIMA DA SILVA','4267231125');
Insert into FIPLAN_GMA_DES.DHWTB999_AUDITORIA (IDEN_AUDITORIA,CODG_USUARIO_CEPRO_SECURITY,DATA_OPERACAO,ENDR_IP,NOME_USUARIO_RESPONSAVEL,NUMR_CPF_USUARIO_RESPONSAVEL) values ('511','2',to_timestamp('07/11/18 14:44:24,681000000','DD/MM/RR HH24:MI:SSXFF'),'192.168.0.229','EDUARDO RAHEL MUNIZ FERREIRA','3302175183');
Insert into FIPLAN_GMA_DES.DHWTB999_AUDITORIA (IDEN_AUDITORIA,CODG_USUARIO_CEPRO_SECURITY,DATA_OPERACAO,ENDR_IP,NOME_USUARIO_RESPONSAVEL,NUMR_CPF_USUARIO_RESPONSAVEL) values ('512','2',to_timestamp('07/11/18 14:44:49,894000000','DD/MM/RR HH24:MI:SSXFF'),'192.168.0.229','EDUARDO RAHEL MUNIZ FERREIRA','3302175183');
Insert into FIPLAN_GMA_DES.DHWTB999_AUDITORIA (IDEN_AUDITORIA,CODG_USUARIO_CEPRO_SECURITY,DATA_OPERACAO,ENDR_IP,NOME_USUARIO_RESPONSAVEL,NUMR_CPF_USUARIO_RESPONSAVEL) values ('513','2',to_timestamp('07/11/18 14:45:15,656000000','DD/MM/RR HH24:MI:SSXFF'),'192.168.0.229','EDUARDO RAHEL MUNIZ FERREIRA','3302175183');
Insert into FIPLAN_GMA_DES.DHWTB999_AUDITORIA (IDEN_AUDITORIA,CODG_USUARIO_CEPRO_SECURITY,DATA_OPERACAO,ENDR_IP,NOME_USUARIO_RESPONSAVEL,NUMR_CPF_USUARIO_RESPONSAVEL) values ('514','2',to_timestamp('07/11/18 14:47:17,554000000','DD/MM/RR HH24:MI:SSXFF'),'192.168.0.229','EDUARDO RAHEL MUNIZ FERREIRA','3302175183');
Insert into FIPLAN_GMA_DES.DHWTB999_AUDITORIA (IDEN_AUDITORIA,CODG_USUARIO_CEPRO_SECURITY,DATA_OPERACAO,ENDR_IP,NOME_USUARIO_RESPONSAVEL,NUMR_CPF_USUARIO_RESPONSAVEL) values ('515','2',to_timestamp('07/11/18 14:47:40,086000000','DD/MM/RR HH24:MI:SSXFF'),'192.168.0.229','EDUARDO RAHEL MUNIZ FERREIRA','3302175183');
Insert into FIPLAN_GMA_DES.DHWTB999_AUDITORIA (IDEN_AUDITORIA,CODG_USUARIO_CEPRO_SECURITY,DATA_OPERACAO,ENDR_IP,NOME_USUARIO_RESPONSAVEL,NUMR_CPF_USUARIO_RESPONSAVEL) values ('516','2',to_timestamp('07/11/18 14:47:54,583000000','DD/MM/RR HH24:MI:SSXFF'),'192.168.0.229','EDUARDO RAHEL MUNIZ FERREIRA','3302175183');
Insert into FIPLAN_GMA_DES.DHWTB999_AUDITORIA (IDEN_AUDITORIA,CODG_USUARIO_CEPRO_SECURITY,DATA_OPERACAO,ENDR_IP,NOME_USUARIO_RESPONSAVEL,NUMR_CPF_USUARIO_RESPONSAVEL) values ('517','2',to_timestamp('07/11/18 14:48:06,411000000','DD/MM/RR HH24:MI:SSXFF'),'192.168.0.229','EDUARDO RAHEL MUNIZ FERREIRA','3302175183');
Insert into FIPLAN_GMA_DES.DHWTB999_AUDITORIA (IDEN_AUDITORIA,CODG_USUARIO_CEPRO_SECURITY,DATA_OPERACAO,ENDR_IP,NOME_USUARIO_RESPONSAVEL,NUMR_CPF_USUARIO_RESPONSAVEL) values ('518','2',to_timestamp('07/11/18 14:48:21,484000000','DD/MM/RR HH24:MI:SSXFF'),'192.168.0.229','EDUARDO RAHEL MUNIZ FERREIRA','3302175183');
Insert into FIPLAN_GMA_DES.DHWTB999_AUDITORIA (IDEN_AUDITORIA,CODG_USUARIO_CEPRO_SECURITY,DATA_OPERACAO,ENDR_IP,NOME_USUARIO_RESPONSAVEL,NUMR_CPF_USUARIO_RESPONSAVEL) values ('519','2',to_timestamp('07/11/18 14:48:38,426000000','DD/MM/RR HH24:MI:SSXFF'),'192.168.0.229','EDUARDO RAHEL MUNIZ FERREIRA','3302175183');
Insert into FIPLAN_GMA_DES.DHWTB999_AUDITORIA (IDEN_AUDITORIA,CODG_USUARIO_CEPRO_SECURITY,DATA_OPERACAO,ENDR_IP,NOME_USUARIO_RESPONSAVEL,NUMR_CPF_USUARIO_RESPONSAVEL) values ('520','2',to_timestamp('07/11/18 14:48:52,474000000','DD/MM/RR HH24:MI:SSXFF'),'192.168.0.229','EDUARDO RAHEL MUNIZ FERREIRA','3302175183');
Insert into FIPLAN_GMA_DES.DHWTB999_AUDITORIA (IDEN_AUDITORIA,CODG_USUARIO_CEPRO_SECURITY,DATA_OPERACAO,ENDR_IP,NOME_USUARIO_RESPONSAVEL,NUMR_CPF_USUARIO_RESPONSAVEL) values ('521','2',to_timestamp('07/11/18 14:49:19,593000000','DD/MM/RR HH24:MI:SSXFF'),'192.168.0.229','EDUARDO RAHEL MUNIZ FERREIRA','3302175183');
Insert into FIPLAN_GMA_DES.DHWTB999_AUDITORIA (IDEN_AUDITORIA,CODG_USUARIO_CEPRO_SECURITY,DATA_OPERACAO,ENDR_IP,NOME_USUARIO_RESPONSAVEL,NUMR_CPF_USUARIO_RESPONSAVEL) values ('522','2',to_timestamp('07/11/18 14:49:36,364000000','DD/MM/RR HH24:MI:SSXFF'),'192.168.0.229','EDUARDO RAHEL MUNIZ FERREIRA','3302175183');
Insert into FIPLAN_GMA_DES.DHWTB999_AUDITORIA (IDEN_AUDITORIA,CODG_USUARIO_CEPRO_SECURITY,DATA_OPERACAO,ENDR_IP,NOME_USUARIO_RESPONSAVEL,NUMR_CPF_USUARIO_RESPONSAVEL) values ('523','2',to_timestamp('07/11/18 14:49:50,067000000','DD/MM/RR HH24:MI:SSXFF'),'192.168.0.229','EDUARDO RAHEL MUNIZ FERREIRA','3302175183');
Insert into FIPLAN_GMA_DES.DHWTB999_AUDITORIA (IDEN_AUDITORIA,CODG_USUARIO_CEPRO_SECURITY,DATA_OPERACAO,ENDR_IP,NOME_USUARIO_RESPONSAVEL,NUMR_CPF_USUARIO_RESPONSAVEL) values ('524','2',to_timestamp('07/11/18 14:50:03,395000000','DD/MM/RR HH24:MI:SSXFF'),'192.168.0.229','EDUARDO RAHEL MUNIZ FERREIRA','3302175183');
Insert into FIPLAN_GMA_DES.DHWTB999_AUDITORIA (IDEN_AUDITORIA,CODG_USUARIO_CEPRO_SECURITY,DATA_OPERACAO,ENDR_IP,NOME_USUARIO_RESPONSAVEL,NUMR_CPF_USUARIO_RESPONSAVEL) values ('525','2',to_timestamp('07/11/18 14:50:27,142000000','DD/MM/RR HH24:MI:SSXFF'),'192.168.0.229','EDUARDO RAHEL MUNIZ FERREIRA','3302175183');
Insert into FIPLAN_GMA_DES.DHWTB999_AUDITORIA (IDEN_AUDITORIA,CODG_USUARIO_CEPRO_SECURITY,DATA_OPERACAO,ENDR_IP,NOME_USUARIO_RESPONSAVEL,NUMR_CPF_USUARIO_RESPONSAVEL) values ('526','2',to_timestamp('07/11/18 14:50:45,384000000','DD/MM/RR HH24:MI:SSXFF'),'192.168.0.229','EDUARDO RAHEL MUNIZ FERREIRA','3302175183');
Insert into FIPLAN_GMA_DES.DHWTB999_AUDITORIA (IDEN_AUDITORIA,CODG_USUARIO_CEPRO_SECURITY,DATA_OPERACAO,ENDR_IP,NOME_USUARIO_RESPONSAVEL,NUMR_CPF_USUARIO_RESPONSAVEL) values ('527','2',to_timestamp('07/11/18 14:51:37,087000000','DD/MM/RR HH24:MI:SSXFF'),'192.168.0.229','EDUARDO RAHEL MUNIZ FERREIRA','3302175183');
Insert into FIPLAN_GMA_DES.DHWTB999_AUDITORIA (IDEN_AUDITORIA,CODG_USUARIO_CEPRO_SECURITY,DATA_OPERACAO,ENDR_IP,NOME_USUARIO_RESPONSAVEL,NUMR_CPF_USUARIO_RESPONSAVEL) values ('528','2',to_timestamp('07/11/18 14:51:49,680000000','DD/MM/RR HH24:MI:SSXFF'),'192.168.0.229','EDUARDO RAHEL MUNIZ FERREIRA','3302175183');
Insert into FIPLAN_GMA_DES.DHWTB999_AUDITORIA (IDEN_AUDITORIA,CODG_USUARIO_CEPRO_SECURITY,DATA_OPERACAO,ENDR_IP,NOME_USUARIO_RESPONSAVEL,NUMR_CPF_USUARIO_RESPONSAVEL) values ('529','2',to_timestamp('07/11/18 14:52:15,212000000','DD/MM/RR HH24:MI:SSXFF'),'192.168.0.229','EDUARDO RAHEL MUNIZ FERREIRA','3302175183');
Insert into FIPLAN_GMA_DES.DHWTB999_AUDITORIA (IDEN_AUDITORIA,CODG_USUARIO_CEPRO_SECURITY,DATA_OPERACAO,ENDR_IP,NOME_USUARIO_RESPONSAVEL,NUMR_CPF_USUARIO_RESPONSAVEL) values ('530','2',to_timestamp('07/11/18 14:52:46,162000000','DD/MM/RR HH24:MI:SSXFF'),'192.168.0.229','EDUARDO RAHEL MUNIZ FERREIRA','3302175183');
Insert into FIPLAN_GMA_DES.DHWTB999_AUDITORIA (IDEN_AUDITORIA,CODG_USUARIO_CEPRO_SECURITY,DATA_OPERACAO,ENDR_IP,NOME_USUARIO_RESPONSAVEL,NUMR_CPF_USUARIO_RESPONSAVEL) values ('531','2',to_timestamp('07/11/18 14:53:06,530000000','DD/MM/RR HH24:MI:SSXFF'),'192.168.0.229','EDUARDO RAHEL MUNIZ FERREIRA','3302175183');
Insert into FIPLAN_GMA_DES.DHWTB999_AUDITORIA (IDEN_AUDITORIA,CODG_USUARIO_CEPRO_SECURITY,DATA_OPERACAO,ENDR_IP,NOME_USUARIO_RESPONSAVEL,NUMR_CPF_USUARIO_RESPONSAVEL) values ('532','2',to_timestamp('07/11/18 14:53:20,665000000','DD/MM/RR HH24:MI:SSXFF'),'192.168.0.229','EDUARDO RAHEL MUNIZ FERREIRA','3302175183');
Insert into FIPLAN_GMA_DES.DHWTB999_AUDITORIA (IDEN_AUDITORIA,CODG_USUARIO_CEPRO_SECURITY,DATA_OPERACAO,ENDR_IP,NOME_USUARIO_RESPONSAVEL,NUMR_CPF_USUARIO_RESPONSAVEL) values ('533','2',to_timestamp('07/11/18 14:53:33,121000000','DD/MM/RR HH24:MI:SSXFF'),'192.168.0.229','EDUARDO RAHEL MUNIZ FERREIRA','3302175183');
Insert into FIPLAN_GMA_DES.DHWTB999_AUDITORIA (IDEN_AUDITORIA,CODG_USUARIO_CEPRO_SECURITY,DATA_OPERACAO,ENDR_IP,NOME_USUARIO_RESPONSAVEL,NUMR_CPF_USUARIO_RESPONSAVEL) values ('534','2',to_timestamp('07/11/18 14:53:53,824000000','DD/MM/RR HH24:MI:SSXFF'),'192.168.0.229','EDUARDO RAHEL MUNIZ FERREIRA','3302175183');
Insert into FIPLAN_GMA_DES.DHWTB999_AUDITORIA (IDEN_AUDITORIA,CODG_USUARIO_CEPRO_SECURITY,DATA_OPERACAO,ENDR_IP,NOME_USUARIO_RESPONSAVEL,NUMR_CPF_USUARIO_RESPONSAVEL) values ('535','2',to_timestamp('07/11/18 14:54:15,062000000','DD/MM/RR HH24:MI:SSXFF'),'192.168.0.229','EDUARDO RAHEL MUNIZ FERREIRA','3302175183');
Insert into FIPLAN_GMA_DES.DHWTB999_AUDITORIA (IDEN_AUDITORIA,CODG_USUARIO_CEPRO_SECURITY,DATA_OPERACAO,ENDR_IP,NOME_USUARIO_RESPONSAVEL,NUMR_CPF_USUARIO_RESPONSAVEL) values ('536','2',to_timestamp('07/11/18 14:54:26,413000000','DD/MM/RR HH24:MI:SSXFF'),'192.168.0.229','EDUARDO RAHEL MUNIZ FERREIRA','3302175183');
Insert into FIPLAN_GMA_DES.DHWTB999_AUDITORIA (IDEN_AUDITORIA,CODG_USUARIO_CEPRO_SECURITY,DATA_OPERACAO,ENDR_IP,NOME_USUARIO_RESPONSAVEL,NUMR_CPF_USUARIO_RESPONSAVEL) values ('537','2',to_timestamp('07/11/18 14:55:05,143000000','DD/MM/RR HH24:MI:SSXFF'),'192.168.0.229','EDUARDO RAHEL MUNIZ FERREIRA','3302175183');
Insert into FIPLAN_GMA_DES.DHWTB999_AUDITORIA (IDEN_AUDITORIA,CODG_USUARIO_CEPRO_SECURITY,DATA_OPERACAO,ENDR_IP,NOME_USUARIO_RESPONSAVEL,NUMR_CPF_USUARIO_RESPONSAVEL) values ('538','2',to_timestamp('07/11/18 14:55:23,834000000','DD/MM/RR HH24:MI:SSXFF'),'192.168.0.229','EDUARDO RAHEL MUNIZ FERREIRA','3302175183');
Insert into FIPLAN_GMA_DES.DHWTB999_AUDITORIA (IDEN_AUDITORIA,CODG_USUARIO_CEPRO_SECURITY,DATA_OPERACAO,ENDR_IP,NOME_USUARIO_RESPONSAVEL,NUMR_CPF_USUARIO_RESPONSAVEL) values ('539','2',to_timestamp('07/11/18 14:55:37,381000000','DD/MM/RR HH24:MI:SSXFF'),'192.168.0.229','EDUARDO RAHEL MUNIZ FERREIRA','3302175183');
Insert into FIPLAN_GMA_DES.DHWTB999_AUDITORIA (IDEN_AUDITORIA,CODG_USUARIO_CEPRO_SECURITY,DATA_OPERACAO,ENDR_IP,NOME_USUARIO_RESPONSAVEL,NUMR_CPF_USUARIO_RESPONSAVEL) values ('540','2',to_timestamp('07/11/18 14:56:02,939000000','DD/MM/RR HH24:MI:SSXFF'),'192.168.0.229','EDUARDO RAHEL MUNIZ FERREIRA','3302175183');
Insert into FIPLAN_GMA_DES.DHWTB999_AUDITORIA (IDEN_AUDITORIA,CODG_USUARIO_CEPRO_SECURITY,DATA_OPERACAO,ENDR_IP,NOME_USUARIO_RESPONSAVEL,NUMR_CPF_USUARIO_RESPONSAVEL) values ('541','2',to_timestamp('07/11/18 14:56:21,134000000','DD/MM/RR HH24:MI:SSXFF'),'192.168.0.229','EDUARDO RAHEL MUNIZ FERREIRA','3302175183');
Insert into FIPLAN_GMA_DES.DHWTB999_AUDITORIA (IDEN_AUDITORIA,CODG_USUARIO_CEPRO_SECURITY,DATA_OPERACAO,ENDR_IP,NOME_USUARIO_RESPONSAVEL,NUMR_CPF_USUARIO_RESPONSAVEL) values ('542','2',to_timestamp('07/11/18 14:56:38,932000000','DD/MM/RR HH24:MI:SSXFF'),'192.168.0.229','EDUARDO RAHEL MUNIZ FERREIRA','3302175183');
Insert into FIPLAN_GMA_DES.DHWTB999_AUDITORIA (IDEN_AUDITORIA,CODG_USUARIO_CEPRO_SECURITY,DATA_OPERACAO,ENDR_IP,NOME_USUARIO_RESPONSAVEL,NUMR_CPF_USUARIO_RESPONSAVEL) values ('614','2',to_timestamp('08/11/18 13:50:38,750000000','DD/MM/RR HH24:MI:SSXFF'),'192.168.0.229','EDUARDO RAHEL MUNIZ FERREIRA','3302175183');
Insert into FIPLAN_GMA_DES.DHWTB999_AUDITORIA (IDEN_AUDITORIA,CODG_USUARIO_CEPRO_SECURITY,DATA_OPERACAO,ENDR_IP,NOME_USUARIO_RESPONSAVEL,NUMR_CPF_USUARIO_RESPONSAVEL) values ('615','2',to_timestamp('08/11/18 14:06:44,251000000','DD/MM/RR HH24:MI:SSXFF'),'192.168.0.229','EDUARDO RAHEL MUNIZ FERREIRA','3302175183');
Insert into FIPLAN_GMA_DES.DHWTB999_AUDITORIA (IDEN_AUDITORIA,CODG_USUARIO_CEPRO_SECURITY,DATA_OPERACAO,ENDR_IP,NOME_USUARIO_RESPONSAVEL,NUMR_CPF_USUARIO_RESPONSAVEL) values ('616','2',to_timestamp('08/11/18 15:01:29,269000000','DD/MM/RR HH24:MI:SSXFF'),'192.168.0.229','EDUARDO RAHEL MUNIZ FERREIRA','3302175183');
Insert into FIPLAN_GMA_DES.DHWTB999_AUDITORIA (IDEN_AUDITORIA,CODG_USUARIO_CEPRO_SECURITY,DATA_OPERACAO,ENDR_IP,NOME_USUARIO_RESPONSAVEL,NUMR_CPF_USUARIO_RESPONSAVEL) values ('617','2',to_timestamp('08/11/18 15:01:38,104000000','DD/MM/RR HH24:MI:SSXFF'),'192.168.0.229','EDUARDO RAHEL MUNIZ FERREIRA','3302175183');
Insert into FIPLAN_GMA_DES.DHWTB999_AUDITORIA (IDEN_AUDITORIA,CODG_USUARIO_CEPRO_SECURITY,DATA_OPERACAO,ENDR_IP,NOME_USUARIO_RESPONSAVEL,NUMR_CPF_USUARIO_RESPONSAVEL) values ('618','2',to_timestamp('08/11/18 15:14:14,480000000','DD/MM/RR HH24:MI:SSXFF'),'192.168.0.229','EDUARDO RAHEL MUNIZ FERREIRA','3302175183');
Insert into FIPLAN_GMA_DES.DHWTB999_AUDITORIA (IDEN_AUDITORIA,CODG_USUARIO_CEPRO_SECURITY,DATA_OPERACAO,ENDR_IP,NOME_USUARIO_RESPONSAVEL,NUMR_CPF_USUARIO_RESPONSAVEL) values ('619','2',to_timestamp('08/11/18 15:14:56,040000000','DD/MM/RR HH24:MI:SSXFF'),'192.168.0.229','EDUARDO RAHEL MUNIZ FERREIRA','3302175183');
Insert into FIPLAN_GMA_DES.DHWTB999_AUDITORIA (IDEN_AUDITORIA,CODG_USUARIO_CEPRO_SECURITY,DATA_OPERACAO,ENDR_IP,NOME_USUARIO_RESPONSAVEL,NUMR_CPF_USUARIO_RESPONSAVEL) values ('622','2',to_timestamp('08/11/18 15:50:49,795000000','DD/MM/RR HH24:MI:SSXFF'),'192.168.0.229','EDUARDO RAHEL MUNIZ FERREIRA','3302175183');
Insert into FIPLAN_GMA_DES.DHWTB999_AUDITORIA (IDEN_AUDITORIA,CODG_USUARIO_CEPRO_SECURITY,DATA_OPERACAO,ENDR_IP,NOME_USUARIO_RESPONSAVEL,NUMR_CPF_USUARIO_RESPONSAVEL) values ('623','2',to_timestamp('08/11/18 15:51:13,393000000','DD/MM/RR HH24:MI:SSXFF'),'192.168.0.229','EDUARDO RAHEL MUNIZ FERREIRA','3302175183');
Insert into FIPLAN_GMA_DES.DHWTB999_AUDITORIA (IDEN_AUDITORIA,CODG_USUARIO_CEPRO_SECURITY,DATA_OPERACAO,ENDR_IP,NOME_USUARIO_RESPONSAVEL,NUMR_CPF_USUARIO_RESPONSAVEL) values ('624','2',to_timestamp('08/11/18 15:56:27,717000000','DD/MM/RR HH24:MI:SSXFF'),'192.168.0.229','EDUARDO RAHEL MUNIZ FERREIRA','3302175183');
Insert into FIPLAN_GMA_DES.DHWTB999_AUDITORIA (IDEN_AUDITORIA,CODG_USUARIO_CEPRO_SECURITY,DATA_OPERACAO,ENDR_IP,NOME_USUARIO_RESPONSAVEL,NUMR_CPF_USUARIO_RESPONSAVEL) values ('630','2',to_timestamp('08/11/18 16:28:23,391000000','DD/MM/RR HH24:MI:SSXFF'),'192.168.0.229','EDUARDO RAHEL MUNIZ FERREIRA','3302175183');
Insert into FIPLAN_GMA_DES.DHWTB999_AUDITORIA (IDEN_AUDITORIA,CODG_USUARIO_CEPRO_SECURITY,DATA_OPERACAO,ENDR_IP,NOME_USUARIO_RESPONSAVEL,NUMR_CPF_USUARIO_RESPONSAVEL) values ('635','1',to_timestamp('09/11/18 17:11:21,202000000','DD/MM/RR HH24:MI:SSXFF'),'127.0.0.1','INTEGRA«√O SISTEMA DÕVIDA P⁄BLICA','36329059918');
Insert into FIPLAN_GMA_DES.DHWTB999_AUDITORIA (IDEN_AUDITORIA,CODG_USUARIO_CEPRO_SECURITY,DATA_OPERACAO,ENDR_IP,NOME_USUARIO_RESPONSAVEL,NUMR_CPF_USUARIO_RESPONSAVEL) values ('636','1',to_timestamp('09/11/18 17:12:56,886000000','DD/MM/RR HH24:MI:SSXFF'),'127.0.0.1','INTEGRA«√O SISTEMA DÕVIDA P⁄BLICA','36329059918');
Insert into FIPLAN_GMA_DES.DHWTB999_AUDITORIA (IDEN_AUDITORIA,CODG_USUARIO_CEPRO_SECURITY,DATA_OPERACAO,ENDR_IP,NOME_USUARIO_RESPONSAVEL,NUMR_CPF_USUARIO_RESPONSAVEL) values ('637','4',to_timestamp('09/11/18 17:13:28,047000000','DD/MM/RR HH24:MI:SSXFF'),'127.0.0.1','JONATHAN INACIO LIMA DA SILVA','4267231125');
Insert into FIPLAN_GMA_DES.DHWTB999_AUDITORIA (IDEN_AUDITORIA,CODG_USUARIO_CEPRO_SECURITY,DATA_OPERACAO,ENDR_IP,NOME_USUARIO_RESPONSAVEL,NUMR_CPF_USUARIO_RESPONSAVEL) values ('638','1',to_timestamp('09/11/18 17:16:01,480000000','DD/MM/RR HH24:MI:SSXFF'),'127.0.0.1','INTEGRA«√O SISTEMA DÕVIDA P⁄BLICA','36329059918');
Insert into FIPLAN_GMA_DES.DHWTB999_AUDITORIA (IDEN_AUDITORIA,CODG_USUARIO_CEPRO_SECURITY,DATA_OPERACAO,ENDR_IP,NOME_USUARIO_RESPONSAVEL,NUMR_CPF_USUARIO_RESPONSAVEL) values ('361','6',to_timestamp('31/10/18 16:59:07,653000000','DD/MM/RR HH24:MI:SSXFF'),'192.168.0.229','FELIPE BORGES','42060914809');
Insert into FIPLAN_GMA_DES.DHWTB999_AUDITORIA (IDEN_AUDITORIA,CODG_USUARIO_CEPRO_SECURITY,DATA_OPERACAO,ENDR_IP,NOME_USUARIO_RESPONSAVEL,NUMR_CPF_USUARIO_RESPONSAVEL) values ('362','6',to_timestamp('31/10/18 16:59:27,713000000','DD/MM/RR HH24:MI:SSXFF'),'192.168.0.229','FELIPE BORGES','42060914809');
Insert into FIPLAN_GMA_DES.DHWTB999_AUDITORIA (IDEN_AUDITORIA,CODG_USUARIO_CEPRO_SECURITY,DATA_OPERACAO,ENDR_IP,NOME_USUARIO_RESPONSAVEL,NUMR_CPF_USUARIO_RESPONSAVEL) values ('363','6',to_timestamp('31/10/18 17:03:44,849000000','DD/MM/RR HH24:MI:SSXFF'),'192.168.0.229','FELIPE BORGES','42060914809');
Insert into FIPLAN_GMA_DES.DHWTB999_AUDITORIA (IDEN_AUDITORIA,CODG_USUARIO_CEPRO_SECURITY,DATA_OPERACAO,ENDR_IP,NOME_USUARIO_RESPONSAVEL,NUMR_CPF_USUARIO_RESPONSAVEL) values ('364','6',to_timestamp('31/10/18 17:03:51,037000000','DD/MM/RR HH24:MI:SSXFF'),'192.168.0.229','FELIPE BORGES','42060914809');
Insert into FIPLAN_GMA_DES.DHWTB999_AUDITORIA (IDEN_AUDITORIA,CODG_USUARIO_CEPRO_SECURITY,DATA_OPERACAO,ENDR_IP,NOME_USUARIO_RESPONSAVEL,NUMR_CPF_USUARIO_RESPONSAVEL) values ('365','6',to_timestamp('31/10/18 17:03:55,504000000','DD/MM/RR HH24:MI:SSXFF'),'192.168.0.229','FELIPE BORGES','42060914809');
Insert into FIPLAN_GMA_DES.DHWTB999_AUDITORIA (IDEN_AUDITORIA,CODG_USUARIO_CEPRO_SECURITY,DATA_OPERACAO,ENDR_IP,NOME_USUARIO_RESPONSAVEL,NUMR_CPF_USUARIO_RESPONSAVEL) values ('366','6',to_timestamp('31/10/18 17:04:08,773000000','DD/MM/RR HH24:MI:SSXFF'),'192.168.0.229','FELIPE BORGES','42060914809');
Insert into FIPLAN_GMA_DES.DHWTB999_AUDITORIA (IDEN_AUDITORIA,CODG_USUARIO_CEPRO_SECURITY,DATA_OPERACAO,ENDR_IP,NOME_USUARIO_RESPONSAVEL,NUMR_CPF_USUARIO_RESPONSAVEL) values ('367','6',to_timestamp('31/10/18 17:06:13,059000000','DD/MM/RR HH24:MI:SSXFF'),'192.168.0.229','FELIPE BORGES','42060914809');
Insert into FIPLAN_GMA_DES.DHWTB999_AUDITORIA (IDEN_AUDITORIA,CODG_USUARIO_CEPRO_SECURITY,DATA_OPERACAO,ENDR_IP,NOME_USUARIO_RESPONSAVEL,NUMR_CPF_USUARIO_RESPONSAVEL) values ('368','6',to_timestamp('31/10/18 17:18:22,303000000','DD/MM/RR HH24:MI:SSXFF'),'192.168.0.229','FELIPE BORGES','42060914809');
Insert into FIPLAN_GMA_DES.DHWTB999_AUDITORIA (IDEN_AUDITORIA,CODG_USUARIO_CEPRO_SECURITY,DATA_OPERACAO,ENDR_IP,NOME_USUARIO_RESPONSAVEL,NUMR_CPF_USUARIO_RESPONSAVEL) values ('369','6',to_timestamp('31/10/18 17:18:32,915000000','DD/MM/RR HH24:MI:SSXFF'),'192.168.0.229','FELIPE BORGES','42060914809');
Insert into FIPLAN_GMA_DES.DHWTB999_AUDITORIA (IDEN_AUDITORIA,CODG_USUARIO_CEPRO_SECURITY,DATA_OPERACAO,ENDR_IP,NOME_USUARIO_RESPONSAVEL,NUMR_CPF_USUARIO_RESPONSAVEL) values ('370','6',to_timestamp('31/10/18 17:18:38,146000000','DD/MM/RR HH24:MI:SSXFF'),'192.168.0.229','FELIPE BORGES','42060914809');
Insert into FIPLAN_GMA_DES.DHWTB999_AUDITORIA (IDEN_AUDITORIA,CODG_USUARIO_CEPRO_SECURITY,DATA_OPERACAO,ENDR_IP,NOME_USUARIO_RESPONSAVEL,NUMR_CPF_USUARIO_RESPONSAVEL) values ('371','6',to_timestamp('31/10/18 17:20:58,427000000','DD/MM/RR HH24:MI:SSXFF'),'192.168.0.229','FELIPE BORGES','42060914809');
Insert into FIPLAN_GMA_DES.DHWTB999_AUDITORIA (IDEN_AUDITORIA,CODG_USUARIO_CEPRO_SECURITY,DATA_OPERACAO,ENDR_IP,NOME_USUARIO_RESPONSAVEL,NUMR_CPF_USUARIO_RESPONSAVEL) values ('372','6',to_timestamp('31/10/18 17:21:43,504000000','DD/MM/RR HH24:MI:SSXFF'),'192.168.0.229','FELIPE BORGES','42060914809');
Insert into FIPLAN_GMA_DES.DHWTB999_AUDITORIA (IDEN_AUDITORIA,CODG_USUARIO_CEPRO_SECURITY,DATA_OPERACAO,ENDR_IP,NOME_USUARIO_RESPONSAVEL,NUMR_CPF_USUARIO_RESPONSAVEL) values ('373','6',to_timestamp('31/10/18 17:22:59,850000000','DD/MM/RR HH24:MI:SSXFF'),'192.168.0.229','FELIPE BORGES','42060914809');
Insert into FIPLAN_GMA_DES.DHWTB999_AUDITORIA (IDEN_AUDITORIA,CODG_USUARIO_CEPRO_SECURITY,DATA_OPERACAO,ENDR_IP,NOME_USUARIO_RESPONSAVEL,NUMR_CPF_USUARIO_RESPONSAVEL) values ('374','6',to_timestamp('31/10/18 17:23:05,803000000','DD/MM/RR HH24:MI:SSXFF'),'192.168.0.229','FELIPE BORGES','42060914809');
Insert into FIPLAN_GMA_DES.DHWTB999_AUDITORIA (IDEN_AUDITORIA,CODG_USUARIO_CEPRO_SECURITY,DATA_OPERACAO,ENDR_IP,NOME_USUARIO_RESPONSAVEL,NUMR_CPF_USUARIO_RESPONSAVEL) values ('375','6',to_timestamp('31/10/18 17:24:52,318000000','DD/MM/RR HH24:MI:SSXFF'),'192.168.0.229','FELIPE BORGES','42060914809');
Insert into FIPLAN_GMA_DES.DHWTB999_AUDITORIA (IDEN_AUDITORIA,CODG_USUARIO_CEPRO_SECURITY,DATA_OPERACAO,ENDR_IP,NOME_USUARIO_RESPONSAVEL,NUMR_CPF_USUARIO_RESPONSAVEL) values ('376','6',to_timestamp('31/10/18 17:25:01,543000000','DD/MM/RR HH24:MI:SSXFF'),'192.168.0.229','FELIPE BORGES','42060914809');
Insert into FIPLAN_GMA_DES.DHWTB999_AUDITORIA (IDEN_AUDITORIA,CODG_USUARIO_CEPRO_SECURITY,DATA_OPERACAO,ENDR_IP,NOME_USUARIO_RESPONSAVEL,NUMR_CPF_USUARIO_RESPONSAVEL) values ('377','6',to_timestamp('31/10/18 17:25:07,104000000','DD/MM/RR HH24:MI:SSXFF'),'192.168.0.229','FELIPE BORGES','42060914809');
Insert into FIPLAN_GMA_DES.DHWTB999_AUDITORIA (IDEN_AUDITORIA,CODG_USUARIO_CEPRO_SECURITY,DATA_OPERACAO,ENDR_IP,NOME_USUARIO_RESPONSAVEL,NUMR_CPF_USUARIO_RESPONSAVEL) values ('378','6',to_timestamp('31/10/18 17:25:12,374000000','DD/MM/RR HH24:MI:SSXFF'),'192.168.0.229','FELIPE BORGES','42060914809');
Insert into FIPLAN_GMA_DES.DHWTB999_AUDITORIA (IDEN_AUDITORIA,CODG_USUARIO_CEPRO_SECURITY,DATA_OPERACAO,ENDR_IP,NOME_USUARIO_RESPONSAVEL,NUMR_CPF_USUARIO_RESPONSAVEL) values ('379','6',to_timestamp('31/10/18 17:25:17,490000000','DD/MM/RR HH24:MI:SSXFF'),'192.168.0.229','FELIPE BORGES','42060914809');
Insert into FIPLAN_GMA_DES.DHWTB999_AUDITORIA (IDEN_AUDITORIA,CODG_USUARIO_CEPRO_SECURITY,DATA_OPERACAO,ENDR_IP,NOME_USUARIO_RESPONSAVEL,NUMR_CPF_USUARIO_RESPONSAVEL) values ('380','6',to_timestamp('31/10/18 17:25:22,638000000','DD/MM/RR HH24:MI:SSXFF'),'192.168.0.229','FELIPE BORGES','42060914809');
Insert into FIPLAN_GMA_DES.DHWTB999_AUDITORIA (IDEN_AUDITORIA,CODG_USUARIO_CEPRO_SECURITY,DATA_OPERACAO,ENDR_IP,NOME_USUARIO_RESPONSAVEL,NUMR_CPF_USUARIO_RESPONSAVEL) values ('381','6',to_timestamp('31/10/18 17:25:28,078000000','DD/MM/RR HH24:MI:SSXFF'),'192.168.0.229','FELIPE BORGES','42060914809');
Insert into FIPLAN_GMA_DES.DHWTB999_AUDITORIA (IDEN_AUDITORIA,CODG_USUARIO_CEPRO_SECURITY,DATA_OPERACAO,ENDR_IP,NOME_USUARIO_RESPONSAVEL,NUMR_CPF_USUARIO_RESPONSAVEL) values ('382','6',to_timestamp('31/10/18 17:25:41,410000000','DD/MM/RR HH24:MI:SSXFF'),'192.168.0.229','FELIPE BORGES','42060914809');
Insert into FIPLAN_GMA_DES.DHWTB999_AUDITORIA (IDEN_AUDITORIA,CODG_USUARIO_CEPRO_SECURITY,DATA_OPERACAO,ENDR_IP,NOME_USUARIO_RESPONSAVEL,NUMR_CPF_USUARIO_RESPONSAVEL) values ('383','6',to_timestamp('31/10/18 17:50:44,117000000','DD/MM/RR HH24:MI:SSXFF'),'192.168.0.229','FELIPE BORGES','42060914809');
Insert into FIPLAN_GMA_DES.DHWTB999_AUDITORIA (IDEN_AUDITORIA,CODG_USUARIO_CEPRO_SECURITY,DATA_OPERACAO,ENDR_IP,NOME_USUARIO_RESPONSAVEL,NUMR_CPF_USUARIO_RESPONSAVEL) values ('387','6',to_timestamp('31/10/18 17:55:00,362000000','DD/MM/RR HH24:MI:SSXFF'),'192.168.0.229','FELIPE BORGES','42060914809');
Insert into FIPLAN_GMA_DES.DHWTB999_AUDITORIA (IDEN_AUDITORIA,CODG_USUARIO_CEPRO_SECURITY,DATA_OPERACAO,ENDR_IP,NOME_USUARIO_RESPONSAVEL,NUMR_CPF_USUARIO_RESPONSAVEL) values ('388','6',to_timestamp('31/10/18 17:55:06,917000000','DD/MM/RR HH24:MI:SSXFF'),'192.168.0.229','FELIPE BORGES','42060914809');
Insert into FIPLAN_GMA_DES.DHWTB999_AUDITORIA (IDEN_AUDITORIA,CODG_USUARIO_CEPRO_SECURITY,DATA_OPERACAO,ENDR_IP,NOME_USUARIO_RESPONSAVEL,NUMR_CPF_USUARIO_RESPONSAVEL) values ('389','6',to_timestamp('31/10/18 18:01:32,139000000','DD/MM/RR HH24:MI:SSXFF'),'192.168.0.229','FELIPE BORGES','42060914809');
Insert into FIPLAN_GMA_DES.DHWTB999_AUDITORIA (IDEN_AUDITORIA,CODG_USUARIO_CEPRO_SECURITY,DATA_OPERACAO,ENDR_IP,NOME_USUARIO_RESPONSAVEL,NUMR_CPF_USUARIO_RESPONSAVEL) values ('390','6',to_timestamp('31/10/18 18:06:41,271000000','DD/MM/RR HH24:MI:SSXFF'),'192.168.0.229','FELIPE BORGES','42060914809');
Insert into FIPLAN_GMA_DES.DHWTB999_AUDITORIA (IDEN_AUDITORIA,CODG_USUARIO_CEPRO_SECURITY,DATA_OPERACAO,ENDR_IP,NOME_USUARIO_RESPONSAVEL,NUMR_CPF_USUARIO_RESPONSAVEL) values ('391','6',to_timestamp('31/10/18 18:06:46,683000000','DD/MM/RR HH24:MI:SSXFF'),'192.168.0.229','FELIPE BORGES','42060914809');
Insert into FIPLAN_GMA_DES.DHWTB999_AUDITORIA (IDEN_AUDITORIA,CODG_USUARIO_CEPRO_SECURITY,DATA_OPERACAO,ENDR_IP,NOME_USUARIO_RESPONSAVEL,NUMR_CPF_USUARIO_RESPONSAVEL) values ('392','6',to_timestamp('31/10/18 18:06:52,473000000','DD/MM/RR HH24:MI:SSXFF'),'192.168.0.229','FELIPE BORGES','42060914809');
Insert into FIPLAN_GMA_DES.DHWTB999_AUDITORIA (IDEN_AUDITORIA,CODG_USUARIO_CEPRO_SECURITY,DATA_OPERACAO,ENDR_IP,NOME_USUARIO_RESPONSAVEL,NUMR_CPF_USUARIO_RESPONSAVEL) values ('393','6',to_timestamp('31/10/18 18:06:57,432000000','DD/MM/RR HH24:MI:SSXFF'),'192.168.0.229','FELIPE BORGES','42060914809');
Insert into FIPLAN_GMA_DES.DHWTB999_AUDITORIA (IDEN_AUDITORIA,CODG_USUARIO_CEPRO_SECURITY,DATA_OPERACAO,ENDR_IP,NOME_USUARIO_RESPONSAVEL,NUMR_CPF_USUARIO_RESPONSAVEL) values ('394','6',to_timestamp('31/10/18 18:07:04,184000000','DD/MM/RR HH24:MI:SSXFF'),'192.168.0.229','FELIPE BORGES','42060914809');
Insert into FIPLAN_GMA_DES.DHWTB999_AUDITORIA (IDEN_AUDITORIA,CODG_USUARIO_CEPRO_SECURITY,DATA_OPERACAO,ENDR_IP,NOME_USUARIO_RESPONSAVEL,NUMR_CPF_USUARIO_RESPONSAVEL) values ('395','6',to_timestamp('31/10/18 18:07:12,730000000','DD/MM/RR HH24:MI:SSXFF'),'192.168.0.229','FELIPE BORGES','42060914809');
Insert into FIPLAN_GMA_DES.DHWTB999_AUDITORIA (IDEN_AUDITORIA,CODG_USUARIO_CEPRO_SECURITY,DATA_OPERACAO,ENDR_IP,NOME_USUARIO_RESPONSAVEL,NUMR_CPF_USUARIO_RESPONSAVEL) values ('401','6',to_timestamp('31/10/18 18:09:39,879000000','DD/MM/RR HH24:MI:SSXFF'),'192.168.0.229','FELIPE BORGES','42060914809');
Insert into FIPLAN_GMA_DES.DHWTB999_AUDITORIA (IDEN_AUDITORIA,CODG_USUARIO_CEPRO_SECURITY,DATA_OPERACAO,ENDR_IP,NOME_USUARIO_RESPONSAVEL,NUMR_CPF_USUARIO_RESPONSAVEL) values ('402','6',to_timestamp('31/10/18 18:09:45,974000000','DD/MM/RR HH24:MI:SSXFF'),'192.168.0.229','FELIPE BORGES','42060914809');
Insert into FIPLAN_GMA_DES.DHWTB999_AUDITORIA (IDEN_AUDITORIA,CODG_USUARIO_CEPRO_SECURITY,DATA_OPERACAO,ENDR_IP,NOME_USUARIO_RESPONSAVEL,NUMR_CPF_USUARIO_RESPONSAVEL) values ('403','6',to_timestamp('31/10/18 18:09:51,869000000','DD/MM/RR HH24:MI:SSXFF'),'192.168.0.229','FELIPE BORGES','42060914809');
Insert into FIPLAN_GMA_DES.DHWTB999_AUDITORIA (IDEN_AUDITORIA,CODG_USUARIO_CEPRO_SECURITY,DATA_OPERACAO,ENDR_IP,NOME_USUARIO_RESPONSAVEL,NUMR_CPF_USUARIO_RESPONSAVEL) values ('404','6',to_timestamp('31/10/18 18:09:58,603000000','DD/MM/RR HH24:MI:SSXFF'),'192.168.0.229','FELIPE BORGES','42060914809');
Insert into FIPLAN_GMA_DES.DHWTB999_AUDITORIA (IDEN_AUDITORIA,CODG_USUARIO_CEPRO_SECURITY,DATA_OPERACAO,ENDR_IP,NOME_USUARIO_RESPONSAVEL,NUMR_CPF_USUARIO_RESPONSAVEL) values ('405','6',to_timestamp('31/10/18 18:10:20,653000000','DD/MM/RR HH24:MI:SSXFF'),'192.168.0.229','FELIPE BORGES','42060914809');
Insert into FIPLAN_GMA_DES.DHWTB999_AUDITORIA (IDEN_AUDITORIA,CODG_USUARIO_CEPRO_SECURITY,DATA_OPERACAO,ENDR_IP,NOME_USUARIO_RESPONSAVEL,NUMR_CPF_USUARIO_RESPONSAVEL) values ('406','6',to_timestamp('31/10/18 18:10:34,314000000','DD/MM/RR HH24:MI:SSXFF'),'192.168.0.229','FELIPE BORGES','42060914809');
Insert into FIPLAN_GMA_DES.DHWTB999_AUDITORIA (IDEN_AUDITORIA,CODG_USUARIO_CEPRO_SECURITY,DATA_OPERACAO,ENDR_IP,NOME_USUARIO_RESPONSAVEL,NUMR_CPF_USUARIO_RESPONSAVEL) values ('407','6',to_timestamp('31/10/18 18:10:40,749000000','DD/MM/RR HH24:MI:SSXFF'),'192.168.0.229','FELIPE BORGES','42060914809');
Insert into FIPLAN_GMA_DES.DHWTB999_AUDITORIA (IDEN_AUDITORIA,CODG_USUARIO_CEPRO_SECURITY,DATA_OPERACAO,ENDR_IP,NOME_USUARIO_RESPONSAVEL,NUMR_CPF_USUARIO_RESPONSAVEL) values ('408','6',to_timestamp('31/10/18 18:33:30,427000000','DD/MM/RR HH24:MI:SSXFF'),'192.168.0.229','FELIPE BORGES','42060914809');
Insert into FIPLAN_GMA_DES.DHWTB999_AUDITORIA (IDEN_AUDITORIA,CODG_USUARIO_CEPRO_SECURITY,DATA_OPERACAO,ENDR_IP,NOME_USUARIO_RESPONSAVEL,NUMR_CPF_USUARIO_RESPONSAVEL) values ('409','6',to_timestamp('31/10/18 18:34:20,173000000','DD/MM/RR HH24:MI:SSXFF'),'192.168.0.229','FELIPE BORGES','42060914809');
Insert into FIPLAN_GMA_DES.DHWTB999_AUDITORIA (IDEN_AUDITORIA,CODG_USUARIO_CEPRO_SECURITY,DATA_OPERACAO,ENDR_IP,NOME_USUARIO_RESPONSAVEL,NUMR_CPF_USUARIO_RESPONSAVEL) values ('445','4',to_timestamp('06/11/18 17:09:40,331000000','DD/MM/RR HH24:MI:SSXFF'),'192.168.0.229','JONATHAN INACIO LIMA DA SILVA','4267231125');
Insert into FIPLAN_GMA_DES.DHWTB999_AUDITORIA (IDEN_AUDITORIA,CODG_USUARIO_CEPRO_SECURITY,DATA_OPERACAO,ENDR_IP,NOME_USUARIO_RESPONSAVEL,NUMR_CPF_USUARIO_RESPONSAVEL) values ('446','2',to_timestamp('07/11/18 13:22:12,415000000','DD/MM/RR HH24:MI:SSXFF'),'192.168.0.229','EDUARDO RAHEL MUNIZ FERREIRA','3302175183');
Insert into FIPLAN_GMA_DES.DHWTB999_AUDITORIA (IDEN_AUDITORIA,CODG_USUARIO_CEPRO_SECURITY,DATA_OPERACAO,ENDR_IP,NOME_USUARIO_RESPONSAVEL,NUMR_CPF_USUARIO_RESPONSAVEL) values ('447','2',to_timestamp('07/11/18 13:24:20,699000000','DD/MM/RR HH24:MI:SSXFF'),'192.168.0.229','EDUARDO RAHEL MUNIZ FERREIRA','3302175183');
Insert into FIPLAN_GMA_DES.DHWTB999_AUDITORIA (IDEN_AUDITORIA,CODG_USUARIO_CEPRO_SECURITY,DATA_OPERACAO,ENDR_IP,NOME_USUARIO_RESPONSAVEL,NUMR_CPF_USUARIO_RESPONSAVEL) values ('448','4',to_timestamp('07/11/18 13:28:53,471000000','DD/MM/RR HH24:MI:SSXFF'),'192.168.0.229','JONATHAN INACIO LIMA DA SILVA','4267231125');
Insert into FIPLAN_GMA_DES.DHWTB999_AUDITORIA (IDEN_AUDITORIA,CODG_USUARIO_CEPRO_SECURITY,DATA_OPERACAO,ENDR_IP,NOME_USUARIO_RESPONSAVEL,NUMR_CPF_USUARIO_RESPONSAVEL) values ('449','4',to_timestamp('07/11/18 13:30:11,766000000','DD/MM/RR HH24:MI:SSXFF'),'192.168.0.229','JONATHAN INACIO LIMA DA SILVA','4267231125');
Insert into FIPLAN_GMA_DES.DHWTB999_AUDITORIA (IDEN_AUDITORIA,CODG_USUARIO_CEPRO_SECURITY,DATA_OPERACAO,ENDR_IP,NOME_USUARIO_RESPONSAVEL,NUMR_CPF_USUARIO_RESPONSAVEL) values ('450','4',to_timestamp('07/11/18 13:30:19,513000000','DD/MM/RR HH24:MI:SSXFF'),'192.168.0.229','JONATHAN INACIO LIMA DA SILVA','4267231125');
Insert into FIPLAN_GMA_DES.DHWTB999_AUDITORIA (IDEN_AUDITORIA,CODG_USUARIO_CEPRO_SECURITY,DATA_OPERACAO,ENDR_IP,NOME_USUARIO_RESPONSAVEL,NUMR_CPF_USUARIO_RESPONSAVEL) values ('451','2',to_timestamp('07/11/18 13:31:23,091000000','DD/MM/RR HH24:MI:SSXFF'),'192.168.0.229','EDUARDO RAHEL MUNIZ FERREIRA','3302175183');
Insert into FIPLAN_GMA_DES.DHWTB999_AUDITORIA (IDEN_AUDITORIA,CODG_USUARIO_CEPRO_SECURITY,DATA_OPERACAO,ENDR_IP,NOME_USUARIO_RESPONSAVEL,NUMR_CPF_USUARIO_RESPONSAVEL) values ('620','2',to_timestamp('08/11/18 15:20:06,738000000','DD/MM/RR HH24:MI:SSXFF'),'192.168.0.229','EDUARDO RAHEL MUNIZ FERREIRA','3302175183');
Insert into FIPLAN_GMA_DES.DHWTB999_AUDITORIA (IDEN_AUDITORIA,CODG_USUARIO_CEPRO_SECURITY,DATA_OPERACAO,ENDR_IP,NOME_USUARIO_RESPONSAVEL,NUMR_CPF_USUARIO_RESPONSAVEL) values ('621','2',to_timestamp('08/11/18 15:20:12,831000000','DD/MM/RR HH24:MI:SSXFF'),'192.168.0.229','EDUARDO RAHEL MUNIZ FERREIRA','3302175183');
Insert into FIPLAN_GMA_DES.DHWTB999_AUDITORIA (IDEN_AUDITORIA,CODG_USUARIO_CEPRO_SECURITY,DATA_OPERACAO,ENDR_IP,NOME_USUARIO_RESPONSAVEL,NUMR_CPF_USUARIO_RESPONSAVEL) values ('625','2',to_timestamp('08/11/18 16:01:48,825000000','DD/MM/RR HH24:MI:SSXFF'),'192.168.0.229','EDUARDO RAHEL MUNIZ FERREIRA','3302175183');
Insert into FIPLAN_GMA_DES.DHWTB999_AUDITORIA (IDEN_AUDITORIA,CODG_USUARIO_CEPRO_SECURITY,DATA_OPERACAO,ENDR_IP,NOME_USUARIO_RESPONSAVEL,NUMR_CPF_USUARIO_RESPONSAVEL) values ('626','2',to_timestamp('08/11/18 16:02:03,207000000','DD/MM/RR HH24:MI:SSXFF'),'192.168.0.229','EDUARDO RAHEL MUNIZ FERREIRA','3302175183');
Insert into FIPLAN_GMA_DES.DHWTB999_AUDITORIA (IDEN_AUDITORIA,CODG_USUARIO_CEPRO_SECURITY,DATA_OPERACAO,ENDR_IP,NOME_USUARIO_RESPONSAVEL,NUMR_CPF_USUARIO_RESPONSAVEL) values ('627','2',to_timestamp('08/11/18 16:07:04,347000000','DD/MM/RR HH24:MI:SSXFF'),'192.168.0.229','EDUARDO RAHEL MUNIZ FERREIRA','3302175183');
Insert into FIPLAN_GMA_DES.DHWTB999_AUDITORIA (IDEN_AUDITORIA,CODG_USUARIO_CEPRO_SECURITY,DATA_OPERACAO,ENDR_IP,NOME_USUARIO_RESPONSAVEL,NUMR_CPF_USUARIO_RESPONSAVEL) values ('628','2',to_timestamp('08/11/18 16:07:09,616000000','DD/MM/RR HH24:MI:SSXFF'),'192.168.0.229','EDUARDO RAHEL MUNIZ FERREIRA','3302175183');
Insert into FIPLAN_GMA_DES.DHWTB999_AUDITORIA (IDEN_AUDITORIA,CODG_USUARIO_CEPRO_SECURITY,DATA_OPERACAO,ENDR_IP,NOME_USUARIO_RESPONSAVEL,NUMR_CPF_USUARIO_RESPONSAVEL) values ('629','2',to_timestamp('08/11/18 16:11:41,377000000','DD/MM/RR HH24:MI:SSXFF'),'192.168.0.229','EDUARDO RAHEL MUNIZ FERREIRA','3302175183');
Insert into FIPLAN_GMA_DES.DHWTB999_AUDITORIA (IDEN_AUDITORIA,CODG_USUARIO_CEPRO_SECURITY,DATA_OPERACAO,ENDR_IP,NOME_USUARIO_RESPONSAVEL,NUMR_CPF_USUARIO_RESPONSAVEL) values ('631','2',to_timestamp('08/11/18 16:32:43,778000000','DD/MM/RR HH24:MI:SSXFF'),'192.168.0.229','EDUARDO RAHEL MUNIZ FERREIRA','3302175183');
Insert into FIPLAN_GMA_DES.DHWTB999_AUDITORIA (IDEN_AUDITORIA,CODG_USUARIO_CEPRO_SECURITY,DATA_OPERACAO,ENDR_IP,NOME_USUARIO_RESPONSAVEL,NUMR_CPF_USUARIO_RESPONSAVEL) values ('632','2',to_timestamp('08/11/18 16:33:45,444000000','DD/MM/RR HH24:MI:SSXFF'),'192.168.0.229','EDUARDO RAHEL MUNIZ FERREIRA','3302175183');
Insert into FIPLAN_GMA_DES.DHWTB999_AUDITORIA (IDEN_AUDITORIA,CODG_USUARIO_CEPRO_SECURITY,DATA_OPERACAO,ENDR_IP,NOME_USUARIO_RESPONSAVEL,NUMR_CPF_USUARIO_RESPONSAVEL) values ('633','2',to_timestamp('08/11/18 16:33:53,881000000','DD/MM/RR HH24:MI:SSXFF'),'192.168.0.229','EDUARDO RAHEL MUNIZ FERREIRA','3302175183');
Insert into FIPLAN_GMA_DES.DHWTB999_AUDITORIA (IDEN_AUDITORIA,CODG_USUARIO_CEPRO_SECURITY,DATA_OPERACAO,ENDR_IP,NOME_USUARIO_RESPONSAVEL,NUMR_CPF_USUARIO_RESPONSAVEL) values ('634','2',to_timestamp('08/11/18 16:35:12,975000000','DD/MM/RR HH24:MI:SSXFF'),'192.168.0.229','EDUARDO RAHEL MUNIZ FERREIRA','3302175183');
Insert into FIPLAN_GMA_DES.DHWTB999_AUDITORIA (IDEN_AUDITORIA,CODG_USUARIO_CEPRO_SECURITY,DATA_OPERACAO,ENDR_IP,NOME_USUARIO_RESPONSAVEL,NUMR_CPF_USUARIO_RESPONSAVEL) values ('639','1',to_timestamp('09/11/18 17:17:57,635000000','DD/MM/RR HH24:MI:SSXFF'),'127.0.0.1','INTEGRA«√O SISTEMA DÕVIDA P⁄BLICA','36329059918');
Insert into FIPLAN_GMA_DES.DHWTB999_AUDITORIA (IDEN_AUDITORIA,CODG_USUARIO_CEPRO_SECURITY,DATA_OPERACAO,ENDR_IP,NOME_USUARIO_RESPONSAVEL,NUMR_CPF_USUARIO_RESPONSAVEL) values ('657','4',to_timestamp('12/11/18 16:27:44,333000000','DD/MM/RR HH24:MI:SSXFF'),'127.0.0.1','JONATHAN INACIO LIMA DA SILVA','4267231125');
Insert into FIPLAN_GMA_DES.DHWTB999_AUDITORIA (IDEN_AUDITORIA,CODG_USUARIO_CEPRO_SECURITY,DATA_OPERACAO,ENDR_IP,NOME_USUARIO_RESPONSAVEL,NUMR_CPF_USUARIO_RESPONSAVEL) values ('658','1',to_timestamp('12/11/18 16:31:01,116000000','DD/MM/RR HH24:MI:SSXFF'),'127.0.0.1','INTEGRA«√O SISTEMA DÕVIDA P⁄BLICA','36329059918');
Insert into FIPLAN_GMA_DES.DHWTB999_AUDITORIA (IDEN_AUDITORIA,CODG_USUARIO_CEPRO_SECURITY,DATA_OPERACAO,ENDR_IP,NOME_USUARIO_RESPONSAVEL,NUMR_CPF_USUARIO_RESPONSAVEL) values ('662','1',to_timestamp('12/11/18 16:34:36,285000000','DD/MM/RR HH24:MI:SSXFF'),'127.0.0.1','INTEGRA«√O SISTEMA DÕVIDA P⁄BLICA','36329059918');
Insert into FIPLAN_GMA_DES.DHWTB999_AUDITORIA (IDEN_AUDITORIA,CODG_USUARIO_CEPRO_SECURITY,DATA_OPERACAO,ENDR_IP,NOME_USUARIO_RESPONSAVEL,NUMR_CPF_USUARIO_RESPONSAVEL) values ('663','1',to_timestamp('12/11/18 16:35:03,735000000','DD/MM/RR HH24:MI:SSXFF'),'127.0.0.1','INTEGRA«√O SISTEMA DÕVIDA P⁄BLICA','36329059918');
Insert into FIPLAN_GMA_DES.DHWTB999_AUDITORIA (IDEN_AUDITORIA,CODG_USUARIO_CEPRO_SECURITY,DATA_OPERACAO,ENDR_IP,NOME_USUARIO_RESPONSAVEL,NUMR_CPF_USUARIO_RESPONSAVEL) values ('664','2',to_timestamp('12/11/18 16:42:34,428000000','DD/MM/RR HH24:MI:SSXFF'),'192.168.0.229','EDUARDO RAHEL MUNIZ FERREIRA','3302175183');
Insert into FIPLAN_GMA_DES.DHWTB999_AUDITORIA (IDEN_AUDITORIA,CODG_USUARIO_CEPRO_SECURITY,DATA_OPERACAO,ENDR_IP,NOME_USUARIO_RESPONSAVEL,NUMR_CPF_USUARIO_RESPONSAVEL) values ('665','2',to_timestamp('12/11/18 16:43:50,958000000','DD/MM/RR HH24:MI:SSXFF'),'192.168.0.229','EDUARDO RAHEL MUNIZ FERREIRA','3302175183');
Insert into FIPLAN_GMA_DES.DHWTB999_AUDITORIA (IDEN_AUDITORIA,CODG_USUARIO_CEPRO_SECURITY,DATA_OPERACAO,ENDR_IP,NOME_USUARIO_RESPONSAVEL,NUMR_CPF_USUARIO_RESPONSAVEL) values ('666','2',to_timestamp('12/11/18 16:47:32,422000000','DD/MM/RR HH24:MI:SSXFF'),'192.168.0.229','EDUARDO RAHEL MUNIZ FERREIRA','3302175183');
Insert into FIPLAN_GMA_DES.DHWTB999_AUDITORIA (IDEN_AUDITORIA,CODG_USUARIO_CEPRO_SECURITY,DATA_OPERACAO,ENDR_IP,NOME_USUARIO_RESPONSAVEL,NUMR_CPF_USUARIO_RESPONSAVEL) values ('667','2',to_timestamp('12/11/18 16:47:55,380000000','DD/MM/RR HH24:MI:SSXFF'),'192.168.0.229','EDUARDO RAHEL MUNIZ FERREIRA','3302175183');
Insert into FIPLAN_GMA_DES.DHWTB999_AUDITORIA (IDEN_AUDITORIA,CODG_USUARIO_CEPRO_SECURITY,DATA_OPERACAO,ENDR_IP,NOME_USUARIO_RESPONSAVEL,NUMR_CPF_USUARIO_RESPONSAVEL) values ('668','2',to_timestamp('12/11/18 16:48:41,022000000','DD/MM/RR HH24:MI:SSXFF'),'192.168.0.229','EDUARDO RAHEL MUNIZ FERREIRA','3302175183');
Insert into FIPLAN_GMA_DES.DHWTB999_AUDITORIA (IDEN_AUDITORIA,CODG_USUARIO_CEPRO_SECURITY,DATA_OPERACAO,ENDR_IP,NOME_USUARIO_RESPONSAVEL,NUMR_CPF_USUARIO_RESPONSAVEL) values ('669','2',to_timestamp('12/11/18 16:48:47,962000000','DD/MM/RR HH24:MI:SSXFF'),'192.168.0.229','EDUARDO RAHEL MUNIZ FERREIRA','3302175183');
Insert into FIPLAN_GMA_DES.DHWTB999_AUDITORIA (IDEN_AUDITORIA,CODG_USUARIO_CEPRO_SECURITY,DATA_OPERACAO,ENDR_IP,NOME_USUARIO_RESPONSAVEL,NUMR_CPF_USUARIO_RESPONSAVEL) values ('670','2',to_timestamp('12/11/18 16:53:26,906000000','DD/MM/RR HH24:MI:SSXFF'),'192.168.0.229','EDUARDO RAHEL MUNIZ FERREIRA','3302175183');
Insert into FIPLAN_GMA_DES.DHWTB999_AUDITORIA (IDEN_AUDITORIA,CODG_USUARIO_CEPRO_SECURITY,DATA_OPERACAO,ENDR_IP,NOME_USUARIO_RESPONSAVEL,NUMR_CPF_USUARIO_RESPONSAVEL) values ('671','2',to_timestamp('12/11/18 16:55:14,760000000','DD/MM/RR HH24:MI:SSXFF'),'192.168.0.229','EDUARDO RAHEL MUNIZ FERREIRA','3302175183');
Insert into FIPLAN_GMA_DES.DHWTB999_AUDITORIA (IDEN_AUDITORIA,CODG_USUARIO_CEPRO_SECURITY,DATA_OPERACAO,ENDR_IP,NOME_USUARIO_RESPONSAVEL,NUMR_CPF_USUARIO_RESPONSAVEL) values ('672','2',to_timestamp('12/11/18 16:55:27,000000000','DD/MM/RR HH24:MI:SSXFF'),'192.168.0.229','EDUARDO RAHEL MUNIZ FERREIRA','3302175183');
Insert into FIPLAN_GMA_DES.DHWTB999_AUDITORIA (IDEN_AUDITORIA,CODG_USUARIO_CEPRO_SECURITY,DATA_OPERACAO,ENDR_IP,NOME_USUARIO_RESPONSAVEL,NUMR_CPF_USUARIO_RESPONSAVEL) values ('675','2',to_timestamp('12/11/18 17:00:11,226000000','DD/MM/RR HH24:MI:SSXFF'),'192.168.0.229','EDUARDO RAHEL MUNIZ FERREIRA','3302175183');
Insert into FIPLAN_GMA_DES.DHWTB999_AUDITORIA (IDEN_AUDITORIA,CODG_USUARIO_CEPRO_SECURITY,DATA_OPERACAO,ENDR_IP,NOME_USUARIO_RESPONSAVEL,NUMR_CPF_USUARIO_RESPONSAVEL) values ('676','2',to_timestamp('12/11/18 17:01:27,804000000','DD/MM/RR HH24:MI:SSXFF'),'192.168.0.229','EDUARDO RAHEL MUNIZ FERREIRA','3302175183');
Insert into FIPLAN_GMA_DES.DHWTB999_AUDITORIA (IDEN_AUDITORIA,CODG_USUARIO_CEPRO_SECURITY,DATA_OPERACAO,ENDR_IP,NOME_USUARIO_RESPONSAVEL,NUMR_CPF_USUARIO_RESPONSAVEL) values ('677','2',to_timestamp('12/11/18 17:01:35,348000000','DD/MM/RR HH24:MI:SSXFF'),'192.168.0.229','EDUARDO RAHEL MUNIZ FERREIRA','3302175183');
Insert into FIPLAN_GMA_DES.DHWTB999_AUDITORIA (IDEN_AUDITORIA,CODG_USUARIO_CEPRO_SECURITY,DATA_OPERACAO,ENDR_IP,NOME_USUARIO_RESPONSAVEL,NUMR_CPF_USUARIO_RESPONSAVEL) values ('681','2',to_timestamp('12/11/18 17:04:17,213000000','DD/MM/RR HH24:MI:SSXFF'),'192.168.0.229','EDUARDO RAHEL MUNIZ FERREIRA','3302175183');
Insert into FIPLAN_GMA_DES.DHWTB999_AUDITORIA (IDEN_AUDITORIA,CODG_USUARIO_CEPRO_SECURITY,DATA_OPERACAO,ENDR_IP,NOME_USUARIO_RESPONSAVEL,NUMR_CPF_USUARIO_RESPONSAVEL) values ('683','2',to_timestamp('12/11/18 17:04:41,919000000','DD/MM/RR HH24:MI:SSXFF'),'192.168.0.229','EDUARDO RAHEL MUNIZ FERREIRA','3302175183');
Insert into FIPLAN_GMA_DES.DHWTB999_AUDITORIA (IDEN_AUDITORIA,CODG_USUARIO_CEPRO_SECURITY,DATA_OPERACAO,ENDR_IP,NOME_USUARIO_RESPONSAVEL,NUMR_CPF_USUARIO_RESPONSAVEL) values ('684','2',to_timestamp('12/11/18 17:13:31,694000000','DD/MM/RR HH24:MI:SSXFF'),'192.168.0.229','EDUARDO RAHEL MUNIZ FERREIRA','3302175183');
Insert into FIPLAN_GMA_DES.DHWTB999_AUDITORIA (IDEN_AUDITORIA,CODG_USUARIO_CEPRO_SECURITY,DATA_OPERACAO,ENDR_IP,NOME_USUARIO_RESPONSAVEL,NUMR_CPF_USUARIO_RESPONSAVEL) values ('685','2',to_timestamp('12/11/18 17:15:35,995000000','DD/MM/RR HH24:MI:SSXFF'),'192.168.0.229','EDUARDO RAHEL MUNIZ FERREIRA','3302175183');
Insert into FIPLAN_GMA_DES.DHWTB999_AUDITORIA (IDEN_AUDITORIA,CODG_USUARIO_CEPRO_SECURITY,DATA_OPERACAO,ENDR_IP,NOME_USUARIO_RESPONSAVEL,NUMR_CPF_USUARIO_RESPONSAVEL) values ('686','2',to_timestamp('12/11/18 17:16:19,679000000','DD/MM/RR HH24:MI:SSXFF'),'192.168.0.229','EDUARDO RAHEL MUNIZ FERREIRA','3302175183');
Insert into FIPLAN_GMA_DES.DHWTB999_AUDITORIA (IDEN_AUDITORIA,CODG_USUARIO_CEPRO_SECURITY,DATA_OPERACAO,ENDR_IP,NOME_USUARIO_RESPONSAVEL,NUMR_CPF_USUARIO_RESPONSAVEL) values ('687','2',to_timestamp('12/11/18 17:16:25,793000000','DD/MM/RR HH24:MI:SSXFF'),'192.168.0.229','EDUARDO RAHEL MUNIZ FERREIRA','3302175183');
Insert into FIPLAN_GMA_DES.DHWTB999_AUDITORIA (IDEN_AUDITORIA,CODG_USUARIO_CEPRO_SECURITY,DATA_OPERACAO,ENDR_IP,NOME_USUARIO_RESPONSAVEL,NUMR_CPF_USUARIO_RESPONSAVEL) values ('688','2',to_timestamp('12/11/18 17:23:12,026000000','DD/MM/RR HH24:MI:SSXFF'),'192.168.0.229','EDUARDO RAHEL MUNIZ FERREIRA','3302175183');
Insert into FIPLAN_GMA_DES.DHWTB999_AUDITORIA (IDEN_AUDITORIA,CODG_USUARIO_CEPRO_SECURITY,DATA_OPERACAO,ENDR_IP,NOME_USUARIO_RESPONSAVEL,NUMR_CPF_USUARIO_RESPONSAVEL) values ('689','2',to_timestamp('12/11/18 17:23:21,451000000','DD/MM/RR HH24:MI:SSXFF'),'192.168.0.229','EDUARDO RAHEL MUNIZ FERREIRA','3302175183');
Insert into FIPLAN_GMA_DES.DHWTB999_AUDITORIA (IDEN_AUDITORIA,CODG_USUARIO_CEPRO_SECURITY,DATA_OPERACAO,ENDR_IP,NOME_USUARIO_RESPONSAVEL,NUMR_CPF_USUARIO_RESPONSAVEL) values ('690','2',to_timestamp('12/11/18 17:24:58,190000000','DD/MM/RR HH24:MI:SSXFF'),'192.168.0.229','EDUARDO RAHEL MUNIZ FERREIRA','3302175183');
Insert into FIPLAN_GMA_DES.DHWTB999_AUDITORIA (IDEN_AUDITORIA,CODG_USUARIO_CEPRO_SECURITY,DATA_OPERACAO,ENDR_IP,NOME_USUARIO_RESPONSAVEL,NUMR_CPF_USUARIO_RESPONSAVEL) values ('691','2',to_timestamp('12/11/18 17:25:03,252000000','DD/MM/RR HH24:MI:SSXFF'),'192.168.0.229','EDUARDO RAHEL MUNIZ FERREIRA','3302175183');
Insert into FIPLAN_GMA_DES.DHWTB999_AUDITORIA (IDEN_AUDITORIA,CODG_USUARIO_CEPRO_SECURITY,DATA_OPERACAO,ENDR_IP,NOME_USUARIO_RESPONSAVEL,NUMR_CPF_USUARIO_RESPONSAVEL) values ('744','4',to_timestamp('13/11/18 15:30:24,758000000','DD/MM/RR HH24:MI:SSXFF'),'127.0.0.1','JONATHAN INACIO LIMA DA SILVA','4267231125');
Insert into FIPLAN_GMA_DES.DHWTB999_AUDITORIA (IDEN_AUDITORIA,CODG_USUARIO_CEPRO_SECURITY,DATA_OPERACAO,ENDR_IP,NOME_USUARIO_RESPONSAVEL,NUMR_CPF_USUARIO_RESPONSAVEL) values ('745','4',to_timestamp('13/11/18 15:31:13,704000000','DD/MM/RR HH24:MI:SSXFF'),'127.0.0.1','JONATHAN INACIO LIMA DA SILVA','4267231125');
Insert into FIPLAN_GMA_DES.DHWTB999_AUDITORIA (IDEN_AUDITORIA,CODG_USUARIO_CEPRO_SECURITY,DATA_OPERACAO,ENDR_IP,NOME_USUARIO_RESPONSAVEL,NUMR_CPF_USUARIO_RESPONSAVEL) values ('746','4',to_timestamp('13/11/18 15:31:59,916000000','DD/MM/RR HH24:MI:SSXFF'),'127.0.0.1','JONATHAN INACIO LIMA DA SILVA','4267231125');
Insert into FIPLAN_GMA_DES.DHWTB999_AUDITORIA (IDEN_AUDITORIA,CODG_USUARIO_CEPRO_SECURITY,DATA_OPERACAO,ENDR_IP,NOME_USUARIO_RESPONSAVEL,NUMR_CPF_USUARIO_RESPONSAVEL) values ('747','4',to_timestamp('13/11/18 15:34:45,223000000','DD/MM/RR HH24:MI:SSXFF'),'127.0.0.1','JONATHAN INACIO LIMA DA SILVA','4267231125');
Insert into FIPLAN_GMA_DES.DHWTB999_AUDITORIA (IDEN_AUDITORIA,CODG_USUARIO_CEPRO_SECURITY,DATA_OPERACAO,ENDR_IP,NOME_USUARIO_RESPONSAVEL,NUMR_CPF_USUARIO_RESPONSAVEL) values ('748','1',to_timestamp('13/11/18 15:41:27,714000000','DD/MM/RR HH24:MI:SSXFF'),'127.0.0.1','INTEGRA«√O SISTEMA DÕVIDA P⁄BLICA','36329059918');
Insert into FIPLAN_GMA_DES.DHWTB999_AUDITORIA (IDEN_AUDITORIA,CODG_USUARIO_CEPRO_SECURITY,DATA_OPERACAO,ENDR_IP,NOME_USUARIO_RESPONSAVEL,NUMR_CPF_USUARIO_RESPONSAVEL) values ('749','1',to_timestamp('13/11/18 15:42:01,851000000','DD/MM/RR HH24:MI:SSXFF'),'127.0.0.1','INTEGRA«√O SISTEMA DÕVIDA P⁄BLICA','36329059918');
Insert into FIPLAN_GMA_DES.DHWTB999_AUDITORIA (IDEN_AUDITORIA,CODG_USUARIO_CEPRO_SECURITY,DATA_OPERACAO,ENDR_IP,NOME_USUARIO_RESPONSAVEL,NUMR_CPF_USUARIO_RESPONSAVEL) values ('750','2',to_timestamp('13/11/18 16:32:30,825000000','DD/MM/RR HH24:MI:SSXFF'),'192.168.0.229','EDUARDO RAHEL MUNIZ FERREIRA','3302175183');
Insert into FIPLAN_GMA_DES.DHWTB999_AUDITORIA (IDEN_AUDITORIA,CODG_USUARIO_CEPRO_SECURITY,DATA_OPERACAO,ENDR_IP,NOME_USUARIO_RESPONSAVEL,NUMR_CPF_USUARIO_RESPONSAVEL) values ('751','2',to_timestamp('13/11/18 16:33:43,404000000','DD/MM/RR HH24:MI:SSXFF'),'192.168.0.229','EDUARDO RAHEL MUNIZ FERREIRA','3302175183');
Insert into FIPLAN_GMA_DES.DHWTB999_AUDITORIA (IDEN_AUDITORIA,CODG_USUARIO_CEPRO_SECURITY,DATA_OPERACAO,ENDR_IP,NOME_USUARIO_RESPONSAVEL,NUMR_CPF_USUARIO_RESPONSAVEL) values ('752','2',to_timestamp('13/11/18 16:35:22,184000000','DD/MM/RR HH24:MI:SSXFF'),'192.168.0.229','EDUARDO RAHEL MUNIZ FERREIRA','3302175183');
Insert into FIPLAN_GMA_DES.DHWTB999_AUDITORIA (IDEN_AUDITORIA,CODG_USUARIO_CEPRO_SECURITY,DATA_OPERACAO,ENDR_IP,NOME_USUARIO_RESPONSAVEL,NUMR_CPF_USUARIO_RESPONSAVEL) values ('753','2',to_timestamp('13/11/18 16:36:42,013000000','DD/MM/RR HH24:MI:SSXFF'),'192.168.0.229','EDUARDO RAHEL MUNIZ FERREIRA','3302175183');
Insert into FIPLAN_GMA_DES.DHWTB999_AUDITORIA (IDEN_AUDITORIA,CODG_USUARIO_CEPRO_SECURITY,DATA_OPERACAO,ENDR_IP,NOME_USUARIO_RESPONSAVEL,NUMR_CPF_USUARIO_RESPONSAVEL) values ('754','2',to_timestamp('13/11/18 16:36:51,923000000','DD/MM/RR HH24:MI:SSXFF'),'192.168.0.229','EDUARDO RAHEL MUNIZ FERREIRA','3302175183');
Insert into FIPLAN_GMA_DES.DHWTB999_AUDITORIA (IDEN_AUDITORIA,CODG_USUARIO_CEPRO_SECURITY,DATA_OPERACAO,ENDR_IP,NOME_USUARIO_RESPONSAVEL,NUMR_CPF_USUARIO_RESPONSAVEL) values ('755','2',to_timestamp('13/11/18 16:39:25,055000000','DD/MM/RR HH24:MI:SSXFF'),'192.168.0.229','EDUARDO RAHEL MUNIZ FERREIRA','3302175183');
Insert into FIPLAN_GMA_DES.DHWTB999_AUDITORIA (IDEN_AUDITORIA,CODG_USUARIO_CEPRO_SECURITY,DATA_OPERACAO,ENDR_IP,NOME_USUARIO_RESPONSAVEL,NUMR_CPF_USUARIO_RESPONSAVEL) values ('756','2',to_timestamp('13/11/18 16:39:30,603000000','DD/MM/RR HH24:MI:SSXFF'),'192.168.0.229','EDUARDO RAHEL MUNIZ FERREIRA','3302175183');
Insert into FIPLAN_GMA_DES.DHWTB999_AUDITORIA (IDEN_AUDITORIA,CODG_USUARIO_CEPRO_SECURITY,DATA_OPERACAO,ENDR_IP,NOME_USUARIO_RESPONSAVEL,NUMR_CPF_USUARIO_RESPONSAVEL) values ('774','1',to_timestamp('14/11/18 11:09:24,855000000','DD/MM/RR HH24:MI:SSXFF'),'127.0.0.1','INTEGRA«√O SISTEMA DÕVIDA P⁄BLICA','36329059918');
Insert into FIPLAN_GMA_DES.DHWTB999_AUDITORIA (IDEN_AUDITORIA,CODG_USUARIO_CEPRO_SECURITY,DATA_OPERACAO,ENDR_IP,NOME_USUARIO_RESPONSAVEL,NUMR_CPF_USUARIO_RESPONSAVEL) values ('1','1',to_timestamp('03/10/18 10:15:09,473000000','DD/MM/RR HH24:MI:SSXFF'),'127.0.0.1','INTEGRA«√O SISTEMA DÕVIDA P⁄BLICA','36329059918');
Insert into FIPLAN_GMA_DES.DHWTB999_AUDITORIA (IDEN_AUDITORIA,CODG_USUARIO_CEPRO_SECURITY,DATA_OPERACAO,ENDR_IP,NOME_USUARIO_RESPONSAVEL,NUMR_CPF_USUARIO_RESPONSAVEL) values ('29','1',to_timestamp('04/10/18 15:30:37,199000000','DD/MM/RR HH24:MI:SSXFF'),'127.0.0.1','INTEGRA«√O SISTEMA DÕVIDA P⁄BLICA','36329059918');
Insert into FIPLAN_GMA_DES.DHWTB999_AUDITORIA (IDEN_AUDITORIA,CODG_USUARIO_CEPRO_SECURITY,DATA_OPERACAO,ENDR_IP,NOME_USUARIO_RESPONSAVEL,NUMR_CPF_USUARIO_RESPONSAVEL) values ('30','1',to_timestamp('04/10/18 15:31:50,766000000','DD/MM/RR HH24:MI:SSXFF'),'127.0.0.1','INTEGRA«√O SISTEMA DÕVIDA P⁄BLICA','36329059918');
Insert into FIPLAN_GMA_DES.DHWTB999_AUDITORIA (IDEN_AUDITORIA,CODG_USUARIO_CEPRO_SECURITY,DATA_OPERACAO,ENDR_IP,NOME_USUARIO_RESPONSAVEL,NUMR_CPF_USUARIO_RESPONSAVEL) values ('31','1',to_timestamp('04/10/18 15:32:34,805000000','DD/MM/RR HH24:MI:SSXFF'),'127.0.0.1','INTEGRA«√O SISTEMA DÕVIDA P⁄BLICA','36329059918');
Insert into FIPLAN_GMA_DES.DHWTB999_AUDITORIA (IDEN_AUDITORIA,CODG_USUARIO_CEPRO_SECURITY,DATA_OPERACAO,ENDR_IP,NOME_USUARIO_RESPONSAVEL,NUMR_CPF_USUARIO_RESPONSAVEL) values ('421','4',to_timestamp('06/11/18 16:37:05,873000000','DD/MM/RR HH24:MI:SSXFF'),'192.168.0.229','JONATHAN INACIO LIMA DA SILVA','4267231125');
Insert into FIPLAN_GMA_DES.DHWTB999_AUDITORIA (IDEN_AUDITORIA,CODG_USUARIO_CEPRO_SECURITY,DATA_OPERACAO,ENDR_IP,NOME_USUARIO_RESPONSAVEL,NUMR_CPF_USUARIO_RESPONSAVEL) values ('422','4',to_timestamp('06/11/18 16:37:41,504000000','DD/MM/RR HH24:MI:SSXFF'),'192.168.0.229','JONATHAN INACIO LIMA DA SILVA','4267231125');
Insert into FIPLAN_GMA_DES.DHWTB999_AUDITORIA (IDEN_AUDITORIA,CODG_USUARIO_CEPRO_SECURITY,DATA_OPERACAO,ENDR_IP,NOME_USUARIO_RESPONSAVEL,NUMR_CPF_USUARIO_RESPONSAVEL) values ('423','4',to_timestamp('06/11/18 16:37:50,775000000','DD/MM/RR HH24:MI:SSXFF'),'192.168.0.229','JONATHAN INACIO LIMA DA SILVA','4267231125');
Insert into FIPLAN_GMA_DES.DHWTB999_AUDITORIA (IDEN_AUDITORIA,CODG_USUARIO_CEPRO_SECURITY,DATA_OPERACAO,ENDR_IP,NOME_USUARIO_RESPONSAVEL,NUMR_CPF_USUARIO_RESPONSAVEL) values ('424','4',to_timestamp('06/11/18 16:37:55,297000000','DD/MM/RR HH24:MI:SSXFF'),'192.168.0.229','JONATHAN INACIO LIMA DA SILVA','4267231125');
Insert into FIPLAN_GMA_DES.DHWTB999_AUDITORIA (IDEN_AUDITORIA,CODG_USUARIO_CEPRO_SECURITY,DATA_OPERACAO,ENDR_IP,NOME_USUARIO_RESPONSAVEL,NUMR_CPF_USUARIO_RESPONSAVEL) values ('426','4',to_timestamp('06/11/18 16:43:06,526000000','DD/MM/RR HH24:MI:SSXFF'),'192.168.0.229','JONATHAN INACIO LIMA DA SILVA','4267231125');
Insert into FIPLAN_GMA_DES.DHWTB999_AUDITORIA (IDEN_AUDITORIA,CODG_USUARIO_CEPRO_SECURITY,DATA_OPERACAO,ENDR_IP,NOME_USUARIO_RESPONSAVEL,NUMR_CPF_USUARIO_RESPONSAVEL) values ('427','4',to_timestamp('06/11/18 16:43:11,347000000','DD/MM/RR HH24:MI:SSXFF'),'192.168.0.229','JONATHAN INACIO LIMA DA SILVA','4267231125');
Insert into FIPLAN_GMA_DES.DHWTB999_AUDITORIA (IDEN_AUDITORIA,CODG_USUARIO_CEPRO_SECURITY,DATA_OPERACAO,ENDR_IP,NOME_USUARIO_RESPONSAVEL,NUMR_CPF_USUARIO_RESPONSAVEL) values ('428','4',to_timestamp('06/11/18 16:43:15,716000000','DD/MM/RR HH24:MI:SSXFF'),'192.168.0.229','JONATHAN INACIO LIMA DA SILVA','4267231125');
Insert into FIPLAN_GMA_DES.DHWTB999_AUDITORIA (IDEN_AUDITORIA,CODG_USUARIO_CEPRO_SECURITY,DATA_OPERACAO,ENDR_IP,NOME_USUARIO_RESPONSAVEL,NUMR_CPF_USUARIO_RESPONSAVEL) values ('429','4',to_timestamp('06/11/18 16:43:22,367000000','DD/MM/RR HH24:MI:SSXFF'),'192.168.0.229','JONATHAN INACIO LIMA DA SILVA','4267231125');
Insert into FIPLAN_GMA_DES.DHWTB999_AUDITORIA (IDEN_AUDITORIA,CODG_USUARIO_CEPRO_SECURITY,DATA_OPERACAO,ENDR_IP,NOME_USUARIO_RESPONSAVEL,NUMR_CPF_USUARIO_RESPONSAVEL) values ('430','4',to_timestamp('06/11/18 16:43:26,491000000','DD/MM/RR HH24:MI:SSXFF'),'192.168.0.229','JONATHAN INACIO LIMA DA SILVA','4267231125');
Insert into FIPLAN_GMA_DES.DHWTB999_AUDITORIA (IDEN_AUDITORIA,CODG_USUARIO_CEPRO_SECURITY,DATA_OPERACAO,ENDR_IP,NOME_USUARIO_RESPONSAVEL,NUMR_CPF_USUARIO_RESPONSAVEL) values ('431','4',to_timestamp('06/11/18 16:43:31,023000000','DD/MM/RR HH24:MI:SSXFF'),'192.168.0.229','JONATHAN INACIO LIMA DA SILVA','4267231125');
Insert into FIPLAN_GMA_DES.DHWTB999_AUDITORIA (IDEN_AUDITORIA,CODG_USUARIO_CEPRO_SECURITY,DATA_OPERACAO,ENDR_IP,NOME_USUARIO_RESPONSAVEL,NUMR_CPF_USUARIO_RESPONSAVEL) values ('432','4',to_timestamp('06/11/18 16:43:35,662000000','DD/MM/RR HH24:MI:SSXFF'),'192.168.0.229','JONATHAN INACIO LIMA DA SILVA','4267231125');
Insert into FIPLAN_GMA_DES.DHWTB999_AUDITORIA (IDEN_AUDITORIA,CODG_USUARIO_CEPRO_SECURITY,DATA_OPERACAO,ENDR_IP,NOME_USUARIO_RESPONSAVEL,NUMR_CPF_USUARIO_RESPONSAVEL) values ('433','4',to_timestamp('06/11/18 16:43:40,109000000','DD/MM/RR HH24:MI:SSXFF'),'192.168.0.229','JONATHAN INACIO LIMA DA SILVA','4267231125');
Insert into FIPLAN_GMA_DES.DHWTB999_AUDITORIA (IDEN_AUDITORIA,CODG_USUARIO_CEPRO_SECURITY,DATA_OPERACAO,ENDR_IP,NOME_USUARIO_RESPONSAVEL,NUMR_CPF_USUARIO_RESPONSAVEL) values ('434','4',to_timestamp('06/11/18 16:43:44,992000000','DD/MM/RR HH24:MI:SSXFF'),'192.168.0.229','JONATHAN INACIO LIMA DA SILVA','4267231125');
Insert into FIPLAN_GMA_DES.DHWTB999_AUDITORIA (IDEN_AUDITORIA,CODG_USUARIO_CEPRO_SECURITY,DATA_OPERACAO,ENDR_IP,NOME_USUARIO_RESPONSAVEL,NUMR_CPF_USUARIO_RESPONSAVEL) values ('435','4',to_timestamp('06/11/18 16:43:49,376000000','DD/MM/RR HH24:MI:SSXFF'),'192.168.0.229','JONATHAN INACIO LIMA DA SILVA','4267231125');
Insert into FIPLAN_GMA_DES.DHWTB999_AUDITORIA (IDEN_AUDITORIA,CODG_USUARIO_CEPRO_SECURITY,DATA_OPERACAO,ENDR_IP,NOME_USUARIO_RESPONSAVEL,NUMR_CPF_USUARIO_RESPONSAVEL) values ('452','4',to_timestamp('07/11/18 13:32:27,717000000','DD/MM/RR HH24:MI:SSXFF'),'192.168.0.229','JONATHAN INACIO LIMA DA SILVA','4267231125');
Insert into FIPLAN_GMA_DES.DHWTB999_AUDITORIA (IDEN_AUDITORIA,CODG_USUARIO_CEPRO_SECURITY,DATA_OPERACAO,ENDR_IP,NOME_USUARIO_RESPONSAVEL,NUMR_CPF_USUARIO_RESPONSAVEL) values ('453','2',to_timestamp('07/11/18 13:36:31,908000000','DD/MM/RR HH24:MI:SSXFF'),'192.168.0.229','EDUARDO RAHEL MUNIZ FERREIRA','3302175183');
Insert into FIPLAN_GMA_DES.DHWTB999_AUDITORIA (IDEN_AUDITORIA,CODG_USUARIO_CEPRO_SECURITY,DATA_OPERACAO,ENDR_IP,NOME_USUARIO_RESPONSAVEL,NUMR_CPF_USUARIO_RESPONSAVEL) values ('454','2',to_timestamp('07/11/18 13:37:23,667000000','DD/MM/RR HH24:MI:SSXFF'),'192.168.0.229','EDUARDO RAHEL MUNIZ FERREIRA','3302175183');
Insert into FIPLAN_GMA_DES.DHWTB999_AUDITORIA (IDEN_AUDITORIA,CODG_USUARIO_CEPRO_SECURITY,DATA_OPERACAO,ENDR_IP,NOME_USUARIO_RESPONSAVEL,NUMR_CPF_USUARIO_RESPONSAVEL) values ('654','1',to_timestamp('12/11/18 13:42:40,627000000','DD/MM/RR HH24:MI:SSXFF'),'127.0.0.1','INTEGRA«√O SISTEMA DÕVIDA P⁄BLICA','36329059918');
Insert into FIPLAN_GMA_DES.DHWTB999_AUDITORIA (IDEN_AUDITORIA,CODG_USUARIO_CEPRO_SECURITY,DATA_OPERACAO,ENDR_IP,NOME_USUARIO_RESPONSAVEL,NUMR_CPF_USUARIO_RESPONSAVEL) values ('655','4',to_timestamp('12/11/18 13:43:07,625000000','DD/MM/RR HH24:MI:SSXFF'),'127.0.0.1','JONATHAN INACIO LIMA DA SILVA','4267231125');
Insert into FIPLAN_GMA_DES.DHWTB999_AUDITORIA (IDEN_AUDITORIA,CODG_USUARIO_CEPRO_SECURITY,DATA_OPERACAO,ENDR_IP,NOME_USUARIO_RESPONSAVEL,NUMR_CPF_USUARIO_RESPONSAVEL) values ('656','1',to_timestamp('12/11/18 13:46:34,662000000','DD/MM/RR HH24:MI:SSXFF'),'127.0.0.1','INTEGRA«√O SISTEMA DÕVIDA P⁄BLICA','36329059918');
Insert into FIPLAN_GMA_DES.DHWTB999_AUDITORIA (IDEN_AUDITORIA,CODG_USUARIO_CEPRO_SECURITY,DATA_OPERACAO,ENDR_IP,NOME_USUARIO_RESPONSAVEL,NUMR_CPF_USUARIO_RESPONSAVEL) values ('659','1',to_timestamp('12/11/18 16:32:19,463000000','DD/MM/RR HH24:MI:SSXFF'),'127.0.0.1','INTEGRA«√O SISTEMA DÕVIDA P⁄BLICA','36329059918');
Insert into FIPLAN_GMA_DES.DHWTB999_AUDITORIA (IDEN_AUDITORIA,CODG_USUARIO_CEPRO_SECURITY,DATA_OPERACAO,ENDR_IP,NOME_USUARIO_RESPONSAVEL,NUMR_CPF_USUARIO_RESPONSAVEL) values ('660','1',to_timestamp('12/11/18 16:33:22,889000000','DD/MM/RR HH24:MI:SSXFF'),'127.0.0.1','INTEGRA«√O SISTEMA DÕVIDA P⁄BLICA','36329059918');
Insert into FIPLAN_GMA_DES.DHWTB999_AUDITORIA (IDEN_AUDITORIA,CODG_USUARIO_CEPRO_SECURITY,DATA_OPERACAO,ENDR_IP,NOME_USUARIO_RESPONSAVEL,NUMR_CPF_USUARIO_RESPONSAVEL) values ('661','1',to_timestamp('12/11/18 16:34:01,427000000','DD/MM/RR HH24:MI:SSXFF'),'127.0.0.1','INTEGRA«√O SISTEMA DÕVIDA P⁄BLICA','36329059918');
Insert into FIPLAN_GMA_DES.DHWTB999_AUDITORIA (IDEN_AUDITORIA,CODG_USUARIO_CEPRO_SECURITY,DATA_OPERACAO,ENDR_IP,NOME_USUARIO_RESPONSAVEL,NUMR_CPF_USUARIO_RESPONSAVEL) values ('673','4',to_timestamp('12/11/18 16:58:12,885000000','DD/MM/RR HH24:MI:SSXFF'),'127.0.0.1','JONATHAN INACIO LIMA DA SILVA','4267231125');
Insert into FIPLAN_GMA_DES.DHWTB999_AUDITORIA (IDEN_AUDITORIA,CODG_USUARIO_CEPRO_SECURITY,DATA_OPERACAO,ENDR_IP,NOME_USUARIO_RESPONSAVEL,NUMR_CPF_USUARIO_RESPONSAVEL) values ('674','1',to_timestamp('12/11/18 16:59:20,471000000','DD/MM/RR HH24:MI:SSXFF'),'127.0.0.1','INTEGRA«√O SISTEMA DÕVIDA P⁄BLICA','36329059918');
Insert into FIPLAN_GMA_DES.DHWTB999_AUDITORIA (IDEN_AUDITORIA,CODG_USUARIO_CEPRO_SECURITY,DATA_OPERACAO,ENDR_IP,NOME_USUARIO_RESPONSAVEL,NUMR_CPF_USUARIO_RESPONSAVEL) values ('678','1',to_timestamp('12/11/18 17:02:30,374000000','DD/MM/RR HH24:MI:SSXFF'),'127.0.0.1','INTEGRA«√O SISTEMA DÕVIDA P⁄BLICA','36329059918');
Insert into FIPLAN_GMA_DES.DHWTB999_AUDITORIA (IDEN_AUDITORIA,CODG_USUARIO_CEPRO_SECURITY,DATA_OPERACAO,ENDR_IP,NOME_USUARIO_RESPONSAVEL,NUMR_CPF_USUARIO_RESPONSAVEL) values ('679','1',to_timestamp('12/11/18 17:03:01,310000000','DD/MM/RR HH24:MI:SSXFF'),'127.0.0.1','INTEGRA«√O SISTEMA DÕVIDA P⁄BLICA','36329059918');
Insert into FIPLAN_GMA_DES.DHWTB999_AUDITORIA (IDEN_AUDITORIA,CODG_USUARIO_CEPRO_SECURITY,DATA_OPERACAO,ENDR_IP,NOME_USUARIO_RESPONSAVEL,NUMR_CPF_USUARIO_RESPONSAVEL) values ('680','4',to_timestamp('12/11/18 17:03:51,526000000','DD/MM/RR HH24:MI:SSXFF'),'127.0.0.1','JONATHAN INACIO LIMA DA SILVA','4267231125');
Insert into FIPLAN_GMA_DES.DHWTB999_AUDITORIA (IDEN_AUDITORIA,CODG_USUARIO_CEPRO_SECURITY,DATA_OPERACAO,ENDR_IP,NOME_USUARIO_RESPONSAVEL,NUMR_CPF_USUARIO_RESPONSAVEL) values ('280','1',to_timestamp('25/10/18 13:20:36,979000000','DD/MM/RR HH24:MI:SSXFF'),'127.0.0.1','INTEGRA«√O SISTEMA DÕVIDA P⁄BLICA','36329059918');
Insert into FIPLAN_GMA_DES.DHWTB999_AUDITORIA (IDEN_AUDITORIA,CODG_USUARIO_CEPRO_SECURITY,DATA_OPERACAO,ENDR_IP,NOME_USUARIO_RESPONSAVEL,NUMR_CPF_USUARIO_RESPONSAVEL) values ('321','1',to_timestamp('26/10/18 10:19:25,309000000','DD/MM/RR HH24:MI:SSXFF'),'127.0.0.1','USUARIO MASTER','36329059918');
Insert into FIPLAN_GMA_DES.DHWTB999_AUDITORIA (IDEN_AUDITORIA,CODG_USUARIO_CEPRO_SECURITY,DATA_OPERACAO,ENDR_IP,NOME_USUARIO_RESPONSAVEL,NUMR_CPF_USUARIO_RESPONSAVEL) values ('322','1',to_timestamp('26/10/18 10:20:00,244000000','DD/MM/RR HH24:MI:SSXFF'),'127.0.0.1','USUARIO MASTER','36329059918');
Insert into FIPLAN_GMA_DES.DHWTB999_AUDITORIA (IDEN_AUDITORIA,CODG_USUARIO_CEPRO_SECURITY,DATA_OPERACAO,ENDR_IP,NOME_USUARIO_RESPONSAVEL,NUMR_CPF_USUARIO_RESPONSAVEL) values ('323','1',to_timestamp('26/10/18 10:20:04,362000000','DD/MM/RR HH24:MI:SSXFF'),'127.0.0.1','USUARIO MASTER','36329059918');
Insert into FIPLAN_GMA_DES.DHWTB999_AUDITORIA (IDEN_AUDITORIA,CODG_USUARIO_CEPRO_SECURITY,DATA_OPERACAO,ENDR_IP,NOME_USUARIO_RESPONSAVEL,NUMR_CPF_USUARIO_RESPONSAVEL) values ('324','1',to_timestamp('26/10/18 10:20:45,818000000','DD/MM/RR HH24:MI:SSXFF'),'127.0.0.1','USUARIO MASTER','36329059918');
Insert into FIPLAN_GMA_DES.DHWTB999_AUDITORIA (IDEN_AUDITORIA,CODG_USUARIO_CEPRO_SECURITY,DATA_OPERACAO,ENDR_IP,NOME_USUARIO_RESPONSAVEL,NUMR_CPF_USUARIO_RESPONSAVEL) values ('325','1',to_timestamp('26/10/18 10:21:09,082000000','DD/MM/RR HH24:MI:SSXFF'),'127.0.0.1','USUARIO MASTER','36329059918');
Insert into FIPLAN_GMA_DES.DHWTB999_AUDITORIA (IDEN_AUDITORIA,CODG_USUARIO_CEPRO_SECURITY,DATA_OPERACAO,ENDR_IP,NOME_USUARIO_RESPONSAVEL,NUMR_CPF_USUARIO_RESPONSAVEL) values ('326','1',to_timestamp('26/10/18 10:21:48,320000000','DD/MM/RR HH24:MI:SSXFF'),'127.0.0.1','USUARIO MASTER','36329059918');
Insert into FIPLAN_GMA_DES.DHWTB999_AUDITORIA (IDEN_AUDITORIA,CODG_USUARIO_CEPRO_SECURITY,DATA_OPERACAO,ENDR_IP,NOME_USUARIO_RESPONSAVEL,NUMR_CPF_USUARIO_RESPONSAVEL) values ('327','1',to_timestamp('26/10/18 10:26:21,627000000','DD/MM/RR HH24:MI:SSXFF'),'127.0.0.1','USUARIO MASTER','36329059918');
Insert into FIPLAN_GMA_DES.DHWTB999_AUDITORIA (IDEN_AUDITORIA,CODG_USUARIO_CEPRO_SECURITY,DATA_OPERACAO,ENDR_IP,NOME_USUARIO_RESPONSAVEL,NUMR_CPF_USUARIO_RESPONSAVEL) values ('328','1',to_timestamp('26/10/18 10:27:26,369000000','DD/MM/RR HH24:MI:SSXFF'),'127.0.0.1','USUARIO MASTER','36329059918');
Insert into FIPLAN_GMA_DES.DHWTB999_AUDITORIA (IDEN_AUDITORIA,CODG_USUARIO_CEPRO_SECURITY,DATA_OPERACAO,ENDR_IP,NOME_USUARIO_RESPONSAVEL,NUMR_CPF_USUARIO_RESPONSAVEL) values ('329','1',to_timestamp('26/10/18 10:28:16,263000000','DD/MM/RR HH24:MI:SSXFF'),'127.0.0.1','USUARIO MASTER','36329059918');
Insert into FIPLAN_GMA_DES.DHWTB999_AUDITORIA (IDEN_AUDITORIA,CODG_USUARIO_CEPRO_SECURITY,DATA_OPERACAO,ENDR_IP,NOME_USUARIO_RESPONSAVEL,NUMR_CPF_USUARIO_RESPONSAVEL) values ('330','1',to_timestamp('26/10/18 10:28:43,598000000','DD/MM/RR HH24:MI:SSXFF'),'127.0.0.1','USUARIO MASTER','36329059918');
Insert into FIPLAN_GMA_DES.DHWTB999_AUDITORIA (IDEN_AUDITORIA,CODG_USUARIO_CEPRO_SECURITY,DATA_OPERACAO,ENDR_IP,NOME_USUARIO_RESPONSAVEL,NUMR_CPF_USUARIO_RESPONSAVEL) values ('333','6',to_timestamp('26/10/18 10:35:28,915000000','DD/MM/RR HH24:MI:SSXFF'),'127.0.0.1','JONATHAN INACIO LIMA DA SILVA','4267231125');
Insert into FIPLAN_GMA_DES.DHWTB999_AUDITORIA (IDEN_AUDITORIA,CODG_USUARIO_CEPRO_SECURITY,DATA_OPERACAO,ENDR_IP,NOME_USUARIO_RESPONSAVEL,NUMR_CPF_USUARIO_RESPONSAVEL) values ('334','1',to_timestamp('26/10/18 10:36:34,865000000','DD/MM/RR HH24:MI:SSXFF'),'127.0.0.1','USUARIO MASTER','36329059918');
Insert into FIPLAN_GMA_DES.DHWTB999_AUDITORIA (IDEN_AUDITORIA,CODG_USUARIO_CEPRO_SECURITY,DATA_OPERACAO,ENDR_IP,NOME_USUARIO_RESPONSAVEL,NUMR_CPF_USUARIO_RESPONSAVEL) values ('335','6',to_timestamp('26/10/18 10:36:44,532000000','DD/MM/RR HH24:MI:SSXFF'),'127.0.0.1','JONATHAN INACIO LIMA DA SILVA','4267231125');
Insert into FIPLAN_GMA_DES.DHWTB999_AUDITORIA (IDEN_AUDITORIA,CODG_USUARIO_CEPRO_SECURITY,DATA_OPERACAO,ENDR_IP,NOME_USUARIO_RESPONSAVEL,NUMR_CPF_USUARIO_RESPONSAVEL) values ('336','6',to_timestamp('26/10/18 10:37:03,097000000','DD/MM/RR HH24:MI:SSXFF'),'127.0.0.1','JONATHAN INACIO LIMA DA SILVA','4267231125');
Insert into FIPLAN_GMA_DES.DHWTB999_AUDITORIA (IDEN_AUDITORIA,CODG_USUARIO_CEPRO_SECURITY,DATA_OPERACAO,ENDR_IP,NOME_USUARIO_RESPONSAVEL,NUMR_CPF_USUARIO_RESPONSAVEL) values ('682','4',to_timestamp('12/11/18 17:04:25,956000000','DD/MM/RR HH24:MI:SSXFF'),'127.0.0.1','JONATHAN INACIO LIMA DA SILVA','4267231125');
Insert into FIPLAN_GMA_DES.DHWTB999_AUDITORIA (IDEN_AUDITORIA,CODG_USUARIO_CEPRO_SECURITY,DATA_OPERACAO,ENDR_IP,NOME_USUARIO_RESPONSAVEL,NUMR_CPF_USUARIO_RESPONSAVEL) values ('714','4',to_timestamp('13/11/18 13:49:17,468000000','DD/MM/RR HH24:MI:SSXFF'),'127.0.0.1','JONATHAN INACIO LIMA DA SILVA','4267231125');
Insert into FIPLAN_GMA_DES.DHWTB999_AUDITORIA (IDEN_AUDITORIA,CODG_USUARIO_CEPRO_SECURITY,DATA_OPERACAO,ENDR_IP,NOME_USUARIO_RESPONSAVEL,NUMR_CPF_USUARIO_RESPONSAVEL) values ('715','1',to_timestamp('13/11/18 14:09:03,005000000','DD/MM/RR HH24:MI:SSXFF'),'127.0.0.1','INTEGRA«√O SISTEMA DÕVIDA P⁄BLICA','36329059918');
Insert into FIPLAN_GMA_DES.DHWTB999_AUDITORIA (IDEN_AUDITORIA,CODG_USUARIO_CEPRO_SECURITY,DATA_OPERACAO,ENDR_IP,NOME_USUARIO_RESPONSAVEL,NUMR_CPF_USUARIO_RESPONSAVEL) values ('716','1',to_timestamp('13/11/18 14:10:07,688000000','DD/MM/RR HH24:MI:SSXFF'),'127.0.0.1','INTEGRA«√O SISTEMA DÕVIDA P⁄BLICA','36329059918');
Insert into FIPLAN_GMA_DES.DHWTB999_AUDITORIA (IDEN_AUDITORIA,CODG_USUARIO_CEPRO_SECURITY,DATA_OPERACAO,ENDR_IP,NOME_USUARIO_RESPONSAVEL,NUMR_CPF_USUARIO_RESPONSAVEL) values ('717','1',to_timestamp('13/11/18 14:10:47,184000000','DD/MM/RR HH24:MI:SSXFF'),'127.0.0.1','INTEGRA«√O SISTEMA DÕVIDA P⁄BLICA','36329059918');
Insert into FIPLAN_GMA_DES.DHWTB999_AUDITORIA (IDEN_AUDITORIA,CODG_USUARIO_CEPRO_SECURITY,DATA_OPERACAO,ENDR_IP,NOME_USUARIO_RESPONSAVEL,NUMR_CPF_USUARIO_RESPONSAVEL) values ('718','1',to_timestamp('13/11/18 14:11:20,540000000','DD/MM/RR HH24:MI:SSXFF'),'127.0.0.1','INTEGRA«√O SISTEMA DÕVIDA P⁄BLICA','36329059918');
Insert into FIPLAN_GMA_DES.DHWTB999_AUDITORIA (IDEN_AUDITORIA,CODG_USUARIO_CEPRO_SECURITY,DATA_OPERACAO,ENDR_IP,NOME_USUARIO_RESPONSAVEL,NUMR_CPF_USUARIO_RESPONSAVEL) values ('719','1',to_timestamp('13/11/18 14:11:55,432000000','DD/MM/RR HH24:MI:SSXFF'),'127.0.0.1','INTEGRA«√O SISTEMA DÕVIDA P⁄BLICA','36329059918');
Insert into FIPLAN_GMA_DES.DHWTB999_AUDITORIA (IDEN_AUDITORIA,CODG_USUARIO_CEPRO_SECURITY,DATA_OPERACAO,ENDR_IP,NOME_USUARIO_RESPONSAVEL,NUMR_CPF_USUARIO_RESPONSAVEL) values ('720','1',to_timestamp('13/11/18 14:12:13,959000000','DD/MM/RR HH24:MI:SSXFF'),'127.0.0.1','INTEGRA«√O SISTEMA DÕVIDA P⁄BLICA','36329059918');
Insert into FIPLAN_GMA_DES.DHWTB999_AUDITORIA (IDEN_AUDITORIA,CODG_USUARIO_CEPRO_SECURITY,DATA_OPERACAO,ENDR_IP,NOME_USUARIO_RESPONSAVEL,NUMR_CPF_USUARIO_RESPONSAVEL) values ('721','1',to_timestamp('13/11/18 14:12:43,504000000','DD/MM/RR HH24:MI:SSXFF'),'127.0.0.1','INTEGRA«√O SISTEMA DÕVIDA P⁄BLICA','36329059918');
Insert into FIPLAN_GMA_DES.DHWTB999_AUDITORIA (IDEN_AUDITORIA,CODG_USUARIO_CEPRO_SECURITY,DATA_OPERACAO,ENDR_IP,NOME_USUARIO_RESPONSAVEL,NUMR_CPF_USUARIO_RESPONSAVEL) values ('722','1',to_timestamp('13/11/18 14:17:51,791000000','DD/MM/RR HH24:MI:SSXFF'),'127.0.0.1','INTEGRA«√O SISTEMA DÕVIDA P⁄BLICA','36329059918');
Insert into FIPLAN_GMA_DES.DHWTB999_AUDITORIA (IDEN_AUDITORIA,CODG_USUARIO_CEPRO_SECURITY,DATA_OPERACAO,ENDR_IP,NOME_USUARIO_RESPONSAVEL,NUMR_CPF_USUARIO_RESPONSAVEL) values ('723','1',to_timestamp('13/11/18 14:18:06,695000000','DD/MM/RR HH24:MI:SSXFF'),'127.0.0.1','INTEGRA«√O SISTEMA DÕVIDA P⁄BLICA','36329059918');
Insert into FIPLAN_GMA_DES.DHWTB999_AUDITORIA (IDEN_AUDITORIA,CODG_USUARIO_CEPRO_SECURITY,DATA_OPERACAO,ENDR_IP,NOME_USUARIO_RESPONSAVEL,NUMR_CPF_USUARIO_RESPONSAVEL) values ('724','1',to_timestamp('13/11/18 14:21:53,277000000','DD/MM/RR HH24:MI:SSXFF'),'127.0.0.1','INTEGRA«√O SISTEMA DÕVIDA P⁄BLICA','36329059918');
Insert into FIPLAN_GMA_DES.DHWTB999_AUDITORIA (IDEN_AUDITORIA,CODG_USUARIO_CEPRO_SECURITY,DATA_OPERACAO,ENDR_IP,NOME_USUARIO_RESPONSAVEL,NUMR_CPF_USUARIO_RESPONSAVEL) values ('725','1',to_timestamp('13/11/18 14:21:57,574000000','DD/MM/RR HH24:MI:SSXFF'),'127.0.0.1','INTEGRA«√O SISTEMA DÕVIDA P⁄BLICA','36329059918');
Insert into FIPLAN_GMA_DES.DHWTB999_AUDITORIA (IDEN_AUDITORIA,CODG_USUARIO_CEPRO_SECURITY,DATA_OPERACAO,ENDR_IP,NOME_USUARIO_RESPONSAVEL,NUMR_CPF_USUARIO_RESPONSAVEL) values ('726','1',to_timestamp('13/11/18 14:22:02,918000000','DD/MM/RR HH24:MI:SSXFF'),'127.0.0.1','INTEGRA«√O SISTEMA DÕVIDA P⁄BLICA','36329059918');
Insert into FIPLAN_GMA_DES.DHWTB999_AUDITORIA (IDEN_AUDITORIA,CODG_USUARIO_CEPRO_SECURITY,DATA_OPERACAO,ENDR_IP,NOME_USUARIO_RESPONSAVEL,NUMR_CPF_USUARIO_RESPONSAVEL) values ('727','1',to_timestamp('13/11/18 14:22:12,501000000','DD/MM/RR HH24:MI:SSXFF'),'127.0.0.1','INTEGRA«√O SISTEMA DÕVIDA P⁄BLICA','36329059918');
Insert into FIPLAN_GMA_DES.DHWTB999_AUDITORIA (IDEN_AUDITORIA,CODG_USUARIO_CEPRO_SECURITY,DATA_OPERACAO,ENDR_IP,NOME_USUARIO_RESPONSAVEL,NUMR_CPF_USUARIO_RESPONSAVEL) values ('728','1',to_timestamp('13/11/18 14:24:22,660000000','DD/MM/RR HH24:MI:SSXFF'),'127.0.0.1','INTEGRA«√O SISTEMA DÕVIDA P⁄BLICA','36329059918');
Insert into FIPLAN_GMA_DES.DHWTB999_AUDITORIA (IDEN_AUDITORIA,CODG_USUARIO_CEPRO_SECURITY,DATA_OPERACAO,ENDR_IP,NOME_USUARIO_RESPONSAVEL,NUMR_CPF_USUARIO_RESPONSAVEL) values ('729','1',to_timestamp('13/11/18 14:24:42,821000000','DD/MM/RR HH24:MI:SSXFF'),'127.0.0.1','INTEGRA«√O SISTEMA DÕVIDA P⁄BLICA','36329059918');
Insert into FIPLAN_GMA_DES.DHWTB999_AUDITORIA (IDEN_AUDITORIA,CODG_USUARIO_CEPRO_SECURITY,DATA_OPERACAO,ENDR_IP,NOME_USUARIO_RESPONSAVEL,NUMR_CPF_USUARIO_RESPONSAVEL) values ('730','1',to_timestamp('13/11/18 14:26:43,813000000','DD/MM/RR HH24:MI:SSXFF'),'127.0.0.1','INTEGRA«√O SISTEMA DÕVIDA P⁄BLICA','36329059918');
Insert into FIPLAN_GMA_DES.DHWTB999_AUDITORIA (IDEN_AUDITORIA,CODG_USUARIO_CEPRO_SECURITY,DATA_OPERACAO,ENDR_IP,NOME_USUARIO_RESPONSAVEL,NUMR_CPF_USUARIO_RESPONSAVEL) values ('306','1',to_timestamp('25/10/18 15:09:53,023000000','DD/MM/RR HH24:MI:SSXFF'),'127.0.0.1','INTEGRA«√O SISTEMA DÕVIDA P⁄BLICA','36329059918');
Insert into FIPLAN_GMA_DES.DHWTB999_AUDITORIA (IDEN_AUDITORIA,CODG_USUARIO_CEPRO_SECURITY,DATA_OPERACAO,ENDR_IP,NOME_USUARIO_RESPONSAVEL,NUMR_CPF_USUARIO_RESPONSAVEL) values ('307','1',to_timestamp('25/10/18 15:10:15,303000000','DD/MM/RR HH24:MI:SSXFF'),'127.0.0.1','INTEGRA«√O SISTEMA DÕVIDA P⁄BLICA','36329059918');
Insert into FIPLAN_GMA_DES.DHWTB999_AUDITORIA (IDEN_AUDITORIA,CODG_USUARIO_CEPRO_SECURITY,DATA_OPERACAO,ENDR_IP,NOME_USUARIO_RESPONSAVEL,NUMR_CPF_USUARIO_RESPONSAVEL) values ('308','1',to_timestamp('25/10/18 15:11:39,102000000','DD/MM/RR HH24:MI:SSXFF'),'127.0.0.1','INTEGRA«√O SISTEMA DÕVIDA P⁄BLICA','36329059918');
Insert into FIPLAN_GMA_DES.DHWTB999_AUDITORIA (IDEN_AUDITORIA,CODG_USUARIO_CEPRO_SECURITY,DATA_OPERACAO,ENDR_IP,NOME_USUARIO_RESPONSAVEL,NUMR_CPF_USUARIO_RESPONSAVEL) values ('309','1',to_timestamp('25/10/18 15:11:48,109000000','DD/MM/RR HH24:MI:SSXFF'),'127.0.0.1','INTEGRA«√O SISTEMA DÕVIDA P⁄BLICA','36329059918');
Insert into FIPLAN_GMA_DES.DHWTB999_AUDITORIA (IDEN_AUDITORIA,CODG_USUARIO_CEPRO_SECURITY,DATA_OPERACAO,ENDR_IP,NOME_USUARIO_RESPONSAVEL,NUMR_CPF_USUARIO_RESPONSAVEL) values ('310','1',to_timestamp('25/10/18 15:15:47,606000000','DD/MM/RR HH24:MI:SSXFF'),'127.0.0.1','INTEGRA«√O SISTEMA DÕVIDA P⁄BLICA','36329059918');
Insert into FIPLAN_GMA_DES.DHWTB999_AUDITORIA (IDEN_AUDITORIA,CODG_USUARIO_CEPRO_SECURITY,DATA_OPERACAO,ENDR_IP,NOME_USUARIO_RESPONSAVEL,NUMR_CPF_USUARIO_RESPONSAVEL) values ('311','1',to_timestamp('25/10/18 15:16:19,198000000','DD/MM/RR HH24:MI:SSXFF'),'127.0.0.1','INTEGRA«√O SISTEMA DÕVIDA P⁄BLICA','36329059918');
Insert into FIPLAN_GMA_DES.DHWTB999_AUDITORIA (IDEN_AUDITORIA,CODG_USUARIO_CEPRO_SECURITY,DATA_OPERACAO,ENDR_IP,NOME_USUARIO_RESPONSAVEL,NUMR_CPF_USUARIO_RESPONSAVEL) values ('312','1',to_timestamp('25/10/18 15:16:38,476000000','DD/MM/RR HH24:MI:SSXFF'),'127.0.0.1','INTEGRA«√O SISTEMA DÕVIDA P⁄BLICA','36329059918');
Insert into FIPLAN_GMA_DES.DHWTB999_AUDITORIA (IDEN_AUDITORIA,CODG_USUARIO_CEPRO_SECURITY,DATA_OPERACAO,ENDR_IP,NOME_USUARIO_RESPONSAVEL,NUMR_CPF_USUARIO_RESPONSAVEL) values ('313','1',to_timestamp('25/10/18 15:18:06,318000000','DD/MM/RR HH24:MI:SSXFF'),'127.0.0.1','INTEGRA«√O SISTEMA DÕVIDA P⁄BLICA','36329059918');
Insert into FIPLAN_GMA_DES.DHWTB999_AUDITORIA (IDEN_AUDITORIA,CODG_USUARIO_CEPRO_SECURITY,DATA_OPERACAO,ENDR_IP,NOME_USUARIO_RESPONSAVEL,NUMR_CPF_USUARIO_RESPONSAVEL) values ('314','1',to_timestamp('25/10/18 15:18:14,215000000','DD/MM/RR HH24:MI:SSXFF'),'127.0.0.1','INTEGRA«√O SISTEMA DÕVIDA P⁄BLICA','36329059918');
Insert into FIPLAN_GMA_DES.DHWTB999_AUDITORIA (IDEN_AUDITORIA,CODG_USUARIO_CEPRO_SECURITY,DATA_OPERACAO,ENDR_IP,NOME_USUARIO_RESPONSAVEL,NUMR_CPF_USUARIO_RESPONSAVEL) values ('315','1',to_timestamp('25/10/18 15:19:26,121000000','DD/MM/RR HH24:MI:SSXFF'),'127.0.0.1','INTEGRA«√O SISTEMA DÕVIDA P⁄BLICA','36329059918');
Insert into FIPLAN_GMA_DES.DHWTB999_AUDITORIA (IDEN_AUDITORIA,CODG_USUARIO_CEPRO_SECURITY,DATA_OPERACAO,ENDR_IP,NOME_USUARIO_RESPONSAVEL,NUMR_CPF_USUARIO_RESPONSAVEL) values ('316','1',to_timestamp('25/10/18 15:20:44,499000000','DD/MM/RR HH24:MI:SSXFF'),'127.0.0.1','INTEGRA«√O SISTEMA DÕVIDA P⁄BLICA','36329059918');
Insert into FIPLAN_GMA_DES.DHWTB999_AUDITORIA (IDEN_AUDITORIA,CODG_USUARIO_CEPRO_SECURITY,DATA_OPERACAO,ENDR_IP,NOME_USUARIO_RESPONSAVEL,NUMR_CPF_USUARIO_RESPONSAVEL) values ('2','1',to_timestamp('03/10/18 10:40:12,180000000','DD/MM/RR HH24:MI:SSXFF'),'127.0.0.1','INTEGRA«√O SISTEMA DÕVIDA P⁄BLICA','36329059918');
Insert into FIPLAN_GMA_DES.DHWTB999_AUDITORIA (IDEN_AUDITORIA,CODG_USUARIO_CEPRO_SECURITY,DATA_OPERACAO,ENDR_IP,NOME_USUARIO_RESPONSAVEL,NUMR_CPF_USUARIO_RESPONSAVEL) values ('33','1',to_timestamp('04/10/18 15:43:59,510000000','DD/MM/RR HH24:MI:SSXFF'),'127.0.0.1','INTEGRA«√O SISTEMA DÕVIDA P⁄BLICA','36329059918');
Insert into FIPLAN_GMA_DES.DHWTB999_AUDITORIA (IDEN_AUDITORIA,CODG_USUARIO_CEPRO_SECURITY,DATA_OPERACAO,ENDR_IP,NOME_USUARIO_RESPONSAVEL,NUMR_CPF_USUARIO_RESPONSAVEL) values ('731','1',to_timestamp('13/11/18 14:27:22,913000000','DD/MM/RR HH24:MI:SSXFF'),'127.0.0.1','INTEGRA«√O SISTEMA DÕVIDA P⁄BLICA','36329059918');
Insert into FIPLAN_GMA_DES.DHWTB999_AUDITORIA (IDEN_AUDITORIA,CODG_USUARIO_CEPRO_SECURITY,DATA_OPERACAO,ENDR_IP,NOME_USUARIO_RESPONSAVEL,NUMR_CPF_USUARIO_RESPONSAVEL) values ('732','1',to_timestamp('13/11/18 14:29:11,113000000','DD/MM/RR HH24:MI:SSXFF'),'127.0.0.1','INTEGRA«√O SISTEMA DÕVIDA P⁄BLICA','36329059918');
Insert into FIPLAN_GMA_DES.DHWTB999_AUDITORIA (IDEN_AUDITORIA,CODG_USUARIO_CEPRO_SECURITY,DATA_OPERACAO,ENDR_IP,NOME_USUARIO_RESPONSAVEL,NUMR_CPF_USUARIO_RESPONSAVEL) values ('734','2',to_timestamp('13/11/18 14:48:40,858000000','DD/MM/RR HH24:MI:SSXFF'),'192.168.0.229','EDUARDO RAHEL MUNIZ FERREIRA','3302175183');
Insert into FIPLAN_GMA_DES.DHWTB999_AUDITORIA (IDEN_AUDITORIA,CODG_USUARIO_CEPRO_SECURITY,DATA_OPERACAO,ENDR_IP,NOME_USUARIO_RESPONSAVEL,NUMR_CPF_USUARIO_RESPONSAVEL) values ('735','2',to_timestamp('13/11/18 14:48:48,778000000','DD/MM/RR HH24:MI:SSXFF'),'192.168.0.229','EDUARDO RAHEL MUNIZ FERREIRA','3302175183');
Insert into FIPLAN_GMA_DES.DHWTB999_AUDITORIA (IDEN_AUDITORIA,CODG_USUARIO_CEPRO_SECURITY,DATA_OPERACAO,ENDR_IP,NOME_USUARIO_RESPONSAVEL,NUMR_CPF_USUARIO_RESPONSAVEL) values ('736','2',to_timestamp('13/11/18 14:49:02,698000000','DD/MM/RR HH24:MI:SSXFF'),'192.168.0.229','EDUARDO RAHEL MUNIZ FERREIRA','3302175183');
Insert into FIPLAN_GMA_DES.DHWTB999_AUDITORIA (IDEN_AUDITORIA,CODG_USUARIO_CEPRO_SECURITY,DATA_OPERACAO,ENDR_IP,NOME_USUARIO_RESPONSAVEL,NUMR_CPF_USUARIO_RESPONSAVEL) values ('737','2',to_timestamp('13/11/18 14:49:08,388000000','DD/MM/RR HH24:MI:SSXFF'),'192.168.0.229','EDUARDO RAHEL MUNIZ FERREIRA','3302175183');
Insert into FIPLAN_GMA_DES.DHWTB999_AUDITORIA (IDEN_AUDITORIA,CODG_USUARIO_CEPRO_SECURITY,DATA_OPERACAO,ENDR_IP,NOME_USUARIO_RESPONSAVEL,NUMR_CPF_USUARIO_RESPONSAVEL) values ('105','1',to_timestamp('10/10/18 16:52:05,934000000','DD/MM/RR HH24:MI:SSXFF'),'127.0.0.1','INTEGRA«√O SISTEMA DÕVIDA P⁄BLICA','36329059918');
Insert into FIPLAN_GMA_DES.DHWTB999_AUDITORIA (IDEN_AUDITORIA,CODG_USUARIO_CEPRO_SECURITY,DATA_OPERACAO,ENDR_IP,NOME_USUARIO_RESPONSAVEL,NUMR_CPF_USUARIO_RESPONSAVEL) values ('738','2',to_timestamp('13/11/18 14:49:17,636000000','DD/MM/RR HH24:MI:SSXFF'),'192.168.0.229','EDUARDO RAHEL MUNIZ FERREIRA','3302175183');
Insert into FIPLAN_GMA_DES.DHWTB999_AUDITORIA (IDEN_AUDITORIA,CODG_USUARIO_CEPRO_SECURITY,DATA_OPERACAO,ENDR_IP,NOME_USUARIO_RESPONSAVEL,NUMR_CPF_USUARIO_RESPONSAVEL) values ('739','2',to_timestamp('13/11/18 14:49:22,743000000','DD/MM/RR HH24:MI:SSXFF'),'192.168.0.229','EDUARDO RAHEL MUNIZ FERREIRA','3302175183');
Insert into FIPLAN_GMA_DES.DHWTB999_AUDITORIA (IDEN_AUDITORIA,CODG_USUARIO_CEPRO_SECURITY,DATA_OPERACAO,ENDR_IP,NOME_USUARIO_RESPONSAVEL,NUMR_CPF_USUARIO_RESPONSAVEL) values ('144','1',to_timestamp('16/10/18 14:48:17,244000000','DD/MM/RR HH24:MI:SSXFF'),'127.0.0.1','INTEGRA«√O SISTEMA DÕVIDA P⁄BLICA','36329059918');
Insert into FIPLAN_GMA_DES.DHWTB999_AUDITORIA (IDEN_AUDITORIA,CODG_USUARIO_CEPRO_SECURITY,DATA_OPERACAO,ENDR_IP,NOME_USUARIO_RESPONSAVEL,NUMR_CPF_USUARIO_RESPONSAVEL) values ('145','1',to_timestamp('16/10/18 14:51:18,273000000','DD/MM/RR HH24:MI:SSXFF'),'127.0.0.1','INTEGRA«√O SISTEMA DÕVIDA P⁄BLICA','36329059918');
Insert into FIPLAN_GMA_DES.DHWTB999_AUDITORIA (IDEN_AUDITORIA,CODG_USUARIO_CEPRO_SECURITY,DATA_OPERACAO,ENDR_IP,NOME_USUARIO_RESPONSAVEL,NUMR_CPF_USUARIO_RESPONSAVEL) values ('740','2',to_timestamp('13/11/18 14:49:34,808000000','DD/MM/RR HH24:MI:SSXFF'),'192.168.0.229','EDUARDO RAHEL MUNIZ FERREIRA','3302175183');
Insert into FIPLAN_GMA_DES.DHWTB999_AUDITORIA (IDEN_AUDITORIA,CODG_USUARIO_CEPRO_SECURITY,DATA_OPERACAO,ENDR_IP,NOME_USUARIO_RESPONSAVEL,NUMR_CPF_USUARIO_RESPONSAVEL) values ('741','2',to_timestamp('13/11/18 14:49:44,229000000','DD/MM/RR HH24:MI:SSXFF'),'192.168.0.229','EDUARDO RAHEL MUNIZ FERREIRA','3302175183');
Insert into FIPLAN_GMA_DES.DHWTB999_AUDITORIA (IDEN_AUDITORIA,CODG_USUARIO_CEPRO_SECURITY,DATA_OPERACAO,ENDR_IP,NOME_USUARIO_RESPONSAVEL,NUMR_CPF_USUARIO_RESPONSAVEL) values ('742','2',to_timestamp('13/11/18 14:53:13,194000000','DD/MM/RR HH24:MI:SSXFF'),'192.168.0.229','EDUARDO RAHEL MUNIZ FERREIRA','3302175183');
Insert into FIPLAN_GMA_DES.DHWTB999_AUDITORIA (IDEN_AUDITORIA,CODG_USUARIO_CEPRO_SECURITY,DATA_OPERACAO,ENDR_IP,NOME_USUARIO_RESPONSAVEL,NUMR_CPF_USUARIO_RESPONSAVEL) values ('294','1',to_timestamp('25/10/18 14:48:52,662000000','DD/MM/RR HH24:MI:SSXFF'),'127.0.0.1','INTEGRA«√O SISTEMA DÕVIDA P⁄BLICA','36329059918');
Insert into FIPLAN_GMA_DES.DHWTB999_AUDITORIA (IDEN_AUDITORIA,CODG_USUARIO_CEPRO_SECURITY,DATA_OPERACAO,ENDR_IP,NOME_USUARIO_RESPONSAVEL,NUMR_CPF_USUARIO_RESPONSAVEL) values ('295','1',to_timestamp('25/10/18 14:50:32,541000000','DD/MM/RR HH24:MI:SSXFF'),'127.0.0.1','INTEGRA«√O SISTEMA DÕVIDA P⁄BLICA','36329059918');
Insert into FIPLAN_GMA_DES.DHWTB999_AUDITORIA (IDEN_AUDITORIA,CODG_USUARIO_CEPRO_SECURITY,DATA_OPERACAO,ENDR_IP,NOME_USUARIO_RESPONSAVEL,NUMR_CPF_USUARIO_RESPONSAVEL) values ('296','1',to_timestamp('25/10/18 14:51:07,596000000','DD/MM/RR HH24:MI:SSXFF'),'127.0.0.1','INTEGRA«√O SISTEMA DÕVIDA P⁄BLICA','36329059918');
Insert into FIPLAN_GMA_DES.DHWTB999_AUDITORIA (IDEN_AUDITORIA,CODG_USUARIO_CEPRO_SECURITY,DATA_OPERACAO,ENDR_IP,NOME_USUARIO_RESPONSAVEL,NUMR_CPF_USUARIO_RESPONSAVEL) values ('297','1',to_timestamp('25/10/18 14:51:43,476000000','DD/MM/RR HH24:MI:SSXFF'),'127.0.0.1','INTEGRA«√O SISTEMA DÕVIDA P⁄BLICA','36329059918');
Insert into FIPLAN_GMA_DES.DHWTB999_AUDITORIA (IDEN_AUDITORIA,CODG_USUARIO_CEPRO_SECURITY,DATA_OPERACAO,ENDR_IP,NOME_USUARIO_RESPONSAVEL,NUMR_CPF_USUARIO_RESPONSAVEL) values ('298','1',to_timestamp('25/10/18 14:51:53,010000000','DD/MM/RR HH24:MI:SSXFF'),'127.0.0.1','INTEGRA«√O SISTEMA DÕVIDA P⁄BLICA','36329059918');
Insert into FIPLAN_GMA_DES.DHWTB999_AUDITORIA (IDEN_AUDITORIA,CODG_USUARIO_CEPRO_SECURITY,DATA_OPERACAO,ENDR_IP,NOME_USUARIO_RESPONSAVEL,NUMR_CPF_USUARIO_RESPONSAVEL) values ('299','1',to_timestamp('25/10/18 14:53:09,326000000','DD/MM/RR HH24:MI:SSXFF'),'127.0.0.1','INTEGRA«√O SISTEMA DÕVIDA P⁄BLICA','36329059918');
Insert into FIPLAN_GMA_DES.DHWTB999_AUDITORIA (IDEN_AUDITORIA,CODG_USUARIO_CEPRO_SECURITY,DATA_OPERACAO,ENDR_IP,NOME_USUARIO_RESPONSAVEL,NUMR_CPF_USUARIO_RESPONSAVEL) values ('300','1',to_timestamp('25/10/18 14:54:13,424000000','DD/MM/RR HH24:MI:SSXFF'),'127.0.0.1','INTEGRA«√O SISTEMA DÕVIDA P⁄BLICA','36329059918');
Insert into FIPLAN_GMA_DES.DHWTB999_AUDITORIA (IDEN_AUDITORIA,CODG_USUARIO_CEPRO_SECURITY,DATA_OPERACAO,ENDR_IP,NOME_USUARIO_RESPONSAVEL,NUMR_CPF_USUARIO_RESPONSAVEL) values ('301','1',to_timestamp('25/10/18 14:55:08,772000000','DD/MM/RR HH24:MI:SSXFF'),'127.0.0.1','INTEGRA«√O SISTEMA DÕVIDA P⁄BLICA','36329059918');
Insert into FIPLAN_GMA_DES.DHWTB999_AUDITORIA (IDEN_AUDITORIA,CODG_USUARIO_CEPRO_SECURITY,DATA_OPERACAO,ENDR_IP,NOME_USUARIO_RESPONSAVEL,NUMR_CPF_USUARIO_RESPONSAVEL) values ('302','1',to_timestamp('25/10/18 14:58:07,812000000','DD/MM/RR HH24:MI:SSXFF'),'127.0.0.1','INTEGRA«√O SISTEMA DÕVIDA P⁄BLICA','36329059918');
Insert into FIPLAN_GMA_DES.DHWTB999_AUDITORIA (IDEN_AUDITORIA,CODG_USUARIO_CEPRO_SECURITY,DATA_OPERACAO,ENDR_IP,NOME_USUARIO_RESPONSAVEL,NUMR_CPF_USUARIO_RESPONSAVEL) values ('303','1',to_timestamp('25/10/18 15:01:16,400000000','DD/MM/RR HH24:MI:SSXFF'),'127.0.0.1','INTEGRA«√O SISTEMA DÕVIDA P⁄BLICA','36329059918');
Insert into FIPLAN_GMA_DES.DHWTB999_AUDITORIA (IDEN_AUDITORIA,CODG_USUARIO_CEPRO_SECURITY,DATA_OPERACAO,ENDR_IP,NOME_USUARIO_RESPONSAVEL,NUMR_CPF_USUARIO_RESPONSAVEL) values ('304','1',to_timestamp('25/10/18 15:01:40,836000000','DD/MM/RR HH24:MI:SSXFF'),'127.0.0.1','INTEGRA«√O SISTEMA DÕVIDA P⁄BLICA','36329059918');
Insert into FIPLAN_GMA_DES.DHWTB999_AUDITORIA (IDEN_AUDITORIA,CODG_USUARIO_CEPRO_SECURITY,DATA_OPERACAO,ENDR_IP,NOME_USUARIO_RESPONSAVEL,NUMR_CPF_USUARIO_RESPONSAVEL) values ('305','1',to_timestamp('25/10/18 15:02:54,495000000','DD/MM/RR HH24:MI:SSXFF'),'127.0.0.1','INTEGRA«√O SISTEMA DÕVIDA P⁄BLICA','36329059918');
Insert into FIPLAN_GMA_DES.DHWTB999_AUDITORIA (IDEN_AUDITORIA,CODG_USUARIO_CEPRO_SECURITY,DATA_OPERACAO,ENDR_IP,NOME_USUARIO_RESPONSAVEL,NUMR_CPF_USUARIO_RESPONSAVEL) values ('317','1',to_timestamp('25/10/18 15:30:56,668000000','DD/MM/RR HH24:MI:SSXFF'),'127.0.0.1','INTEGRA«√O SISTEMA DÕVIDA P⁄BLICA','36329059918');
Insert into FIPLAN_GMA_DES.DHWTB999_AUDITORIA (IDEN_AUDITORIA,CODG_USUARIO_CEPRO_SECURITY,DATA_OPERACAO,ENDR_IP,NOME_USUARIO_RESPONSAVEL,NUMR_CPF_USUARIO_RESPONSAVEL) values ('318','1',to_timestamp('25/10/18 15:31:41,669000000','DD/MM/RR HH24:MI:SSXFF'),'127.0.0.1','INTEGRA«√O SISTEMA DÕVIDA P⁄BLICA','36329059918');
Insert into FIPLAN_GMA_DES.DHWTB999_AUDITORIA (IDEN_AUDITORIA,CODG_USUARIO_CEPRO_SECURITY,DATA_OPERACAO,ENDR_IP,NOME_USUARIO_RESPONSAVEL,NUMR_CPF_USUARIO_RESPONSAVEL) values ('384','6',to_timestamp('31/10/18 17:52:16,363000000','DD/MM/RR HH24:MI:SSXFF'),'192.168.0.229','FELIPE BORGES','42060914809');
Insert into FIPLAN_GMA_DES.DHWTB999_AUDITORIA (IDEN_AUDITORIA,CODG_USUARIO_CEPRO_SECURITY,DATA_OPERACAO,ENDR_IP,NOME_USUARIO_RESPONSAVEL,NUMR_CPF_USUARIO_RESPONSAVEL) values ('385','6',to_timestamp('31/10/18 17:52:23,647000000','DD/MM/RR HH24:MI:SSXFF'),'192.168.0.229','FELIPE BORGES','42060914809');
Insert into FIPLAN_GMA_DES.DHWTB999_AUDITORIA (IDEN_AUDITORIA,CODG_USUARIO_CEPRO_SECURITY,DATA_OPERACAO,ENDR_IP,NOME_USUARIO_RESPONSAVEL,NUMR_CPF_USUARIO_RESPONSAVEL) values ('386','6',to_timestamp('31/10/18 17:52:29,186000000','DD/MM/RR HH24:MI:SSXFF'),'192.168.0.229','FELIPE BORGES','42060914809');
Insert into FIPLAN_GMA_DES.DHWTB999_AUDITORIA (IDEN_AUDITORIA,CODG_USUARIO_CEPRO_SECURITY,DATA_OPERACAO,ENDR_IP,NOME_USUARIO_RESPONSAVEL,NUMR_CPF_USUARIO_RESPONSAVEL) values ('396','6',to_timestamp('31/10/18 18:07:43,885000000','DD/MM/RR HH24:MI:SSXFF'),'192.168.0.229','FELIPE BORGES','42060914809');
Insert into FIPLAN_GMA_DES.DHWTB999_AUDITORIA (IDEN_AUDITORIA,CODG_USUARIO_CEPRO_SECURITY,DATA_OPERACAO,ENDR_IP,NOME_USUARIO_RESPONSAVEL,NUMR_CPF_USUARIO_RESPONSAVEL) values ('397','6',to_timestamp('31/10/18 18:07:48,995000000','DD/MM/RR HH24:MI:SSXFF'),'192.168.0.229','FELIPE BORGES','42060914809');
Insert into FIPLAN_GMA_DES.DHWTB999_AUDITORIA (IDEN_AUDITORIA,CODG_USUARIO_CEPRO_SECURITY,DATA_OPERACAO,ENDR_IP,NOME_USUARIO_RESPONSAVEL,NUMR_CPF_USUARIO_RESPONSAVEL) values ('398','6',to_timestamp('31/10/18 18:08:00,870000000','DD/MM/RR HH24:MI:SSXFF'),'192.168.0.229','FELIPE BORGES','42060914809');
Insert into FIPLAN_GMA_DES.DHWTB999_AUDITORIA (IDEN_AUDITORIA,CODG_USUARIO_CEPRO_SECURITY,DATA_OPERACAO,ENDR_IP,NOME_USUARIO_RESPONSAVEL,NUMR_CPF_USUARIO_RESPONSAVEL) values ('146','1',to_timestamp('17/10/18 14:55:23,585000000','DD/MM/RR HH24:MI:SSXFF'),'127.0.0.1','INTEGRA«√O SISTEMA DÕVIDA P⁄BLICA','36329059918');
Insert into FIPLAN_GMA_DES.DHWTB999_AUDITORIA (IDEN_AUDITORIA,CODG_USUARIO_CEPRO_SECURITY,DATA_OPERACAO,ENDR_IP,NOME_USUARIO_RESPONSAVEL,NUMR_CPF_USUARIO_RESPONSAVEL) values ('399','6',to_timestamp('31/10/18 18:08:16,205000000','DD/MM/RR HH24:MI:SSXFF'),'192.168.0.229','FELIPE BORGES','42060914809');
Insert into FIPLAN_GMA_DES.DHWTB999_AUDITORIA (IDEN_AUDITORIA,CODG_USUARIO_CEPRO_SECURITY,DATA_OPERACAO,ENDR_IP,NOME_USUARIO_RESPONSAVEL,NUMR_CPF_USUARIO_RESPONSAVEL) values ('400','6',to_timestamp('31/10/18 18:08:21,292000000','DD/MM/RR HH24:MI:SSXFF'),'192.168.0.229','FELIPE BORGES','42060914809');
Insert into FIPLAN_GMA_DES.DHWTB999_AUDITORIA (IDEN_AUDITORIA,CODG_USUARIO_CEPRO_SECURITY,DATA_OPERACAO,ENDR_IP,NOME_USUARIO_RESPONSAVEL,NUMR_CPF_USUARIO_RESPONSAVEL) values ('425','4',to_timestamp('06/11/18 16:41:05,843000000','DD/MM/RR HH24:MI:SSXFF'),'192.168.0.229','JONATHAN INACIO LIMA DA SILVA','4267231125');
Insert into FIPLAN_GMA_DES.DHWTB999_AUDITORIA (IDEN_AUDITORIA,CODG_USUARIO_CEPRO_SECURITY,DATA_OPERACAO,ENDR_IP,NOME_USUARIO_RESPONSAVEL,NUMR_CPF_USUARIO_RESPONSAVEL) values ('436','4',to_timestamp('06/11/18 16:44:17,440000000','DD/MM/RR HH24:MI:SSXFF'),'192.168.0.229','JONATHAN INACIO LIMA DA SILVA','4267231125');
Insert into FIPLAN_GMA_DES.DHWTB999_AUDITORIA (IDEN_AUDITORIA,CODG_USUARIO_CEPRO_SECURITY,DATA_OPERACAO,ENDR_IP,NOME_USUARIO_RESPONSAVEL,NUMR_CPF_USUARIO_RESPONSAVEL) values ('437','4',to_timestamp('06/11/18 16:44:35,105000000','DD/MM/RR HH24:MI:SSXFF'),'192.168.0.229','JONATHAN INACIO LIMA DA SILVA','4267231125');
Insert into FIPLAN_GMA_DES.DHWTB999_AUDITORIA (IDEN_AUDITORIA,CODG_USUARIO_CEPRO_SECURITY,DATA_OPERACAO,ENDR_IP,NOME_USUARIO_RESPONSAVEL,NUMR_CPF_USUARIO_RESPONSAVEL) values ('438','4',to_timestamp('06/11/18 16:44:50,554000000','DD/MM/RR HH24:MI:SSXFF'),'192.168.0.229','JONATHAN INACIO LIMA DA SILVA','4267231125');
Insert into FIPLAN_GMA_DES.DHWTB999_AUDITORIA (IDEN_AUDITORIA,CODG_USUARIO_CEPRO_SECURITY,DATA_OPERACAO,ENDR_IP,NOME_USUARIO_RESPONSAVEL,NUMR_CPF_USUARIO_RESPONSAVEL) values ('439','4',to_timestamp('06/11/18 16:45:02,889000000','DD/MM/RR HH24:MI:SSXFF'),'192.168.0.229','JONATHAN INACIO LIMA DA SILVA','4267231125');
Insert into FIPLAN_GMA_DES.DHWTB999_AUDITORIA (IDEN_AUDITORIA,CODG_USUARIO_CEPRO_SECURITY,DATA_OPERACAO,ENDR_IP,NOME_USUARIO_RESPONSAVEL,NUMR_CPF_USUARIO_RESPONSAVEL) values ('440','4',to_timestamp('06/11/18 16:45:08,116000000','DD/MM/RR HH24:MI:SSXFF'),'192.168.0.229','JONATHAN INACIO LIMA DA SILVA','4267231125');
Insert into FIPLAN_GMA_DES.DHWTB999_AUDITORIA (IDEN_AUDITORIA,CODG_USUARIO_CEPRO_SECURITY,DATA_OPERACAO,ENDR_IP,NOME_USUARIO_RESPONSAVEL,NUMR_CPF_USUARIO_RESPONSAVEL) values ('441','4',to_timestamp('06/11/18 16:45:13,885000000','DD/MM/RR HH24:MI:SSXFF'),'192.168.0.229','JONATHAN INACIO LIMA DA SILVA','4267231125');
Insert into FIPLAN_GMA_DES.DHWTB999_AUDITORIA (IDEN_AUDITORIA,CODG_USUARIO_CEPRO_SECURITY,DATA_OPERACAO,ENDR_IP,NOME_USUARIO_RESPONSAVEL,NUMR_CPF_USUARIO_RESPONSAVEL) values ('442','4',to_timestamp('06/11/18 16:45:46,101000000','DD/MM/RR HH24:MI:SSXFF'),'192.168.0.229','JONATHAN INACIO LIMA DA SILVA','4267231125');
Insert into FIPLAN_GMA_DES.DHWTB999_AUDITORIA (IDEN_AUDITORIA,CODG_USUARIO_CEPRO_SECURITY,DATA_OPERACAO,ENDR_IP,NOME_USUARIO_RESPONSAVEL,NUMR_CPF_USUARIO_RESPONSAVEL) values ('443','4',to_timestamp('06/11/18 16:45:55,717000000','DD/MM/RR HH24:MI:SSXFF'),'192.168.0.229','JONATHAN INACIO LIMA DA SILVA','4267231125');
Insert into FIPLAN_GMA_DES.DHWTB999_AUDITORIA (IDEN_AUDITORIA,CODG_USUARIO_CEPRO_SECURITY,DATA_OPERACAO,ENDR_IP,NOME_USUARIO_RESPONSAVEL,NUMR_CPF_USUARIO_RESPONSAVEL) values ('444','4',to_timestamp('06/11/18 16:46:20,872000000','DD/MM/RR HH24:MI:SSXFF'),'192.168.0.229','JONATHAN INACIO LIMA DA SILVA','4267231125');
Insert into FIPLAN_GMA_DES.DHWTB999_AUDITORIA (IDEN_AUDITORIA,CODG_USUARIO_CEPRO_SECURITY,DATA_OPERACAO,ENDR_IP,NOME_USUARIO_RESPONSAVEL,NUMR_CPF_USUARIO_RESPONSAVEL) values ('692','2',to_timestamp('12/11/18 17:32:36,211000000','DD/MM/RR HH24:MI:SSXFF'),'192.168.0.229','EDUARDO RAHEL MUNIZ FERREIRA','3302175183');
Insert into FIPLAN_GMA_DES.DHWTB999_AUDITORIA (IDEN_AUDITORIA,CODG_USUARIO_CEPRO_SECURITY,DATA_OPERACAO,ENDR_IP,NOME_USUARIO_RESPONSAVEL,NUMR_CPF_USUARIO_RESPONSAVEL) values ('693','2',to_timestamp('12/11/18 17:32:41,658000000','DD/MM/RR HH24:MI:SSXFF'),'192.168.0.229','EDUARDO RAHEL MUNIZ FERREIRA','3302175183');
Insert into FIPLAN_GMA_DES.DHWTB999_AUDITORIA (IDEN_AUDITORIA,CODG_USUARIO_CEPRO_SECURITY,DATA_OPERACAO,ENDR_IP,NOME_USUARIO_RESPONSAVEL,NUMR_CPF_USUARIO_RESPONSAVEL) values ('694','2',to_timestamp('12/11/18 17:40:58,596000000','DD/MM/RR HH24:MI:SSXFF'),'192.168.0.229','EDUARDO RAHEL MUNIZ FERREIRA','3302175183');
Insert into FIPLAN_GMA_DES.DHWTB999_AUDITORIA (IDEN_AUDITORIA,CODG_USUARIO_CEPRO_SECURITY,DATA_OPERACAO,ENDR_IP,NOME_USUARIO_RESPONSAVEL,NUMR_CPF_USUARIO_RESPONSAVEL) values ('695','2',to_timestamp('12/11/18 17:41:03,869000000','DD/MM/RR HH24:MI:SSXFF'),'192.168.0.229','EDUARDO RAHEL MUNIZ FERREIRA','3302175183');
Insert into FIPLAN_GMA_DES.DHWTB999_AUDITORIA (IDEN_AUDITORIA,CODG_USUARIO_CEPRO_SECURITY,DATA_OPERACAO,ENDR_IP,NOME_USUARIO_RESPONSAVEL,NUMR_CPF_USUARIO_RESPONSAVEL) values ('696','2',to_timestamp('12/11/18 17:41:09,961000000','DD/MM/RR HH24:MI:SSXFF'),'192.168.0.229','EDUARDO RAHEL MUNIZ FERREIRA','3302175183');
Insert into FIPLAN_GMA_DES.DHWTB999_AUDITORIA (IDEN_AUDITORIA,CODG_USUARIO_CEPRO_SECURITY,DATA_OPERACAO,ENDR_IP,NOME_USUARIO_RESPONSAVEL,NUMR_CPF_USUARIO_RESPONSAVEL) values ('697','2',to_timestamp('12/11/18 17:41:16,163000000','DD/MM/RR HH24:MI:SSXFF'),'192.168.0.229','EDUARDO RAHEL MUNIZ FERREIRA','3302175183');
Insert into FIPLAN_GMA_DES.DHWTB999_AUDITORIA (IDEN_AUDITORIA,CODG_USUARIO_CEPRO_SECURITY,DATA_OPERACAO,ENDR_IP,NOME_USUARIO_RESPONSAVEL,NUMR_CPF_USUARIO_RESPONSAVEL) values ('733','1',to_timestamp('13/11/18 14:30:01,785000000','DD/MM/RR HH24:MI:SSXFF'),'127.0.0.1','INTEGRA«√O SISTEMA DÕVIDA P⁄BLICA','36329059918');
Insert into FIPLAN_GMA_DES.DHWTB999_AUDITORIA (IDEN_AUDITORIA,CODG_USUARIO_CEPRO_SECURITY,DATA_OPERACAO,ENDR_IP,NOME_USUARIO_RESPONSAVEL,NUMR_CPF_USUARIO_RESPONSAVEL) values ('743','2',to_timestamp('13/11/18 14:53:24,162000000','DD/MM/RR HH24:MI:SSXFF'),'192.168.0.229','EDUARDO RAHEL MUNIZ FERREIRA','3302175183');
Insert into FIPLAN_GMA_DES.DHWTB999_AUDITORIA (IDEN_AUDITORIA,CODG_USUARIO_CEPRO_SECURITY,DATA_OPERACAO,ENDR_IP,NOME_USUARIO_RESPONSAVEL,NUMR_CPF_USUARIO_RESPONSAVEL) values ('775','1',to_timestamp('14/11/18 11:09:54,990000000','DD/MM/RR HH24:MI:SSXFF'),'127.0.0.1','INTEGRA«√O SISTEMA DÕVIDA P⁄BLICA','36329059918');
Insert into FIPLAN_GMA_DES.DHWTB999_AUDITORIA (IDEN_AUDITORIA,CODG_USUARIO_CEPRO_SECURITY,DATA_OPERACAO,ENDR_IP,NOME_USUARIO_RESPONSAVEL,NUMR_CPF_USUARIO_RESPONSAVEL) values ('776','1',to_timestamp('14/11/18 11:10:45,987000000','DD/MM/RR HH24:MI:SSXFF'),'127.0.0.1','INTEGRA«√O SISTEMA DÕVIDA P⁄BLICA','36329059918');
Insert into FIPLAN_GMA_DES.DHWTB999_AUDITORIA (IDEN_AUDITORIA,CODG_USUARIO_CEPRO_SECURITY,DATA_OPERACAO,ENDR_IP,NOME_USUARIO_RESPONSAVEL,NUMR_CPF_USUARIO_RESPONSAVEL) values ('777','1',to_timestamp('14/11/18 11:54:39,550000000','DD/MM/RR HH24:MI:SSXFF'),'127.0.0.1','INTEGRA«√O SISTEMA DÕVIDA P⁄BLICA','36329059918');
Insert into FIPLAN_GMA_DES.DHWTB999_AUDITORIA (IDEN_AUDITORIA,CODG_USUARIO_CEPRO_SECURITY,DATA_OPERACAO,ENDR_IP,NOME_USUARIO_RESPONSAVEL,NUMR_CPF_USUARIO_RESPONSAVEL) values ('778','1',to_timestamp('14/11/18 11:54:54,289000000','DD/MM/RR HH24:MI:SSXFF'),'127.0.0.1','INTEGRA«√O SISTEMA DÕVIDA P⁄BLICA','36329059918');
Insert into FIPLAN_GMA_DES.DHWTB999_AUDITORIA (IDEN_AUDITORIA,CODG_USUARIO_CEPRO_SECURITY,DATA_OPERACAO,ENDR_IP,NOME_USUARIO_RESPONSAVEL,NUMR_CPF_USUARIO_RESPONSAVEL) values ('779','1',to_timestamp('14/11/18 11:55:01,391000000','DD/MM/RR HH24:MI:SSXFF'),'127.0.0.1','INTEGRA«√O SISTEMA DÕVIDA P⁄BLICA','36329059918');
Insert into FIPLAN_GMA_DES.DHWTB999_AUDITORIA (IDEN_AUDITORIA,CODG_USUARIO_CEPRO_SECURITY,DATA_OPERACAO,ENDR_IP,NOME_USUARIO_RESPONSAVEL,NUMR_CPF_USUARIO_RESPONSAVEL) values ('780','1',to_timestamp('14/11/18 11:56:26,561000000','DD/MM/RR HH24:MI:SSXFF'),'127.0.0.1','INTEGRA«√O SISTEMA DÕVIDA P⁄BLICA','36329059918');
Insert into FIPLAN_GMA_DES.DHWTB999_AUDITORIA (IDEN_AUDITORIA,CODG_USUARIO_CEPRO_SECURITY,DATA_OPERACAO,ENDR_IP,NOME_USUARIO_RESPONSAVEL,NUMR_CPF_USUARIO_RESPONSAVEL) values ('784','4',to_timestamp('14/11/18 12:56:49,036000000','DD/MM/RR HH24:MI:SSXFF'),'192.168.0.229','JONATHAN INACIO LIMA DA SILVA','4267231125');
Insert into FIPLAN_GMA_DES.DHWTB999_AUDITORIA (IDEN_AUDITORIA,CODG_USUARIO_CEPRO_SECURITY,DATA_OPERACAO,ENDR_IP,NOME_USUARIO_RESPONSAVEL,NUMR_CPF_USUARIO_RESPONSAVEL) values ('785','2',to_timestamp('14/11/18 14:19:15,286000000','DD/MM/RR HH24:MI:SSXFF'),'192.168.0.229','EDUARDO RAHEL MUNIZ FERREIRA','3302175183');
Insert into FIPLAN_GMA_DES.DHWTB999_AUDITORIA (IDEN_AUDITORIA,CODG_USUARIO_CEPRO_SECURITY,DATA_OPERACAO,ENDR_IP,NOME_USUARIO_RESPONSAVEL,NUMR_CPF_USUARIO_RESPONSAVEL) values ('786','2',to_timestamp('14/11/18 14:19:21,137000000','DD/MM/RR HH24:MI:SSXFF'),'192.168.0.229','EDUARDO RAHEL MUNIZ FERREIRA','3302175183');
Insert into FIPLAN_GMA_DES.DHWTB999_AUDITORIA (IDEN_AUDITORIA,CODG_USUARIO_CEPRO_SECURITY,DATA_OPERACAO,ENDR_IP,NOME_USUARIO_RESPONSAVEL,NUMR_CPF_USUARIO_RESPONSAVEL) values ('787','2',to_timestamp('14/11/18 14:19:46,208000000','DD/MM/RR HH24:MI:SSXFF'),'192.168.0.229','EDUARDO RAHEL MUNIZ FERREIRA','3302175183');
Insert into FIPLAN_GMA_DES.DHWTB999_AUDITORIA (IDEN_AUDITORIA,CODG_USUARIO_CEPRO_SECURITY,DATA_OPERACAO,ENDR_IP,NOME_USUARIO_RESPONSAVEL,NUMR_CPF_USUARIO_RESPONSAVEL) values ('788','2',to_timestamp('14/11/18 14:22:46,969000000','DD/MM/RR HH24:MI:SSXFF'),'192.168.0.229','EDUARDO RAHEL MUNIZ FERREIRA','3302175183');
Insert into FIPLAN_GMA_DES.DHWTB999_AUDITORIA (IDEN_AUDITORIA,CODG_USUARIO_CEPRO_SECURITY,DATA_OPERACAO,ENDR_IP,NOME_USUARIO_RESPONSAVEL,NUMR_CPF_USUARIO_RESPONSAVEL) values ('789','2',to_timestamp('14/11/18 14:23:11,249000000','DD/MM/RR HH24:MI:SSXFF'),'192.168.0.229','EDUARDO RAHEL MUNIZ FERREIRA','3302175183');
Insert into FIPLAN_GMA_DES.DHWTB999_AUDITORIA (IDEN_AUDITORIA,CODG_USUARIO_CEPRO_SECURITY,DATA_OPERACAO,ENDR_IP,NOME_USUARIO_RESPONSAVEL,NUMR_CPF_USUARIO_RESPONSAVEL) values ('790','2',to_timestamp('14/11/18 14:23:29,840000000','DD/MM/RR HH24:MI:SSXFF'),'192.168.0.229','EDUARDO RAHEL MUNIZ FERREIRA','3302175183');
Insert into FIPLAN_GMA_DES.DHWTB999_AUDITORIA (IDEN_AUDITORIA,CODG_USUARIO_CEPRO_SECURITY,DATA_OPERACAO,ENDR_IP,NOME_USUARIO_RESPONSAVEL,NUMR_CPF_USUARIO_RESPONSAVEL) values ('791','2',to_timestamp('14/11/18 14:23:54,932000000','DD/MM/RR HH24:MI:SSXFF'),'192.168.0.229','EDUARDO RAHEL MUNIZ FERREIRA','3302175183');
Insert into FIPLAN_GMA_DES.DHWTB999_AUDITORIA (IDEN_AUDITORIA,CODG_USUARIO_CEPRO_SECURITY,DATA_OPERACAO,ENDR_IP,NOME_USUARIO_RESPONSAVEL,NUMR_CPF_USUARIO_RESPONSAVEL) values ('792','2',to_timestamp('14/11/18 14:24:14,076000000','DD/MM/RR HH24:MI:SSXFF'),'192.168.0.229','EDUARDO RAHEL MUNIZ FERREIRA','3302175183');
Insert into FIPLAN_GMA_DES.DHWTB999_AUDITORIA (IDEN_AUDITORIA,CODG_USUARIO_CEPRO_SECURITY,DATA_OPERACAO,ENDR_IP,NOME_USUARIO_RESPONSAVEL,NUMR_CPF_USUARIO_RESPONSAVEL) values ('793','2',to_timestamp('14/11/18 14:24:30,564000000','DD/MM/RR HH24:MI:SSXFF'),'192.168.0.229','EDUARDO RAHEL MUNIZ FERREIRA','3302175183');
Insert into FIPLAN_GMA_DES.DHWTB999_AUDITORIA (IDEN_AUDITORIA,CODG_USUARIO_CEPRO_SECURITY,DATA_OPERACAO,ENDR_IP,NOME_USUARIO_RESPONSAVEL,NUMR_CPF_USUARIO_RESPONSAVEL) values ('794','2',to_timestamp('14/11/18 14:27:46,547000000','DD/MM/RR HH24:MI:SSXFF'),'192.168.0.229','EDUARDO RAHEL MUNIZ FERREIRA','3302175183');
Insert into FIPLAN_GMA_DES.DHWTB999_AUDITORIA (IDEN_AUDITORIA,CODG_USUARIO_CEPRO_SECURITY,DATA_OPERACAO,ENDR_IP,NOME_USUARIO_RESPONSAVEL,NUMR_CPF_USUARIO_RESPONSAVEL) values ('795','2',to_timestamp('14/11/18 14:46:20,697000000','DD/MM/RR HH24:MI:SSXFF'),'192.168.0.229','EDUARDO RAHEL MUNIZ FERREIRA','3302175183');
Insert into FIPLAN_GMA_DES.DHWTB999_AUDITORIA (IDEN_AUDITORIA,CODG_USUARIO_CEPRO_SECURITY,DATA_OPERACAO,ENDR_IP,NOME_USUARIO_RESPONSAVEL,NUMR_CPF_USUARIO_RESPONSAVEL) values ('796','2',to_timestamp('14/11/18 15:13:18,110000000','DD/MM/RR HH24:MI:SSXFF'),'192.168.0.229','EDUARDO RAHEL MUNIZ FERREIRA','3302175183');
Insert into FIPLAN_GMA_DES.DHWTB999_AUDITORIA (IDEN_AUDITORIA,CODG_USUARIO_CEPRO_SECURITY,DATA_OPERACAO,ENDR_IP,NOME_USUARIO_RESPONSAVEL,NUMR_CPF_USUARIO_RESPONSAVEL) values ('797','2',to_timestamp('14/11/18 15:22:06,377000000','DD/MM/RR HH24:MI:SSXFF'),'192.168.0.229','EDUARDO RAHEL MUNIZ FERREIRA','3302175183');
Insert into FIPLAN_GMA_DES.DHWTB999_AUDITORIA (IDEN_AUDITORIA,CODG_USUARIO_CEPRO_SECURITY,DATA_OPERACAO,ENDR_IP,NOME_USUARIO_RESPONSAVEL,NUMR_CPF_USUARIO_RESPONSAVEL) values ('281','1',to_timestamp('25/10/18 13:28:43,363000000','DD/MM/RR HH24:MI:SSXFF'),'127.0.0.1','INTEGRA«√O SISTEMA DÕVIDA P⁄BLICA','36329059918');
Insert into FIPLAN_GMA_DES.DHWTB999_AUDITORIA (IDEN_AUDITORIA,CODG_USUARIO_CEPRO_SECURITY,DATA_OPERACAO,ENDR_IP,NOME_USUARIO_RESPONSAVEL,NUMR_CPF_USUARIO_RESPONSAVEL) values ('282','1',to_timestamp('25/10/18 13:33:53,616000000','DD/MM/RR HH24:MI:SSXFF'),'127.0.0.1','INTEGRA«√O SISTEMA DÕVIDA P⁄BLICA','36329059918');
Insert into FIPLAN_GMA_DES.DHWTB999_AUDITORIA (IDEN_AUDITORIA,CODG_USUARIO_CEPRO_SECURITY,DATA_OPERACAO,ENDR_IP,NOME_USUARIO_RESPONSAVEL,NUMR_CPF_USUARIO_RESPONSAVEL) values ('283','1',to_timestamp('25/10/18 13:34:57,732000000','DD/MM/RR HH24:MI:SSXFF'),'127.0.0.1','INTEGRA«√O SISTEMA DÕVIDA P⁄BLICA','36329059918');
Insert into FIPLAN_GMA_DES.DHWTB999_AUDITORIA (IDEN_AUDITORIA,CODG_USUARIO_CEPRO_SECURITY,DATA_OPERACAO,ENDR_IP,NOME_USUARIO_RESPONSAVEL,NUMR_CPF_USUARIO_RESPONSAVEL) values ('284','1',to_timestamp('25/10/18 13:35:38,727000000','DD/MM/RR HH24:MI:SSXFF'),'127.0.0.1','INTEGRA«√O SISTEMA DÕVIDA P⁄BLICA','36329059918');
Insert into FIPLAN_GMA_DES.DHWTB999_AUDITORIA (IDEN_AUDITORIA,CODG_USUARIO_CEPRO_SECURITY,DATA_OPERACAO,ENDR_IP,NOME_USUARIO_RESPONSAVEL,NUMR_CPF_USUARIO_RESPONSAVEL) values ('285','1',to_timestamp('25/10/18 13:39:33,383000000','DD/MM/RR HH24:MI:SSXFF'),'127.0.0.1','INTEGRA«√O SISTEMA DÕVIDA P⁄BLICA','36329059918');
Insert into FIPLAN_GMA_DES.DHWTB999_AUDITORIA (IDEN_AUDITORIA,CODG_USUARIO_CEPRO_SECURITY,DATA_OPERACAO,ENDR_IP,NOME_USUARIO_RESPONSAVEL,NUMR_CPF_USUARIO_RESPONSAVEL) values ('286','1',to_timestamp('25/10/18 13:41:19,286000000','DD/MM/RR HH24:MI:SSXFF'),'127.0.0.1','INTEGRA«√O SISTEMA DÕVIDA P⁄BLICA','36329059918');
Insert into FIPLAN_GMA_DES.DHWTB999_AUDITORIA (IDEN_AUDITORIA,CODG_USUARIO_CEPRO_SECURITY,DATA_OPERACAO,ENDR_IP,NOME_USUARIO_RESPONSAVEL,NUMR_CPF_USUARIO_RESPONSAVEL) values ('287','1',to_timestamp('25/10/18 13:42:37,388000000','DD/MM/RR HH24:MI:SSXFF'),'127.0.0.1','INTEGRA«√O SISTEMA DÕVIDA P⁄BLICA','36329059918');
Insert into FIPLAN_GMA_DES.DHWTB999_AUDITORIA (IDEN_AUDITORIA,CODG_USUARIO_CEPRO_SECURITY,DATA_OPERACAO,ENDR_IP,NOME_USUARIO_RESPONSAVEL,NUMR_CPF_USUARIO_RESPONSAVEL) values ('288','1',to_timestamp('25/10/18 13:43:23,334000000','DD/MM/RR HH24:MI:SSXFF'),'127.0.0.1','INTEGRA«√O SISTEMA DÕVIDA P⁄BLICA','36329059918');
Insert into FIPLAN_GMA_DES.DHWTB999_AUDITORIA (IDEN_AUDITORIA,CODG_USUARIO_CEPRO_SECURITY,DATA_OPERACAO,ENDR_IP,NOME_USUARIO_RESPONSAVEL,NUMR_CPF_USUARIO_RESPONSAVEL) values ('289','1',to_timestamp('25/10/18 13:44:15,162000000','DD/MM/RR HH24:MI:SSXFF'),'127.0.0.1','INTEGRA«√O SISTEMA DÕVIDA P⁄BLICA','36329059918');
Insert into FIPLAN_GMA_DES.DHWTB999_AUDITORIA (IDEN_AUDITORIA,CODG_USUARIO_CEPRO_SECURITY,DATA_OPERACAO,ENDR_IP,NOME_USUARIO_RESPONSAVEL,NUMR_CPF_USUARIO_RESPONSAVEL) values ('290','1',to_timestamp('25/10/18 13:49:27,916000000','DD/MM/RR HH24:MI:SSXFF'),'127.0.0.1','INTEGRA«√O SISTEMA DÕVIDA P⁄BLICA','36329059918');
Insert into FIPLAN_GMA_DES.DHWTB999_AUDITORIA (IDEN_AUDITORIA,CODG_USUARIO_CEPRO_SECURITY,DATA_OPERACAO,ENDR_IP,NOME_USUARIO_RESPONSAVEL,NUMR_CPF_USUARIO_RESPONSAVEL) values ('291','1',to_timestamp('25/10/18 13:49:36,203000000','DD/MM/RR HH24:MI:SSXFF'),'127.0.0.1','INTEGRA«√O SISTEMA DÕVIDA P⁄BLICA','36329059918');
Insert into FIPLAN_GMA_DES.DHWTB999_AUDITORIA (IDEN_AUDITORIA,CODG_USUARIO_CEPRO_SECURITY,DATA_OPERACAO,ENDR_IP,NOME_USUARIO_RESPONSAVEL,NUMR_CPF_USUARIO_RESPONSAVEL) values ('292','1',to_timestamp('25/10/18 13:52:46,945000000','DD/MM/RR HH24:MI:SSXFF'),'127.0.0.1','INTEGRA«√O SISTEMA DÕVIDA P⁄BLICA','36329059918');
Insert into FIPLAN_GMA_DES.DHWTB999_AUDITORIA (IDEN_AUDITORIA,CODG_USUARIO_CEPRO_SECURITY,DATA_OPERACAO,ENDR_IP,NOME_USUARIO_RESPONSAVEL,NUMR_CPF_USUARIO_RESPONSAVEL) values ('293','1',to_timestamp('25/10/18 13:53:56,602000000','DD/MM/RR HH24:MI:SSXFF'),'127.0.0.1','INTEGRA«√O SISTEMA DÕVIDA P⁄BLICA','36329059918');
Insert into FIPLAN_GMA_DES.DHWTB999_AUDITORIA (IDEN_AUDITORIA,CODG_USUARIO_CEPRO_SECURITY,DATA_OPERACAO,ENDR_IP,NOME_USUARIO_RESPONSAVEL,NUMR_CPF_USUARIO_RESPONSAVEL) values ('331','1',to_timestamp('26/10/18 10:34:34,597000000','DD/MM/RR HH24:MI:SSXFF'),'127.0.0.1','USUARIO MASTER','36329059918');
Insert into FIPLAN_GMA_DES.DHWTB999_AUDITORIA (IDEN_AUDITORIA,CODG_USUARIO_CEPRO_SECURITY,DATA_OPERACAO,ENDR_IP,NOME_USUARIO_RESPONSAVEL,NUMR_CPF_USUARIO_RESPONSAVEL) values ('332','1',to_timestamp('26/10/18 10:35:13,090000000','DD/MM/RR HH24:MI:SSXFF'),'127.0.0.1','USUARIO MASTER','36329059918');
Insert into FIPLAN_GMA_DES.DHWTB999_AUDITORIA (IDEN_AUDITORIA,CODG_USUARIO_CEPRO_SECURITY,DATA_OPERACAO,ENDR_IP,NOME_USUARIO_RESPONSAVEL,NUMR_CPF_USUARIO_RESPONSAVEL) values ('4','1',to_timestamp('03/10/18 12:07:52,819000000','DD/MM/RR HH24:MI:SSXFF'),'127.0.0.1','INTEGRA«√O SISTEMA DÕVIDA P⁄BLICA','36329059918');
Insert into FIPLAN_GMA_DES.DHWTB999_AUDITORIA (IDEN_AUDITORIA,CODG_USUARIO_CEPRO_SECURITY,DATA_OPERACAO,ENDR_IP,NOME_USUARIO_RESPONSAVEL,NUMR_CPF_USUARIO_RESPONSAVEL) values ('22','1',to_timestamp('04/10/18 14:41:12,711000000','DD/MM/RR HH24:MI:SSXFF'),'127.0.0.1','INTEGRA«√O SISTEMA DÕVIDA P⁄BLICA','36329059918');
Insert into FIPLAN_GMA_DES.DHWTB999_AUDITORIA (IDEN_AUDITORIA,CODG_USUARIO_CEPRO_SECURITY,DATA_OPERACAO,ENDR_IP,NOME_USUARIO_RESPONSAVEL,NUMR_CPF_USUARIO_RESPONSAVEL) values ('23','1',to_timestamp('04/10/18 14:42:02,709000000','DD/MM/RR HH24:MI:SSXFF'),'127.0.0.1','INTEGRA«√O SISTEMA DÕVIDA P⁄BLICA','36329059918');
Insert into FIPLAN_GMA_DES.DHWTB999_AUDITORIA (IDEN_AUDITORIA,CODG_USUARIO_CEPRO_SECURITY,DATA_OPERACAO,ENDR_IP,NOME_USUARIO_RESPONSAVEL,NUMR_CPF_USUARIO_RESPONSAVEL) values ('24','1',to_timestamp('04/10/18 14:42:57,192000000','DD/MM/RR HH24:MI:SSXFF'),'127.0.0.1','INTEGRA«√O SISTEMA DÕVIDA P⁄BLICA','36329059918');
Insert into FIPLAN_GMA_DES.DHWTB999_AUDITORIA (IDEN_AUDITORIA,CODG_USUARIO_CEPRO_SECURITY,DATA_OPERACAO,ENDR_IP,NOME_USUARIO_RESPONSAVEL,NUMR_CPF_USUARIO_RESPONSAVEL) values ('25','1',to_timestamp('04/10/18 14:43:33,855000000','DD/MM/RR HH24:MI:SSXFF'),'127.0.0.1','INTEGRA«√O SISTEMA DÕVIDA P⁄BLICA','36329059918');
Insert into FIPLAN_GMA_DES.DHWTB999_AUDITORIA (IDEN_AUDITORIA,CODG_USUARIO_CEPRO_SECURITY,DATA_OPERACAO,ENDR_IP,NOME_USUARIO_RESPONSAVEL,NUMR_CPF_USUARIO_RESPONSAVEL) values ('26','1',to_timestamp('04/10/18 15:08:03,125000000','DD/MM/RR HH24:MI:SSXFF'),'127.0.0.1','INTEGRA«√O SISTEMA DÕVIDA P⁄BLICA','36329059918');
Insert into FIPLAN_GMA_DES.DHWTB999_AUDITORIA (IDEN_AUDITORIA,CODG_USUARIO_CEPRO_SECURITY,DATA_OPERACAO,ENDR_IP,NOME_USUARIO_RESPONSAVEL,NUMR_CPF_USUARIO_RESPONSAVEL) values ('27','1',to_timestamp('04/10/18 15:21:24,910000000','DD/MM/RR HH24:MI:SSXFF'),'127.0.0.1','INTEGRA«√O SISTEMA DÕVIDA P⁄BLICA','36329059918');
Insert into FIPLAN_GMA_DES.DHWTB999_AUDITORIA (IDEN_AUDITORIA,CODG_USUARIO_CEPRO_SECURITY,DATA_OPERACAO,ENDR_IP,NOME_USUARIO_RESPONSAVEL,NUMR_CPF_USUARIO_RESPONSAVEL) values ('28','1',to_timestamp('04/10/18 15:25:01,277000000','DD/MM/RR HH24:MI:SSXFF'),'127.0.0.1','INTEGRA«√O SISTEMA DÕVIDA P⁄BLICA','36329059918');
Insert into FIPLAN_GMA_DES.DHWTB999_AUDITORIA (IDEN_AUDITORIA,CODG_USUARIO_CEPRO_SECURITY,DATA_OPERACAO,ENDR_IP,NOME_USUARIO_RESPONSAVEL,NUMR_CPF_USUARIO_RESPONSAVEL) values ('34','1',to_timestamp('04/10/18 15:44:59,970000000','DD/MM/RR HH24:MI:SSXFF'),'127.0.0.1','INTEGRA«√O SISTEMA DÕVIDA P⁄BLICA','36329059918');
Insert into FIPLAN_GMA_DES.DHWTB999_AUDITORIA (IDEN_AUDITORIA,CODG_USUARIO_CEPRO_SECURITY,DATA_OPERACAO,ENDR_IP,NOME_USUARIO_RESPONSAVEL,NUMR_CPF_USUARIO_RESPONSAVEL) values ('35','1',to_timestamp('04/10/18 15:45:14,058000000','DD/MM/RR HH24:MI:SSXFF'),'127.0.0.1','INTEGRA«√O SISTEMA DÕVIDA P⁄BLICA','36329059918');
Insert into FIPLAN_GMA_DES.DHWTB999_AUDITORIA (IDEN_AUDITORIA,CODG_USUARIO_CEPRO_SECURITY,DATA_OPERACAO,ENDR_IP,NOME_USUARIO_RESPONSAVEL,NUMR_CPF_USUARIO_RESPONSAVEL) values ('36','1',to_timestamp('04/10/18 15:45:25,097000000','DD/MM/RR HH24:MI:SSXFF'),'127.0.0.1','INTEGRA«√O SISTEMA DÕVIDA P⁄BLICA','36329059918');
Insert into FIPLAN_GMA_DES.DHWTB999_AUDITORIA (IDEN_AUDITORIA,CODG_USUARIO_CEPRO_SECURITY,DATA_OPERACAO,ENDR_IP,NOME_USUARIO_RESPONSAVEL,NUMR_CPF_USUARIO_RESPONSAVEL) values ('798','2',to_timestamp('14/11/18 15:23:20,305000000','DD/MM/RR HH24:MI:SSXFF'),'192.168.0.229','EDUARDO RAHEL MUNIZ FERREIRA','3302175183');
Insert into FIPLAN_GMA_DES.DHWTB999_AUDITORIA (IDEN_AUDITORIA,CODG_USUARIO_CEPRO_SECURITY,DATA_OPERACAO,ENDR_IP,NOME_USUARIO_RESPONSAVEL,NUMR_CPF_USUARIO_RESPONSAVEL) values ('799','2',to_timestamp('14/11/18 15:26:55,426000000','DD/MM/RR HH24:MI:SSXFF'),'192.168.0.229','EDUARDO RAHEL MUNIZ FERREIRA','3302175183');
Insert into FIPLAN_GMA_DES.DHWTB999_AUDITORIA (IDEN_AUDITORIA,CODG_USUARIO_CEPRO_SECURITY,DATA_OPERACAO,ENDR_IP,NOME_USUARIO_RESPONSAVEL,NUMR_CPF_USUARIO_RESPONSAVEL) values ('103','1',to_timestamp('10/10/18 16:31:52,713000000','DD/MM/RR HH24:MI:SSXFF'),'127.0.0.1','INTEGRA«√O SISTEMA DÕVIDA P⁄BLICA','36329059918');
Insert into FIPLAN_GMA_DES.DHWTB999_AUDITORIA (IDEN_AUDITORIA,CODG_USUARIO_CEPRO_SECURITY,DATA_OPERACAO,ENDR_IP,NOME_USUARIO_RESPONSAVEL,NUMR_CPF_USUARIO_RESPONSAVEL) values ('104','1',to_timestamp('10/10/18 16:36:33,041000000','DD/MM/RR HH24:MI:SSXFF'),'127.0.0.1','INTEGRA«√O SISTEMA DÕVIDA P⁄BLICA','36329059918');
Insert into FIPLAN_GMA_DES.DHWTB999_AUDITORIA (IDEN_AUDITORIA,CODG_USUARIO_CEPRO_SECURITY,DATA_OPERACAO,ENDR_IP,NOME_USUARIO_RESPONSAVEL,NUMR_CPF_USUARIO_RESPONSAVEL) values ('800','2',to_timestamp('14/11/18 15:27:22,077000000','DD/MM/RR HH24:MI:SSXFF'),'192.168.0.229','EDUARDO RAHEL MUNIZ FERREIRA','3302175183');
Insert into FIPLAN_GMA_DES.DHWTB999_AUDITORIA (IDEN_AUDITORIA,CODG_USUARIO_CEPRO_SECURITY,DATA_OPERACAO,ENDR_IP,NOME_USUARIO_RESPONSAVEL,NUMR_CPF_USUARIO_RESPONSAVEL) values ('801','2',to_timestamp('14/11/18 15:31:11,676000000','DD/MM/RR HH24:MI:SSXFF'),'192.168.0.229','EDUARDO RAHEL MUNIZ FERREIRA','3302175183');
Insert into FIPLAN_GMA_DES.DHWTB999_AUDITORIA (IDEN_AUDITORIA,CODG_USUARIO_CEPRO_SECURITY,DATA_OPERACAO,ENDR_IP,NOME_USUARIO_RESPONSAVEL,NUMR_CPF_USUARIO_RESPONSAVEL) values ('802','2',to_timestamp('14/11/18 15:31:54,399000000','DD/MM/RR HH24:MI:SSXFF'),'192.168.0.229','EDUARDO RAHEL MUNIZ FERREIRA','3302175183');
Insert into FIPLAN_GMA_DES.DHWTB999_AUDITORIA (IDEN_AUDITORIA,CODG_USUARIO_CEPRO_SECURITY,DATA_OPERACAO,ENDR_IP,NOME_USUARIO_RESPONSAVEL,NUMR_CPF_USUARIO_RESPONSAVEL) values ('803','2',to_timestamp('14/11/18 15:32:53,039000000','DD/MM/RR HH24:MI:SSXFF'),'192.168.0.229','EDUARDO RAHEL MUNIZ FERREIRA','3302175183');
Insert into FIPLAN_GMA_DES.DHWTB999_AUDITORIA (IDEN_AUDITORIA,CODG_USUARIO_CEPRO_SECURITY,DATA_OPERACAO,ENDR_IP,NOME_USUARIO_RESPONSAVEL,NUMR_CPF_USUARIO_RESPONSAVEL) values ('839','1',to_timestamp('21/11/18 15:28:26,609000000','DD/MM/RR HH24:MI:SSXFF'),'127.0.0.1','INTEGRA«√O SISTEMA DÕVIDA P⁄BLICA','36329059918');
Insert into FIPLAN_GMA_DES.DHWTB999_AUDITORIA (IDEN_AUDITORIA,CODG_USUARIO_CEPRO_SECURITY,DATA_OPERACAO,ENDR_IP,NOME_USUARIO_RESPONSAVEL,NUMR_CPF_USUARIO_RESPONSAVEL) values ('868','1',to_timestamp('22/11/18 17:10:10,886000000','DD/MM/RR HH24:MI:SSXFF'),'127.0.0.1','INTEGRA«√O SISTEMA DÕVIDA P⁄BLICA','36329059918');
Insert into FIPLAN_GMA_DES.DHWTB999_AUDITORIA (IDEN_AUDITORIA,CODG_USUARIO_CEPRO_SECURITY,DATA_OPERACAO,ENDR_IP,NOME_USUARIO_RESPONSAVEL,NUMR_CPF_USUARIO_RESPONSAVEL) values ('895','1',to_timestamp('23/11/18 15:30:28,188000000','DD/MM/RR HH24:MI:SSXFF'),'127.0.0.1','INTEGRA«√O SISTEMA DÕVIDA P⁄BLICA','36329059918');
Insert into FIPLAN_GMA_DES.DHWTB999_AUDITORIA (IDEN_AUDITORIA,CODG_USUARIO_CEPRO_SECURITY,DATA_OPERACAO,ENDR_IP,NOME_USUARIO_RESPONSAVEL,NUMR_CPF_USUARIO_RESPONSAVEL) values ('896','1',to_timestamp('23/11/18 15:43:17,809000000','DD/MM/RR HH24:MI:SSXFF'),'127.0.0.1','INTEGRA«√O SISTEMA DÕVIDA P⁄BLICA','36329059918');
Insert into FIPLAN_GMA_DES.DHWTB999_AUDITORIA (IDEN_AUDITORIA,CODG_USUARIO_CEPRO_SECURITY,DATA_OPERACAO,ENDR_IP,NOME_USUARIO_RESPONSAVEL,NUMR_CPF_USUARIO_RESPONSAVEL) values ('897','1',to_timestamp('23/11/18 15:50:07,066000000','DD/MM/RR HH24:MI:SSXFF'),'127.0.0.1','INTEGRA«√O SISTEMA DÕVIDA P⁄BLICA','36329059918');
Insert into FIPLAN_GMA_DES.DHWTB999_AUDITORIA (IDEN_AUDITORIA,CODG_USUARIO_CEPRO_SECURITY,DATA_OPERACAO,ENDR_IP,NOME_USUARIO_RESPONSAVEL,NUMR_CPF_USUARIO_RESPONSAVEL) values ('898','1',to_timestamp('23/11/18 15:52:04,810000000','DD/MM/RR HH24:MI:SSXFF'),'127.0.0.1','INTEGRA«√O SISTEMA DÕVIDA P⁄BLICA','36329059918');
Insert into FIPLAN_GMA_DES.DHWTB999_AUDITORIA (IDEN_AUDITORIA,CODG_USUARIO_CEPRO_SECURITY,DATA_OPERACAO,ENDR_IP,NOME_USUARIO_RESPONSAVEL,NUMR_CPF_USUARIO_RESPONSAVEL) values ('899','1',to_timestamp('23/11/18 15:52:56,223000000','DD/MM/RR HH24:MI:SSXFF'),'127.0.0.1','INTEGRA«√O SISTEMA DÕVIDA P⁄BLICA','36329059918');
Insert into FIPLAN_GMA_DES.DHWTB999_AUDITORIA (IDEN_AUDITORIA,CODG_USUARIO_CEPRO_SECURITY,DATA_OPERACAO,ENDR_IP,NOME_USUARIO_RESPONSAVEL,NUMR_CPF_USUARIO_RESPONSAVEL) values ('1040','1',to_timestamp('28/11/18 15:32:31,257000000','DD/MM/RR HH24:MI:SSXFF'),'127.0.0.1','INTEGRA«√O SISTEMA DÕVIDA P⁄BLICA','36329059918');
Insert into FIPLAN_GMA_DES.DHWTB999_AUDITORIA (IDEN_AUDITORIA,CODG_USUARIO_CEPRO_SECURITY,DATA_OPERACAO,ENDR_IP,NOME_USUARIO_RESPONSAVEL,NUMR_CPF_USUARIO_RESPONSAVEL) values ('1041','1',to_timestamp('28/11/18 15:48:23,817000000','DD/MM/RR HH24:MI:SSXFF'),'127.0.0.1','INTEGRA«√O SISTEMA DÕVIDA P⁄BLICA','36329059918');
Insert into FIPLAN_GMA_DES.DHWTB999_AUDITORIA (IDEN_AUDITORIA,CODG_USUARIO_CEPRO_SECURITY,DATA_OPERACAO,ENDR_IP,NOME_USUARIO_RESPONSAVEL,NUMR_CPF_USUARIO_RESPONSAVEL) values ('1042','1',to_timestamp('28/11/18 15:49:35,529000000','DD/MM/RR HH24:MI:SSXFF'),'127.0.0.1','INTEGRA«√O SISTEMA DÕVIDA P⁄BLICA','36329059918');
Insert into FIPLAN_GMA_DES.DHWTB999_AUDITORIA (IDEN_AUDITORIA,CODG_USUARIO_CEPRO_SECURITY,DATA_OPERACAO,ENDR_IP,NOME_USUARIO_RESPONSAVEL,NUMR_CPF_USUARIO_RESPONSAVEL) values ('1043','1',to_timestamp('28/11/18 15:55:55,436000000','DD/MM/RR HH24:MI:SSXFF'),'127.0.0.1','INTEGRA«√O SISTEMA DÕVIDA P⁄BLICA','36329059918');
Insert into FIPLAN_GMA_DES.DHWTB999_AUDITORIA (IDEN_AUDITORIA,CODG_USUARIO_CEPRO_SECURITY,DATA_OPERACAO,ENDR_IP,NOME_USUARIO_RESPONSAVEL,NUMR_CPF_USUARIO_RESPONSAVEL) values ('1044','1',to_timestamp('28/11/18 15:56:01,534000000','DD/MM/RR HH24:MI:SSXFF'),'127.0.0.1','INTEGRA«√O SISTEMA DÕVIDA P⁄BLICA','36329059918');
Insert into FIPLAN_GMA_DES.DHWTB999_AUDITORIA (IDEN_AUDITORIA,CODG_USUARIO_CEPRO_SECURITY,DATA_OPERACAO,ENDR_IP,NOME_USUARIO_RESPONSAVEL,NUMR_CPF_USUARIO_RESPONSAVEL) values ('1045','1',to_timestamp('28/11/18 16:33:14,122000000','DD/MM/RR HH24:MI:SSXFF'),'127.0.0.1','INTEGRA«√O SISTEMA DÕVIDA P⁄BLICA','36329059918');
Insert into FIPLAN_GMA_DES.DHWTB999_AUDITORIA (IDEN_AUDITORIA,CODG_USUARIO_CEPRO_SECURITY,DATA_OPERACAO,ENDR_IP,NOME_USUARIO_RESPONSAVEL,NUMR_CPF_USUARIO_RESPONSAVEL) values ('1046','1',to_timestamp('28/11/18 16:35:12,120000000','DD/MM/RR HH24:MI:SSXFF'),'127.0.0.1','INTEGRA«√O SISTEMA DÕVIDA P⁄BLICA','36329059918');
Insert into FIPLAN_GMA_DES.DHWTB999_AUDITORIA (IDEN_AUDITORIA,CODG_USUARIO_CEPRO_SECURITY,DATA_OPERACAO,ENDR_IP,NOME_USUARIO_RESPONSAVEL,NUMR_CPF_USUARIO_RESPONSAVEL) values ('1047','1',to_timestamp('28/11/18 16:36:07,924000000','DD/MM/RR HH24:MI:SSXFF'),'127.0.0.1','INTEGRA«√O SISTEMA DÕVIDA P⁄BLICA','36329059918');
Insert into FIPLAN_GMA_DES.DHWTB999_AUDITORIA (IDEN_AUDITORIA,CODG_USUARIO_CEPRO_SECURITY,DATA_OPERACAO,ENDR_IP,NOME_USUARIO_RESPONSAVEL,NUMR_CPF_USUARIO_RESPONSAVEL) values ('1048','1',to_timestamp('28/11/18 16:39:06,793000000','DD/MM/RR HH24:MI:SSXFF'),'127.0.0.1','INTEGRA«√O SISTEMA DÕVIDA P⁄BLICA','36329059918');
Insert into FIPLAN_GMA_DES.DHWTB999_AUDITORIA (IDEN_AUDITORIA,CODG_USUARIO_CEPRO_SECURITY,DATA_OPERACAO,ENDR_IP,NOME_USUARIO_RESPONSAVEL,NUMR_CPF_USUARIO_RESPONSAVEL) values ('1049','1',to_timestamp('28/11/18 16:39:55,651000000','DD/MM/RR HH24:MI:SSXFF'),'127.0.0.1','INTEGRA«√O SISTEMA DÕVIDA P⁄BLICA','36329059918');
Insert into FIPLAN_GMA_DES.DHWTB999_AUDITORIA (IDEN_AUDITORIA,CODG_USUARIO_CEPRO_SECURITY,DATA_OPERACAO,ENDR_IP,NOME_USUARIO_RESPONSAVEL,NUMR_CPF_USUARIO_RESPONSAVEL) values ('840','2',to_timestamp('21/11/18 15:31:40,275000000','DD/MM/RR HH24:MI:SSXFF'),'192.168.0.229','EDUARDO RAHEL MUNIZ FERREIRA','3302175183');
Insert into FIPLAN_GMA_DES.DHWTB999_AUDITORIA (IDEN_AUDITORIA,CODG_USUARIO_CEPRO_SECURITY,DATA_OPERACAO,ENDR_IP,NOME_USUARIO_RESPONSAVEL,NUMR_CPF_USUARIO_RESPONSAVEL) values ('841','6',to_timestamp('21/11/18 15:33:51,371000000','DD/MM/RR HH24:MI:SSXFF'),'192.168.0.229','JODELISMARKO MAMOR… DE MELO','539211192');
Insert into FIPLAN_GMA_DES.DHWTB999_AUDITORIA (IDEN_AUDITORIA,CODG_USUARIO_CEPRO_SECURITY,DATA_OPERACAO,ENDR_IP,NOME_USUARIO_RESPONSAVEL,NUMR_CPF_USUARIO_RESPONSAVEL) values ('847','1',to_timestamp('21/11/18 17:29:25,854000000','DD/MM/RR HH24:MI:SSXFF'),'127.0.0.1','INTEGRA«√O SISTEMA DÕVIDA P⁄BLICA','36329059918');
Insert into FIPLAN_GMA_DES.DHWTB999_AUDITORIA (IDEN_AUDITORIA,CODG_USUARIO_CEPRO_SECURITY,DATA_OPERACAO,ENDR_IP,NOME_USUARIO_RESPONSAVEL,NUMR_CPF_USUARIO_RESPONSAVEL) values ('848','1',to_timestamp('21/11/18 17:45:36,844000000','DD/MM/RR HH24:MI:SSXFF'),'127.0.0.1','INTEGRA«√O SISTEMA DÕVIDA P⁄BLICA','36329059918');
Insert into FIPLAN_GMA_DES.DHWTB999_AUDITORIA (IDEN_AUDITORIA,CODG_USUARIO_CEPRO_SECURITY,DATA_OPERACAO,ENDR_IP,NOME_USUARIO_RESPONSAVEL,NUMR_CPF_USUARIO_RESPONSAVEL) values ('849','1',to_timestamp('21/11/18 17:46:01,442000000','DD/MM/RR HH24:MI:SSXFF'),'127.0.0.1','INTEGRA«√O SISTEMA DÕVIDA P⁄BLICA','36329059918');
Insert into FIPLAN_GMA_DES.DHWTB999_AUDITORIA (IDEN_AUDITORIA,CODG_USUARIO_CEPRO_SECURITY,DATA_OPERACAO,ENDR_IP,NOME_USUARIO_RESPONSAVEL,NUMR_CPF_USUARIO_RESPONSAVEL) values ('850','1',to_timestamp('21/11/18 17:46:26,130000000','DD/MM/RR HH24:MI:SSXFF'),'127.0.0.1','INTEGRA«√O SISTEMA DÕVIDA P⁄BLICA','36329059918');
Insert into FIPLAN_GMA_DES.DHWTB999_AUDITORIA (IDEN_AUDITORIA,CODG_USUARIO_CEPRO_SECURITY,DATA_OPERACAO,ENDR_IP,NOME_USUARIO_RESPONSAVEL,NUMR_CPF_USUARIO_RESPONSAVEL) values ('851','1',to_timestamp('21/11/18 17:56:26,401000000','DD/MM/RR HH24:MI:SSXFF'),'127.0.0.1','INTEGRA«√O SISTEMA DÕVIDA P⁄BLICA','36329059918');
Insert into FIPLAN_GMA_DES.DHWTB999_AUDITORIA (IDEN_AUDITORIA,CODG_USUARIO_CEPRO_SECURITY,DATA_OPERACAO,ENDR_IP,NOME_USUARIO_RESPONSAVEL,NUMR_CPF_USUARIO_RESPONSAVEL) values ('862','1',to_timestamp('22/11/18 16:29:42,250000000','DD/MM/RR HH24:MI:SSXFF'),'127.0.0.1','INTEGRA«√O SISTEMA DÕVIDA P⁄BLICA','36329059918');
Insert into FIPLAN_GMA_DES.DHWTB999_AUDITORIA (IDEN_AUDITORIA,CODG_USUARIO_CEPRO_SECURITY,DATA_OPERACAO,ENDR_IP,NOME_USUARIO_RESPONSAVEL,NUMR_CPF_USUARIO_RESPONSAVEL) values ('863','1',to_timestamp('22/11/18 16:32:01,123000000','DD/MM/RR HH24:MI:SSXFF'),'127.0.0.1','INTEGRA«√O SISTEMA DÕVIDA P⁄BLICA','36329059918');
Insert into FIPLAN_GMA_DES.DHWTB999_AUDITORIA (IDEN_AUDITORIA,CODG_USUARIO_CEPRO_SECURITY,DATA_OPERACAO,ENDR_IP,NOME_USUARIO_RESPONSAVEL,NUMR_CPF_USUARIO_RESPONSAVEL) values ('954','4',to_timestamp('28/11/18 10:30:45,642000000','DD/MM/RR HH24:MI:SSXFF'),'192.168.0.229','JONATHAN INACIO LIMA DA SILVA','4267231125');
Insert into FIPLAN_GMA_DES.DHWTB999_AUDITORIA (IDEN_AUDITORIA,CODG_USUARIO_CEPRO_SECURITY,DATA_OPERACAO,ENDR_IP,NOME_USUARIO_RESPONSAVEL,NUMR_CPF_USUARIO_RESPONSAVEL) values ('1061','1',to_timestamp('29/11/18 11:41:12,639000000','DD/MM/RR HH24:MI:SSXFF'),'127.0.0.1','INTEGRA«√O SISTEMA DÕVIDA P⁄BLICA','36329059918');
Insert into FIPLAN_GMA_DES.DHWTB999_AUDITORIA (IDEN_AUDITORIA,CODG_USUARIO_CEPRO_SECURITY,DATA_OPERACAO,ENDR_IP,NOME_USUARIO_RESPONSAVEL,NUMR_CPF_USUARIO_RESPONSAVEL) values ('1064','1',to_timestamp('29/11/18 12:44:17,980000000','DD/MM/RR HH24:MI:SSXFF'),'127.0.0.1','INTEGRA«√O SISTEMA DÕVIDA P⁄BLICA','36329059918');
Insert into FIPLAN_GMA_DES.DHWTB999_AUDITORIA (IDEN_AUDITORIA,CODG_USUARIO_CEPRO_SECURITY,DATA_OPERACAO,ENDR_IP,NOME_USUARIO_RESPONSAVEL,NUMR_CPF_USUARIO_RESPONSAVEL) values ('1077','1',to_timestamp('29/11/18 15:32:08,081000000','DD/MM/RR HH24:MI:SSXFF'),'127.0.0.1','INTEGRA«√O SISTEMA DÕVIDA P⁄BLICA','36329059918');
Insert into FIPLAN_GMA_DES.DHWTB999_AUDITORIA (IDEN_AUDITORIA,CODG_USUARIO_CEPRO_SECURITY,DATA_OPERACAO,ENDR_IP,NOME_USUARIO_RESPONSAVEL,NUMR_CPF_USUARIO_RESPONSAVEL) values ('1078','1',to_timestamp('29/11/18 15:33:55,179000000','DD/MM/RR HH24:MI:SSXFF'),'127.0.0.1','INTEGRA«√O SISTEMA DÕVIDA P⁄BLICA','36329059918');
Insert into FIPLAN_GMA_DES.DHWTB999_AUDITORIA (IDEN_AUDITORIA,CODG_USUARIO_CEPRO_SECURITY,DATA_OPERACAO,ENDR_IP,NOME_USUARIO_RESPONSAVEL,NUMR_CPF_USUARIO_RESPONSAVEL) values ('1079','1',to_timestamp('29/11/18 15:34:05,147000000','DD/MM/RR HH24:MI:SSXFF'),'127.0.0.1','INTEGRA«√O SISTEMA DÕVIDA P⁄BLICA','36329059918');
Insert into FIPLAN_GMA_DES.DHWTB999_AUDITORIA (IDEN_AUDITORIA,CODG_USUARIO_CEPRO_SECURITY,DATA_OPERACAO,ENDR_IP,NOME_USUARIO_RESPONSAVEL,NUMR_CPF_USUARIO_RESPONSAVEL) values ('1080','1',to_timestamp('29/11/18 15:37:39,963000000','DD/MM/RR HH24:MI:SSXFF'),'127.0.0.1','INTEGRA«√O SISTEMA DÕVIDA P⁄BLICA','36329059918');
Insert into FIPLAN_GMA_DES.DHWTB999_AUDITORIA (IDEN_AUDITORIA,CODG_USUARIO_CEPRO_SECURITY,DATA_OPERACAO,ENDR_IP,NOME_USUARIO_RESPONSAVEL,NUMR_CPF_USUARIO_RESPONSAVEL) values ('1081','1',to_timestamp('29/11/18 15:37:42,407000000','DD/MM/RR HH24:MI:SSXFF'),'127.0.0.1','INTEGRA«√O SISTEMA DÕVIDA P⁄BLICA','36329059918');
Insert into FIPLAN_GMA_DES.DHWTB999_AUDITORIA (IDEN_AUDITORIA,CODG_USUARIO_CEPRO_SECURITY,DATA_OPERACAO,ENDR_IP,NOME_USUARIO_RESPONSAVEL,NUMR_CPF_USUARIO_RESPONSAVEL) values ('1082','1',to_timestamp('29/11/18 15:40:14,700000000','DD/MM/RR HH24:MI:SSXFF'),'127.0.0.1','INTEGRA«√O SISTEMA DÕVIDA P⁄BLICA','36329059918');
Insert into FIPLAN_GMA_DES.DHWTB999_AUDITORIA (IDEN_AUDITORIA,CODG_USUARIO_CEPRO_SECURITY,DATA_OPERACAO,ENDR_IP,NOME_USUARIO_RESPONSAVEL,NUMR_CPF_USUARIO_RESPONSAVEL) values ('1083','1',to_timestamp('29/11/18 15:54:57,493000000','DD/MM/RR HH24:MI:SSXFF'),'127.0.0.1','INTEGRA«√O SISTEMA DÕVIDA P⁄BLICA','36329059918');
Insert into FIPLAN_GMA_DES.DHWTB999_AUDITORIA (IDEN_AUDITORIA,CODG_USUARIO_CEPRO_SECURITY,DATA_OPERACAO,ENDR_IP,NOME_USUARIO_RESPONSAVEL,NUMR_CPF_USUARIO_RESPONSAVEL) values ('1086','1',to_timestamp('29/11/18 16:15:35,767000000','DD/MM/RR HH24:MI:SSXFF'),'127.0.0.1','INTEGRA«√O SISTEMA DÕVIDA P⁄BLICA','36329059918');
Insert into FIPLAN_GMA_DES.DHWTB999_AUDITORIA (IDEN_AUDITORIA,CODG_USUARIO_CEPRO_SECURITY,DATA_OPERACAO,ENDR_IP,NOME_USUARIO_RESPONSAVEL,NUMR_CPF_USUARIO_RESPONSAVEL) values ('1087','1',to_timestamp('29/11/18 16:16:42,071000000','DD/MM/RR HH24:MI:SSXFF'),'127.0.0.1','INTEGRA«√O SISTEMA DÕVIDA P⁄BLICA','36329059918');
Insert into FIPLAN_GMA_DES.DHWTB999_AUDITORIA (IDEN_AUDITORIA,CODG_USUARIO_CEPRO_SECURITY,DATA_OPERACAO,ENDR_IP,NOME_USUARIO_RESPONSAVEL,NUMR_CPF_USUARIO_RESPONSAVEL) values ('1088','1',to_timestamp('29/11/18 16:17:45,405000000','DD/MM/RR HH24:MI:SSXFF'),'127.0.0.1','INTEGRA«√O SISTEMA DÕVIDA P⁄BLICA','36329059918');
Insert into FIPLAN_GMA_DES.DHWTB999_AUDITORIA (IDEN_AUDITORIA,CODG_USUARIO_CEPRO_SECURITY,DATA_OPERACAO,ENDR_IP,NOME_USUARIO_RESPONSAVEL,NUMR_CPF_USUARIO_RESPONSAVEL) values ('1089','1',to_timestamp('29/11/18 16:32:06,576000000','DD/MM/RR HH24:MI:SSXFF'),'127.0.0.1','INTEGRA«√O SISTEMA DÕVIDA P⁄BLICA','36329059918');
Insert into FIPLAN_GMA_DES.DHWTB999_AUDITORIA (IDEN_AUDITORIA,CODG_USUARIO_CEPRO_SECURITY,DATA_OPERACAO,ENDR_IP,NOME_USUARIO_RESPONSAVEL,NUMR_CPF_USUARIO_RESPONSAVEL) values ('1090','1',to_timestamp('29/11/18 16:32:53,573000000','DD/MM/RR HH24:MI:SSXFF'),'127.0.0.1','INTEGRA«√O SISTEMA DÕVIDA P⁄BLICA','36329059918');
Insert into FIPLAN_GMA_DES.DHWTB999_AUDITORIA (IDEN_AUDITORIA,CODG_USUARIO_CEPRO_SECURITY,DATA_OPERACAO,ENDR_IP,NOME_USUARIO_RESPONSAVEL,NUMR_CPF_USUARIO_RESPONSAVEL) values ('835','2',to_timestamp('21/11/18 14:39:40,231000000','DD/MM/RR HH24:MI:SSXFF'),'192.168.0.229','EDUARDO RAHEL MUNIZ FERREIRA','3302175183');
Insert into FIPLAN_GMA_DES.DHWTB999_AUDITORIA (IDEN_AUDITORIA,CODG_USUARIO_CEPRO_SECURITY,DATA_OPERACAO,ENDR_IP,NOME_USUARIO_RESPONSAVEL,NUMR_CPF_USUARIO_RESPONSAVEL) values ('836','6',to_timestamp('21/11/18 15:24:00,319000000','DD/MM/RR HH24:MI:SSXFF'),'192.168.0.229','JODELISMARKO MAMOR… DE MELO','539211192');
Insert into FIPLAN_GMA_DES.DHWTB999_AUDITORIA (IDEN_AUDITORIA,CODG_USUARIO_CEPRO_SECURITY,DATA_OPERACAO,ENDR_IP,NOME_USUARIO_RESPONSAVEL,NUMR_CPF_USUARIO_RESPONSAVEL) values ('837','6',to_timestamp('21/11/18 15:24:40,971000000','DD/MM/RR HH24:MI:SSXFF'),'192.168.0.229','JODELISMARKO MAMOR… DE MELO','539211192');
Insert into FIPLAN_GMA_DES.DHWTB999_AUDITORIA (IDEN_AUDITORIA,CODG_USUARIO_CEPRO_SECURITY,DATA_OPERACAO,ENDR_IP,NOME_USUARIO_RESPONSAVEL,NUMR_CPF_USUARIO_RESPONSAVEL) values ('842','2',to_timestamp('21/11/18 16:04:37,850000000','DD/MM/RR HH24:MI:SSXFF'),'192.168.0.229','EDUARDO RAHEL MUNIZ FERREIRA','3302175183');
Insert into FIPLAN_GMA_DES.DHWTB999_AUDITORIA (IDEN_AUDITORIA,CODG_USUARIO_CEPRO_SECURITY,DATA_OPERACAO,ENDR_IP,NOME_USUARIO_RESPONSAVEL,NUMR_CPF_USUARIO_RESPONSAVEL) values ('843','2',to_timestamp('21/11/18 16:11:00,684000000','DD/MM/RR HH24:MI:SSXFF'),'192.168.0.229','EDUARDO RAHEL MUNIZ FERREIRA','3302175183');
Insert into FIPLAN_GMA_DES.DHWTB999_AUDITORIA (IDEN_AUDITORIA,CODG_USUARIO_CEPRO_SECURITY,DATA_OPERACAO,ENDR_IP,NOME_USUARIO_RESPONSAVEL,NUMR_CPF_USUARIO_RESPONSAVEL) values ('844','2',to_timestamp('21/11/18 16:12:23,861000000','DD/MM/RR HH24:MI:SSXFF'),'192.168.0.229','EDUARDO RAHEL MUNIZ FERREIRA','3302175183');
Insert into FIPLAN_GMA_DES.DHWTB999_AUDITORIA (IDEN_AUDITORIA,CODG_USUARIO_CEPRO_SECURITY,DATA_OPERACAO,ENDR_IP,NOME_USUARIO_RESPONSAVEL,NUMR_CPF_USUARIO_RESPONSAVEL) values ('845','2',to_timestamp('21/11/18 16:14:02,070000000','DD/MM/RR HH24:MI:SSXFF'),'192.168.0.229','EDUARDO RAHEL MUNIZ FERREIRA','3302175183');
Insert into FIPLAN_GMA_DES.DHWTB999_AUDITORIA (IDEN_AUDITORIA,CODG_USUARIO_CEPRO_SECURITY,DATA_OPERACAO,ENDR_IP,NOME_USUARIO_RESPONSAVEL,NUMR_CPF_USUARIO_RESPONSAVEL) values ('846','2',to_timestamp('21/11/18 16:18:13,873000000','DD/MM/RR HH24:MI:SSXFF'),'192.168.0.229','EDUARDO RAHEL MUNIZ FERREIRA','3302175183');
Insert into FIPLAN_GMA_DES.DHWTB999_AUDITORIA (IDEN_AUDITORIA,CODG_USUARIO_CEPRO_SECURITY,DATA_OPERACAO,ENDR_IP,NOME_USUARIO_RESPONSAVEL,NUMR_CPF_USUARIO_RESPONSAVEL) values ('852','4',to_timestamp('22/11/18 15:20:18,592000000','DD/MM/RR HH24:MI:SSXFF'),'192.168.0.229','JONATHAN INACIO LIMA DA SILVA','4267231125');
Insert into FIPLAN_GMA_DES.DHWTB999_AUDITORIA (IDEN_AUDITORIA,CODG_USUARIO_CEPRO_SECURITY,DATA_OPERACAO,ENDR_IP,NOME_USUARIO_RESPONSAVEL,NUMR_CPF_USUARIO_RESPONSAVEL) values ('853','4',to_timestamp('22/11/18 15:21:24,799000000','DD/MM/RR HH24:MI:SSXFF'),'192.168.0.229','JONATHAN INACIO LIMA DA SILVA','4267231125');
Insert into FIPLAN_GMA_DES.DHWTB999_AUDITORIA (IDEN_AUDITORIA,CODG_USUARIO_CEPRO_SECURITY,DATA_OPERACAO,ENDR_IP,NOME_USUARIO_RESPONSAVEL,NUMR_CPF_USUARIO_RESPONSAVEL) values ('854','4',to_timestamp('22/11/18 15:24:18,084000000','DD/MM/RR HH24:MI:SSXFF'),'192.168.0.229','JONATHAN INACIO LIMA DA SILVA','4267231125');
Insert into FIPLAN_GMA_DES.DHWTB999_AUDITORIA (IDEN_AUDITORIA,CODG_USUARIO_CEPRO_SECURITY,DATA_OPERACAO,ENDR_IP,NOME_USUARIO_RESPONSAVEL,NUMR_CPF_USUARIO_RESPONSAVEL) values ('855','4',to_timestamp('22/11/18 15:24:38,322000000','DD/MM/RR HH24:MI:SSXFF'),'192.168.0.229','JONATHAN INACIO LIMA DA SILVA','4267231125');
Insert into FIPLAN_GMA_DES.DHWTB999_AUDITORIA (IDEN_AUDITORIA,CODG_USUARIO_CEPRO_SECURITY,DATA_OPERACAO,ENDR_IP,NOME_USUARIO_RESPONSAVEL,NUMR_CPF_USUARIO_RESPONSAVEL) values ('856','4',to_timestamp('22/11/18 15:25:18,359000000','DD/MM/RR HH24:MI:SSXFF'),'192.168.0.229','JONATHAN INACIO LIMA DA SILVA','4267231125');
Insert into FIPLAN_GMA_DES.DHWTB999_AUDITORIA (IDEN_AUDITORIA,CODG_USUARIO_CEPRO_SECURITY,DATA_OPERACAO,ENDR_IP,NOME_USUARIO_RESPONSAVEL,NUMR_CPF_USUARIO_RESPONSAVEL) values ('857','4',to_timestamp('22/11/18 15:25:37,214000000','DD/MM/RR HH24:MI:SSXFF'),'192.168.0.229','JONATHAN INACIO LIMA DA SILVA','4267231125');
Insert into FIPLAN_GMA_DES.DHWTB999_AUDITORIA (IDEN_AUDITORIA,CODG_USUARIO_CEPRO_SECURITY,DATA_OPERACAO,ENDR_IP,NOME_USUARIO_RESPONSAVEL,NUMR_CPF_USUARIO_RESPONSAVEL) values ('858','4',to_timestamp('22/11/18 15:28:03,491000000','DD/MM/RR HH24:MI:SSXFF'),'192.168.0.229','JONATHAN INACIO LIMA DA SILVA','4267231125');
Insert into FIPLAN_GMA_DES.DHWTB999_AUDITORIA (IDEN_AUDITORIA,CODG_USUARIO_CEPRO_SECURITY,DATA_OPERACAO,ENDR_IP,NOME_USUARIO_RESPONSAVEL,NUMR_CPF_USUARIO_RESPONSAVEL) values ('859','6',to_timestamp('22/11/18 15:52:18,435000000','DD/MM/RR HH24:MI:SSXFF'),'192.168.0.229','JODELISMARKO MAMOR… DE MELO','539211192');
Insert into FIPLAN_GMA_DES.DHWTB999_AUDITORIA (IDEN_AUDITORIA,CODG_USUARIO_CEPRO_SECURITY,DATA_OPERACAO,ENDR_IP,NOME_USUARIO_RESPONSAVEL,NUMR_CPF_USUARIO_RESPONSAVEL) values ('860','1',to_timestamp('22/11/18 15:55:28,075000000','DD/MM/RR HH24:MI:SSXFF'),'127.0.0.1','INTEGRA«√O SISTEMA DÕVIDA P⁄BLICA','36329059918');
Insert into FIPLAN_GMA_DES.DHWTB999_AUDITORIA (IDEN_AUDITORIA,CODG_USUARIO_CEPRO_SECURITY,DATA_OPERACAO,ENDR_IP,NOME_USUARIO_RESPONSAVEL,NUMR_CPF_USUARIO_RESPONSAVEL) values ('861','6',to_timestamp('22/11/18 15:55:29,626000000','DD/MM/RR HH24:MI:SSXFF'),'192.168.0.229','JODELISMARKO MAMOR… DE MELO','539211192');
Insert into FIPLAN_GMA_DES.DHWTB999_AUDITORIA (IDEN_AUDITORIA,CODG_USUARIO_CEPRO_SECURITY,DATA_OPERACAO,ENDR_IP,NOME_USUARIO_RESPONSAVEL,NUMR_CPF_USUARIO_RESPONSAVEL) values ('864','2',to_timestamp('22/11/18 16:42:56,101000000','DD/MM/RR HH24:MI:SSXFF'),'192.168.0.229','EDUARDO RAHEL MUNIZ FERREIRA','3302175183');
Insert into FIPLAN_GMA_DES.DHWTB999_AUDITORIA (IDEN_AUDITORIA,CODG_USUARIO_CEPRO_SECURITY,DATA_OPERACAO,ENDR_IP,NOME_USUARIO_RESPONSAVEL,NUMR_CPF_USUARIO_RESPONSAVEL) values ('865','2',to_timestamp('22/11/18 16:45:24,896000000','DD/MM/RR HH24:MI:SSXFF'),'192.168.0.229','EDUARDO RAHEL MUNIZ FERREIRA','3302175183');
Insert into FIPLAN_GMA_DES.DHWTB999_AUDITORIA (IDEN_AUDITORIA,CODG_USUARIO_CEPRO_SECURITY,DATA_OPERACAO,ENDR_IP,NOME_USUARIO_RESPONSAVEL,NUMR_CPF_USUARIO_RESPONSAVEL) values ('866','2',to_timestamp('22/11/18 16:59:23,817000000','DD/MM/RR HH24:MI:SSXFF'),'192.168.0.229','EDUARDO RAHEL MUNIZ FERREIRA','3302175183');
Insert into FIPLAN_GMA_DES.DHWTB999_AUDITORIA (IDEN_AUDITORIA,CODG_USUARIO_CEPRO_SECURITY,DATA_OPERACAO,ENDR_IP,NOME_USUARIO_RESPONSAVEL,NUMR_CPF_USUARIO_RESPONSAVEL) values ('934','1',to_timestamp('27/11/18 12:31:31,917000000','DD/MM/RR HH24:MI:SSXFF'),'127.0.0.1','INTEGRA«√O SISTEMA DÕVIDA P⁄BLICA','36329059918');
Insert into FIPLAN_GMA_DES.DHWTB999_AUDITORIA (IDEN_AUDITORIA,CODG_USUARIO_CEPRO_SECURITY,DATA_OPERACAO,ENDR_IP,NOME_USUARIO_RESPONSAVEL,NUMR_CPF_USUARIO_RESPONSAVEL) values ('935','7',to_timestamp('27/11/18 12:38:18,403000000','DD/MM/RR HH24:MI:SSXFF'),'127.0.0.1','MARCOS FELIPE SANTOS DE OLIVEIRA','2719840157');
Insert into FIPLAN_GMA_DES.DHWTB999_AUDITORIA (IDEN_AUDITORIA,CODG_USUARIO_CEPRO_SECURITY,DATA_OPERACAO,ENDR_IP,NOME_USUARIO_RESPONSAVEL,NUMR_CPF_USUARIO_RESPONSAVEL) values ('955','1',to_timestamp('28/11/18 10:39:10,536000000','DD/MM/RR HH24:MI:SSXFF'),'127.0.0.1','INTEGRA«√O SISTEMA DÕVIDA P⁄BLICA','36329059918');
Insert into FIPLAN_GMA_DES.DHWTB999_AUDITORIA (IDEN_AUDITORIA,CODG_USUARIO_CEPRO_SECURITY,DATA_OPERACAO,ENDR_IP,NOME_USUARIO_RESPONSAVEL,NUMR_CPF_USUARIO_RESPONSAVEL) values ('956','1',to_timestamp('28/11/18 10:53:13,963000000','DD/MM/RR HH24:MI:SSXFF'),'127.0.0.1','INTEGRA«√O SISTEMA DÕVIDA P⁄BLICA','36329059918');
Insert into FIPLAN_GMA_DES.DHWTB999_AUDITORIA (IDEN_AUDITORIA,CODG_USUARIO_CEPRO_SECURITY,DATA_OPERACAO,ENDR_IP,NOME_USUARIO_RESPONSAVEL,NUMR_CPF_USUARIO_RESPONSAVEL) values ('1091','1',to_timestamp('30/11/18 09:53:17,987000000','DD/MM/RR HH24:MI:SSXFF'),'127.0.0.1','INTEGRA«√O SISTEMA DÕVIDA P⁄BLICA','36329059918');
Insert into FIPLAN_GMA_DES.DHWTB999_AUDITORIA (IDEN_AUDITORIA,CODG_USUARIO_CEPRO_SECURITY,DATA_OPERACAO,ENDR_IP,NOME_USUARIO_RESPONSAVEL,NUMR_CPF_USUARIO_RESPONSAVEL) values ('882','4',to_timestamp('23/11/18 11:39:37,193000000','DD/MM/RR HH24:MI:SSXFF'),'127.0.0.1','JONATHAN INACIO LIMA DA SILVA','4267231125');
Insert into FIPLAN_GMA_DES.DHWTB999_AUDITORIA (IDEN_AUDITORIA,CODG_USUARIO_CEPRO_SECURITY,DATA_OPERACAO,ENDR_IP,NOME_USUARIO_RESPONSAVEL,NUMR_CPF_USUARIO_RESPONSAVEL) values ('883','2',to_timestamp('23/11/18 13:53:44,845000000','DD/MM/RR HH24:MI:SSXFF'),'192.168.0.229','EDUARDO RAHEL MUNIZ FERREIRA','3302175183');
Insert into FIPLAN_GMA_DES.DHWTB999_AUDITORIA (IDEN_AUDITORIA,CODG_USUARIO_CEPRO_SECURITY,DATA_OPERACAO,ENDR_IP,NOME_USUARIO_RESPONSAVEL,NUMR_CPF_USUARIO_RESPONSAVEL) values ('884','2',to_timestamp('23/11/18 13:58:08,545000000','DD/MM/RR HH24:MI:SSXFF'),'192.168.0.229','EDUARDO RAHEL MUNIZ FERREIRA','3302175183');
Insert into FIPLAN_GMA_DES.DHWTB999_AUDITORIA (IDEN_AUDITORIA,CODG_USUARIO_CEPRO_SECURITY,DATA_OPERACAO,ENDR_IP,NOME_USUARIO_RESPONSAVEL,NUMR_CPF_USUARIO_RESPONSAVEL) values ('885','2',to_timestamp('23/11/18 13:58:40,756000000','DD/MM/RR HH24:MI:SSXFF'),'192.168.0.229','EDUARDO RAHEL MUNIZ FERREIRA','3302175183');
Insert into FIPLAN_GMA_DES.DHWTB999_AUDITORIA (IDEN_AUDITORIA,CODG_USUARIO_CEPRO_SECURITY,DATA_OPERACAO,ENDR_IP,NOME_USUARIO_RESPONSAVEL,NUMR_CPF_USUARIO_RESPONSAVEL) values ('886','2',to_timestamp('23/11/18 14:05:48,125000000','DD/MM/RR HH24:MI:SSXFF'),'192.168.0.229','EDUARDO RAHEL MUNIZ FERREIRA','3302175183');
Insert into FIPLAN_GMA_DES.DHWTB999_AUDITORIA (IDEN_AUDITORIA,CODG_USUARIO_CEPRO_SECURITY,DATA_OPERACAO,ENDR_IP,NOME_USUARIO_RESPONSAVEL,NUMR_CPF_USUARIO_RESPONSAVEL) values ('887','2',to_timestamp('23/11/18 14:07:07,161000000','DD/MM/RR HH24:MI:SSXFF'),'192.168.0.229','EDUARDO RAHEL MUNIZ FERREIRA','3302175183');
Insert into FIPLAN_GMA_DES.DHWTB999_AUDITORIA (IDEN_AUDITORIA,CODG_USUARIO_CEPRO_SECURITY,DATA_OPERACAO,ENDR_IP,NOME_USUARIO_RESPONSAVEL,NUMR_CPF_USUARIO_RESPONSAVEL) values ('888','1',to_timestamp('23/11/18 14:09:36,895000000','DD/MM/RR HH24:MI:SSXFF'),'127.0.0.1','INTEGRA«√O SISTEMA DÕVIDA P⁄BLICA','36329059918');
Insert into FIPLAN_GMA_DES.DHWTB999_AUDITORIA (IDEN_AUDITORIA,CODG_USUARIO_CEPRO_SECURITY,DATA_OPERACAO,ENDR_IP,NOME_USUARIO_RESPONSAVEL,NUMR_CPF_USUARIO_RESPONSAVEL) values ('889','1',to_timestamp('23/11/18 14:11:18,154000000','DD/MM/RR HH24:MI:SSXFF'),'127.0.0.1','INTEGRA«√O SISTEMA DÕVIDA P⁄BLICA','36329059918');
Insert into FIPLAN_GMA_DES.DHWTB999_AUDITORIA (IDEN_AUDITORIA,CODG_USUARIO_CEPRO_SECURITY,DATA_OPERACAO,ENDR_IP,NOME_USUARIO_RESPONSAVEL,NUMR_CPF_USUARIO_RESPONSAVEL) values ('890','1',to_timestamp('23/11/18 14:11:27,837000000','DD/MM/RR HH24:MI:SSXFF'),'127.0.0.1','INTEGRA«√O SISTEMA DÕVIDA P⁄BLICA','36329059918');
Insert into FIPLAN_GMA_DES.DHWTB999_AUDITORIA (IDEN_AUDITORIA,CODG_USUARIO_CEPRO_SECURITY,DATA_OPERACAO,ENDR_IP,NOME_USUARIO_RESPONSAVEL,NUMR_CPF_USUARIO_RESPONSAVEL) values ('901','1',to_timestamp('23/11/18 17:16:31,932000000','DD/MM/RR HH24:MI:SSXFF'),'127.0.0.1','INTEGRA«√O SISTEMA DÕVIDA P⁄BLICA','36329059918');
Insert into FIPLAN_GMA_DES.DHWTB999_AUDITORIA (IDEN_AUDITORIA,CODG_USUARIO_CEPRO_SECURITY,DATA_OPERACAO,ENDR_IP,NOME_USUARIO_RESPONSAVEL,NUMR_CPF_USUARIO_RESPONSAVEL) values ('902','1',to_timestamp('23/11/18 17:16:32,630000000','DD/MM/RR HH24:MI:SSXFF'),'127.0.0.1','INTEGRA«√O SISTEMA DÕVIDA P⁄BLICA','36329059918');
Insert into FIPLAN_GMA_DES.DHWTB999_AUDITORIA (IDEN_AUDITORIA,CODG_USUARIO_CEPRO_SECURITY,DATA_OPERACAO,ENDR_IP,NOME_USUARIO_RESPONSAVEL,NUMR_CPF_USUARIO_RESPONSAVEL) values ('903','1',to_timestamp('23/11/18 17:17:45,653000000','DD/MM/RR HH24:MI:SSXFF'),'127.0.0.1','INTEGRA«√O SISTEMA DÕVIDA P⁄BLICA','36329059918');
Insert into FIPLAN_GMA_DES.DHWTB999_AUDITORIA (IDEN_AUDITORIA,CODG_USUARIO_CEPRO_SECURITY,DATA_OPERACAO,ENDR_IP,NOME_USUARIO_RESPONSAVEL,NUMR_CPF_USUARIO_RESPONSAVEL) values ('904','1',to_timestamp('23/11/18 17:19:26,152000000','DD/MM/RR HH24:MI:SSXFF'),'127.0.0.1','INTEGRA«√O SISTEMA DÕVIDA P⁄BLICA','36329059918');
Insert into FIPLAN_GMA_DES.DHWTB999_AUDITORIA (IDEN_AUDITORIA,CODG_USUARIO_CEPRO_SECURITY,DATA_OPERACAO,ENDR_IP,NOME_USUARIO_RESPONSAVEL,NUMR_CPF_USUARIO_RESPONSAVEL) values ('1050','1',to_timestamp('28/11/18 17:20:11,043000000','DD/MM/RR HH24:MI:SSXFF'),'127.0.0.1','INTEGRA«√O SISTEMA DÕVIDA P⁄BLICA','36329059918');
Insert into FIPLAN_GMA_DES.DHWTB999_AUDITORIA (IDEN_AUDITORIA,CODG_USUARIO_CEPRO_SECURITY,DATA_OPERACAO,ENDR_IP,NOME_USUARIO_RESPONSAVEL,NUMR_CPF_USUARIO_RESPONSAVEL) values ('1051','1',to_timestamp('28/11/18 17:28:30,872000000','DD/MM/RR HH24:MI:SSXFF'),'127.0.0.1','INTEGRA«√O SISTEMA DÕVIDA P⁄BLICA','36329059918');
Insert into FIPLAN_GMA_DES.DHWTB999_AUDITORIA (IDEN_AUDITORIA,CODG_USUARIO_CEPRO_SECURITY,DATA_OPERACAO,ENDR_IP,NOME_USUARIO_RESPONSAVEL,NUMR_CPF_USUARIO_RESPONSAVEL) values ('1052','1',to_timestamp('28/11/18 17:50:02,061000000','DD/MM/RR HH24:MI:SSXFF'),'127.0.0.1','INTEGRA«√O SISTEMA DÕVIDA P⁄BLICA','36329059918');
Insert into FIPLAN_GMA_DES.DHWTB999_AUDITORIA (IDEN_AUDITORIA,CODG_USUARIO_CEPRO_SECURITY,DATA_OPERACAO,ENDR_IP,NOME_USUARIO_RESPONSAVEL,NUMR_CPF_USUARIO_RESPONSAVEL) values ('1053','1',to_timestamp('28/11/18 17:53:52,830000000','DD/MM/RR HH24:MI:SSXFF'),'127.0.0.1','INTEGRA«√O SISTEMA DÕVIDA P⁄BLICA','36329059918');
Insert into FIPLAN_GMA_DES.DHWTB999_AUDITORIA (IDEN_AUDITORIA,CODG_USUARIO_CEPRO_SECURITY,DATA_OPERACAO,ENDR_IP,NOME_USUARIO_RESPONSAVEL,NUMR_CPF_USUARIO_RESPONSAVEL) values ('1054','1',to_timestamp('28/11/18 17:54:25,558000000','DD/MM/RR HH24:MI:SSXFF'),'127.0.0.1','INTEGRA«√O SISTEMA DÕVIDA P⁄BLICA','36329059918');
Insert into FIPLAN_GMA_DES.DHWTB999_AUDITORIA (IDEN_AUDITORIA,CODG_USUARIO_CEPRO_SECURITY,DATA_OPERACAO,ENDR_IP,NOME_USUARIO_RESPONSAVEL,NUMR_CPF_USUARIO_RESPONSAVEL) values ('1055','1',to_timestamp('28/11/18 17:56:24,640000000','DD/MM/RR HH24:MI:SSXFF'),'127.0.0.1','INTEGRA«√O SISTEMA DÕVIDA P⁄BLICA','36329059918');
Insert into FIPLAN_GMA_DES.DHWTB999_AUDITORIA (IDEN_AUDITORIA,CODG_USUARIO_CEPRO_SECURITY,DATA_OPERACAO,ENDR_IP,NOME_USUARIO_RESPONSAVEL,NUMR_CPF_USUARIO_RESPONSAVEL) values ('1076','1',to_timestamp('29/11/18 14:46:39,278000000','DD/MM/RR HH24:MI:SSXFF'),'127.0.0.1','INTEGRA«√O SISTEMA DÕVIDA P⁄BLICA','36329059918');
Insert into FIPLAN_GMA_DES.DHWTB999_AUDITORIA (IDEN_AUDITORIA,CODG_USUARIO_CEPRO_SECURITY,DATA_OPERACAO,ENDR_IP,NOME_USUARIO_RESPONSAVEL,NUMR_CPF_USUARIO_RESPONSAVEL) values ('834','1',to_timestamp('21/11/18 12:26:12,759000000','DD/MM/RR HH24:MI:SSXFF'),'127.0.0.1','INTEGRA«√O SISTEMA DÕVIDA P⁄BLICA','36329059918');
Insert into FIPLAN_GMA_DES.DHWTB999_AUDITORIA (IDEN_AUDITORIA,CODG_USUARIO_CEPRO_SECURITY,DATA_OPERACAO,ENDR_IP,NOME_USUARIO_RESPONSAVEL,NUMR_CPF_USUARIO_RESPONSAVEL) values ('3','1',to_timestamp('28/11/18 12:58:53,864000000','DD/MM/RR HH24:MI:SSXFF'),'127.0.0.1','INTEGRA«√O SISTEMA DÕVIDA P⁄BLICA','36329059918');
Insert into FIPLAN_GMA_DES.DHWTB999_AUDITORIA (IDEN_AUDITORIA,CODG_USUARIO_CEPRO_SECURITY,DATA_OPERACAO,ENDR_IP,NOME_USUARIO_RESPONSAVEL,NUMR_CPF_USUARIO_RESPONSAVEL) values ('1062','1',to_timestamp('29/11/18 11:59:15,007000000','DD/MM/RR HH24:MI:SSXFF'),'127.0.0.1','INTEGRA«√O SISTEMA DÕVIDA P⁄BLICA','36329059918');
Insert into FIPLAN_GMA_DES.DHWTB999_AUDITORIA (IDEN_AUDITORIA,CODG_USUARIO_CEPRO_SECURITY,DATA_OPERACAO,ENDR_IP,NOME_USUARIO_RESPONSAVEL,NUMR_CPF_USUARIO_RESPONSAVEL) values ('1063','1',to_timestamp('29/11/18 12:10:38,856000000','DD/MM/RR HH24:MI:SSXFF'),'127.0.0.1','INTEGRA«√O SISTEMA DÕVIDA P⁄BLICA','36329059918');
Insert into FIPLAN_GMA_DES.DHWTB999_AUDITORIA (IDEN_AUDITORIA,CODG_USUARIO_CEPRO_SECURITY,DATA_OPERACAO,ENDR_IP,NOME_USUARIO_RESPONSAVEL,NUMR_CPF_USUARIO_RESPONSAVEL) values ('813','1',to_timestamp('14/11/18 17:09:10,138000000','DD/MM/RR HH24:MI:SSXFF'),'127.0.0.1','INTEGRA«√O SISTEMA DÕVIDA P⁄BLICA','36329059918');
Insert into FIPLAN_GMA_DES.DHWTB999_AUDITORIA (IDEN_AUDITORIA,CODG_USUARIO_CEPRO_SECURITY,DATA_OPERACAO,ENDR_IP,NOME_USUARIO_RESPONSAVEL,NUMR_CPF_USUARIO_RESPONSAVEL) values ('814','1',to_timestamp('14/11/18 17:11:23,243000000','DD/MM/RR HH24:MI:SSXFF'),'127.0.0.1','INTEGRA«√O SISTEMA DÕVIDA P⁄BLICA','36329059918');
Insert into FIPLAN_GMA_DES.DHWTB999_AUDITORIA (IDEN_AUDITORIA,CODG_USUARIO_CEPRO_SECURITY,DATA_OPERACAO,ENDR_IP,NOME_USUARIO_RESPONSAVEL,NUMR_CPF_USUARIO_RESPONSAVEL) values ('876','2',to_timestamp('23/11/18 09:12:18,727000000','DD/MM/RR HH24:MI:SSXFF'),'192.168.0.229','EDUARDO RAHEL MUNIZ FERREIRA','3302175183');
Insert into FIPLAN_GMA_DES.DHWTB999_AUDITORIA (IDEN_AUDITORIA,CODG_USUARIO_CEPRO_SECURITY,DATA_OPERACAO,ENDR_IP,NOME_USUARIO_RESPONSAVEL,NUMR_CPF_USUARIO_RESPONSAVEL) values ('877','2',to_timestamp('23/11/18 09:12:27,603000000','DD/MM/RR HH24:MI:SSXFF'),'192.168.0.229','EDUARDO RAHEL MUNIZ FERREIRA','3302175183');
Insert into FIPLAN_GMA_DES.DHWTB999_AUDITORIA (IDEN_AUDITORIA,CODG_USUARIO_CEPRO_SECURITY,DATA_OPERACAO,ENDR_IP,NOME_USUARIO_RESPONSAVEL,NUMR_CPF_USUARIO_RESPONSAVEL) values ('878','2',to_timestamp('23/11/18 09:12:49,337000000','DD/MM/RR HH24:MI:SSXFF'),'192.168.0.229','EDUARDO RAHEL MUNIZ FERREIRA','3302175183');
Insert into FIPLAN_GMA_DES.DHWTB999_AUDITORIA (IDEN_AUDITORIA,CODG_USUARIO_CEPRO_SECURITY,DATA_OPERACAO,ENDR_IP,NOME_USUARIO_RESPONSAVEL,NUMR_CPF_USUARIO_RESPONSAVEL) values ('879','2',to_timestamp('23/11/18 09:13:28,708000000','DD/MM/RR HH24:MI:SSXFF'),'192.168.0.229','EDUARDO RAHEL MUNIZ FERREIRA','3302175183');
Insert into FIPLAN_GMA_DES.DHWTB999_AUDITORIA (IDEN_AUDITORIA,CODG_USUARIO_CEPRO_SECURITY,DATA_OPERACAO,ENDR_IP,NOME_USUARIO_RESPONSAVEL,NUMR_CPF_USUARIO_RESPONSAVEL) values ('880','2',to_timestamp('23/11/18 09:15:06,938000000','DD/MM/RR HH24:MI:SSXFF'),'192.168.0.229','EDUARDO RAHEL MUNIZ FERREIRA','3302175183');
Insert into FIPLAN_GMA_DES.DHWTB999_AUDITORIA (IDEN_AUDITORIA,CODG_USUARIO_CEPRO_SECURITY,DATA_OPERACAO,ENDR_IP,NOME_USUARIO_RESPONSAVEL,NUMR_CPF_USUARIO_RESPONSAVEL) values ('881','2',to_timestamp('23/11/18 09:15:25,540000000','DD/MM/RR HH24:MI:SSXFF'),'192.168.0.229','EDUARDO RAHEL MUNIZ FERREIRA','3302175183');
Insert into FIPLAN_GMA_DES.DHWTB999_AUDITORIA (IDEN_AUDITORIA,CODG_USUARIO_CEPRO_SECURITY,DATA_OPERACAO,ENDR_IP,NOME_USUARIO_RESPONSAVEL,NUMR_CPF_USUARIO_RESPONSAVEL) values ('900','1',to_timestamp('23/11/18 16:01:16,580000000','DD/MM/RR HH24:MI:SSXFF'),'127.0.0.1','INTEGRA«√O SISTEMA DÕVIDA P⁄BLICA','36329059918');
Insert into FIPLAN_GMA_DES.DHWTB999_AUDITORIA (IDEN_AUDITORIA,CODG_USUARIO_CEPRO_SECURITY,DATA_OPERACAO,ENDR_IP,NOME_USUARIO_RESPONSAVEL,NUMR_CPF_USUARIO_RESPONSAVEL) values ('914','1',to_timestamp('26/11/18 15:59:31,229000000','DD/MM/RR HH24:MI:SSXFF'),'127.0.0.1','INTEGRA«√O SISTEMA DÕVIDA P⁄BLICA','36329059918');
Insert into FIPLAN_GMA_DES.DHWTB999_AUDITORIA (IDEN_AUDITORIA,CODG_USUARIO_CEPRO_SECURITY,DATA_OPERACAO,ENDR_IP,NOME_USUARIO_RESPONSAVEL,NUMR_CPF_USUARIO_RESPONSAVEL) values ('1035','1',to_timestamp('28/11/18 15:15:30,044000000','DD/MM/RR HH24:MI:SSXFF'),'127.0.0.1','INTEGRA«√O SISTEMA DÕVIDA P⁄BLICA','36329059918');
Insert into FIPLAN_GMA_DES.DHWTB999_AUDITORIA (IDEN_AUDITORIA,CODG_USUARIO_CEPRO_SECURITY,DATA_OPERACAO,ENDR_IP,NOME_USUARIO_RESPONSAVEL,NUMR_CPF_USUARIO_RESPONSAVEL) values ('1036','1',to_timestamp('28/11/18 15:15:45,348000000','DD/MM/RR HH24:MI:SSXFF'),'127.0.0.1','INTEGRA«√O SISTEMA DÕVIDA P⁄BLICA','36329059918');
Insert into FIPLAN_GMA_DES.DHWTB999_AUDITORIA (IDEN_AUDITORIA,CODG_USUARIO_CEPRO_SECURITY,DATA_OPERACAO,ENDR_IP,NOME_USUARIO_RESPONSAVEL,NUMR_CPF_USUARIO_RESPONSAVEL) values ('1037','1',to_timestamp('28/11/18 15:16:25,789000000','DD/MM/RR HH24:MI:SSXFF'),'127.0.0.1','INTEGRA«√O SISTEMA DÕVIDA P⁄BLICA','36329059918');
Insert into FIPLAN_GMA_DES.DHWTB999_AUDITORIA (IDEN_AUDITORIA,CODG_USUARIO_CEPRO_SECURITY,DATA_OPERACAO,ENDR_IP,NOME_USUARIO_RESPONSAVEL,NUMR_CPF_USUARIO_RESPONSAVEL) values ('1038','1',to_timestamp('28/11/18 15:16:32,390000000','DD/MM/RR HH24:MI:SSXFF'),'127.0.0.1','INTEGRA«√O SISTEMA DÕVIDA P⁄BLICA','36329059918');
Insert into FIPLAN_GMA_DES.DHWTB999_AUDITORIA (IDEN_AUDITORIA,CODG_USUARIO_CEPRO_SECURITY,DATA_OPERACAO,ENDR_IP,NOME_USUARIO_RESPONSAVEL,NUMR_CPF_USUARIO_RESPONSAVEL) values ('1039','1',to_timestamp('28/11/18 15:19:51,433000000','DD/MM/RR HH24:MI:SSXFF'),'127.0.0.1','INTEGRA«√O SISTEMA DÕVIDA P⁄BLICA','36329059918');
Insert into FIPLAN_GMA_DES.DHWTB999_AUDITORIA (IDEN_AUDITORIA,CODG_USUARIO_CEPRO_SECURITY,DATA_OPERACAO,ENDR_IP,NOME_USUARIO_RESPONSAVEL,NUMR_CPF_USUARIO_RESPONSAVEL) values ('1060','1',to_timestamp('29/11/18 11:04:25,459000000','DD/MM/RR HH24:MI:SSXFF'),'127.0.0.1','INTEGRA«√O SISTEMA DÕVIDA P⁄BLICA','36329059918');
Insert into FIPLAN_GMA_DES.DHWTB999_AUDITORIA (IDEN_AUDITORIA,CODG_USUARIO_CEPRO_SECURITY,DATA_OPERACAO,ENDR_IP,NOME_USUARIO_RESPONSAVEL,NUMR_CPF_USUARIO_RESPONSAVEL) values ('1065','1',to_timestamp('29/11/18 14:13:09,059000000','DD/MM/RR HH24:MI:SSXFF'),'127.0.0.1','INTEGRA«√O SISTEMA DÕVIDA P⁄BLICA','36329059918');
Insert into FIPLAN_GMA_DES.DHWTB999_AUDITORIA (IDEN_AUDITORIA,CODG_USUARIO_CEPRO_SECURITY,DATA_OPERACAO,ENDR_IP,NOME_USUARIO_RESPONSAVEL,NUMR_CPF_USUARIO_RESPONSAVEL) values ('1066','1',to_timestamp('29/11/18 14:13:54,690000000','DD/MM/RR HH24:MI:SSXFF'),'127.0.0.1','INTEGRA«√O SISTEMA DÕVIDA P⁄BLICA','36329059918');
Insert into FIPLAN_GMA_DES.DHWTB999_AUDITORIA (IDEN_AUDITORIA,CODG_USUARIO_CEPRO_SECURITY,DATA_OPERACAO,ENDR_IP,NOME_USUARIO_RESPONSAVEL,NUMR_CPF_USUARIO_RESPONSAVEL) values ('1067','1',to_timestamp('29/11/18 14:15:20,391000000','DD/MM/RR HH24:MI:SSXFF'),'127.0.0.1','INTEGRA«√O SISTEMA DÕVIDA P⁄BLICA','36329059918');
Insert into FIPLAN_GMA_DES.DHWTB999_AUDITORIA (IDEN_AUDITORIA,CODG_USUARIO_CEPRO_SECURITY,DATA_OPERACAO,ENDR_IP,NOME_USUARIO_RESPONSAVEL,NUMR_CPF_USUARIO_RESPONSAVEL) values ('1068','1',to_timestamp('29/11/18 14:15:33,708000000','DD/MM/RR HH24:MI:SSXFF'),'127.0.0.1','INTEGRA«√O SISTEMA DÕVIDA P⁄BLICA','36329059918');
Insert into FIPLAN_GMA_DES.DHWTB999_AUDITORIA (IDEN_AUDITORIA,CODG_USUARIO_CEPRO_SECURITY,DATA_OPERACAO,ENDR_IP,NOME_USUARIO_RESPONSAVEL,NUMR_CPF_USUARIO_RESPONSAVEL) values ('1069','1',to_timestamp('29/11/18 14:29:06,218000000','DD/MM/RR HH24:MI:SSXFF'),'127.0.0.1','INTEGRA«√O SISTEMA DÕVIDA P⁄BLICA','36329059918');
Insert into FIPLAN_GMA_DES.DHWTB999_AUDITORIA (IDEN_AUDITORIA,CODG_USUARIO_CEPRO_SECURITY,DATA_OPERACAO,ENDR_IP,NOME_USUARIO_RESPONSAVEL,NUMR_CPF_USUARIO_RESPONSAVEL) values ('1070','1',to_timestamp('29/11/18 14:30:47,826000000','DD/MM/RR HH24:MI:SSXFF'),'127.0.0.1','INTEGRA«√O SISTEMA DÕVIDA P⁄BLICA','36329059918');
Insert into FIPLAN_GMA_DES.DHWTB999_AUDITORIA (IDEN_AUDITORIA,CODG_USUARIO_CEPRO_SECURITY,DATA_OPERACAO,ENDR_IP,NOME_USUARIO_RESPONSAVEL,NUMR_CPF_USUARIO_RESPONSAVEL) values ('1071','1',to_timestamp('29/11/18 14:31:03,513000000','DD/MM/RR HH24:MI:SSXFF'),'127.0.0.1','INTEGRA«√O SISTEMA DÕVIDA P⁄BLICA','36329059918');
Insert into FIPLAN_GMA_DES.DHWTB999_AUDITORIA (IDEN_AUDITORIA,CODG_USUARIO_CEPRO_SECURITY,DATA_OPERACAO,ENDR_IP,NOME_USUARIO_RESPONSAVEL,NUMR_CPF_USUARIO_RESPONSAVEL) values ('1072','1',to_timestamp('29/11/18 14:31:11,023000000','DD/MM/RR HH24:MI:SSXFF'),'127.0.0.1','INTEGRA«√O SISTEMA DÕVIDA P⁄BLICA','36329059918');
Insert into FIPLAN_GMA_DES.DHWTB999_AUDITORIA (IDEN_AUDITORIA,CODG_USUARIO_CEPRO_SECURITY,DATA_OPERACAO,ENDR_IP,NOME_USUARIO_RESPONSAVEL,NUMR_CPF_USUARIO_RESPONSAVEL) values ('1073','1',to_timestamp('29/11/18 14:31:14,468000000','DD/MM/RR HH24:MI:SSXFF'),'127.0.0.1','INTEGRA«√O SISTEMA DÕVIDA P⁄BLICA','36329059918');
Insert into FIPLAN_GMA_DES.DHWTB999_AUDITORIA (IDEN_AUDITORIA,CODG_USUARIO_CEPRO_SECURITY,DATA_OPERACAO,ENDR_IP,NOME_USUARIO_RESPONSAVEL,NUMR_CPF_USUARIO_RESPONSAVEL) values ('1074','1',to_timestamp('29/11/18 14:31:28,691000000','DD/MM/RR HH24:MI:SSXFF'),'127.0.0.1','INTEGRA«√O SISTEMA DÕVIDA P⁄BLICA','36329059918');
Insert into FIPLAN_GMA_DES.DHWTB999_AUDITORIA (IDEN_AUDITORIA,CODG_USUARIO_CEPRO_SECURITY,DATA_OPERACAO,ENDR_IP,NOME_USUARIO_RESPONSAVEL,NUMR_CPF_USUARIO_RESPONSAVEL) values ('1075','1',to_timestamp('29/11/18 14:31:46,610000000','DD/MM/RR HH24:MI:SSXFF'),'127.0.0.1','INTEGRA«√O SISTEMA DÕVIDA P⁄BLICA','36329059918');
Insert into FIPLAN_GMA_DES.DHWTB999_AUDITORIA (IDEN_AUDITORIA,CODG_USUARIO_CEPRO_SECURITY,DATA_OPERACAO,ENDR_IP,NOME_USUARIO_RESPONSAVEL,NUMR_CPF_USUARIO_RESPONSAVEL) values ('867','2',to_timestamp('22/11/18 17:08:50,635000000','DD/MM/RR HH24:MI:SSXFF'),'192.168.0.229','EDUARDO RAHEL MUNIZ FERREIRA','3302175183');
Insert into FIPLAN_GMA_DES.DHWTB999_AUDITORIA (IDEN_AUDITORIA,CODG_USUARIO_CEPRO_SECURITY,DATA_OPERACAO,ENDR_IP,NOME_USUARIO_RESPONSAVEL,NUMR_CPF_USUARIO_RESPONSAVEL) values ('869','1',to_timestamp('22/11/18 17:21:38,363000000','DD/MM/RR HH24:MI:SSXFF'),'127.0.0.1','INTEGRA«√O SISTEMA DÕVIDA P⁄BLICA','36329059918');
Insert into FIPLAN_GMA_DES.DHWTB999_AUDITORIA (IDEN_AUDITORIA,CODG_USUARIO_CEPRO_SECURITY,DATA_OPERACAO,ENDR_IP,NOME_USUARIO_RESPONSAVEL,NUMR_CPF_USUARIO_RESPONSAVEL) values ('874','6',to_timestamp('22/11/18 17:53:08,284000000','DD/MM/RR HH24:MI:SSXFF'),'192.168.0.229','JODELISMARKO MAMOR… DE MELO','539211192');
Insert into FIPLAN_GMA_DES.DHWTB999_AUDITORIA (IDEN_AUDITORIA,CODG_USUARIO_CEPRO_SECURITY,DATA_OPERACAO,ENDR_IP,NOME_USUARIO_RESPONSAVEL,NUMR_CPF_USUARIO_RESPONSAVEL) values ('875','6',to_timestamp('22/11/18 17:54:12,778000000','DD/MM/RR HH24:MI:SSXFF'),'192.168.0.229','JODELISMARKO MAMOR… DE MELO','539211192');
Insert into FIPLAN_GMA_DES.DHWTB999_AUDITORIA (IDEN_AUDITORIA,CODG_USUARIO_CEPRO_SECURITY,DATA_OPERACAO,ENDR_IP,NOME_USUARIO_RESPONSAVEL,NUMR_CPF_USUARIO_RESPONSAVEL) values ('891','1',to_timestamp('23/11/18 14:11:40,450000000','DD/MM/RR HH24:MI:SSXFF'),'127.0.0.1','INTEGRA«√O SISTEMA DÕVIDA P⁄BLICA','36329059918');
Insert into FIPLAN_GMA_DES.DHWTB999_AUDITORIA (IDEN_AUDITORIA,CODG_USUARIO_CEPRO_SECURITY,DATA_OPERACAO,ENDR_IP,NOME_USUARIO_RESPONSAVEL,NUMR_CPF_USUARIO_RESPONSAVEL) values ('892','1',to_timestamp('23/11/18 14:11:59,487000000','DD/MM/RR HH24:MI:SSXFF'),'127.0.0.1','INTEGRA«√O SISTEMA DÕVIDA P⁄BLICA','36329059918');
Insert into FIPLAN_GMA_DES.DHWTB999_AUDITORIA (IDEN_AUDITORIA,CODG_USUARIO_CEPRO_SECURITY,DATA_OPERACAO,ENDR_IP,NOME_USUARIO_RESPONSAVEL,NUMR_CPF_USUARIO_RESPONSAVEL) values ('893','1',to_timestamp('23/11/18 14:18:07,123000000','DD/MM/RR HH24:MI:SSXFF'),'127.0.0.1','INTEGRA«√O SISTEMA DÕVIDA P⁄BLICA','36329059918');
Insert into FIPLAN_GMA_DES.DHWTB999_AUDITORIA (IDEN_AUDITORIA,CODG_USUARIO_CEPRO_SECURITY,DATA_OPERACAO,ENDR_IP,NOME_USUARIO_RESPONSAVEL,NUMR_CPF_USUARIO_RESPONSAVEL) values ('894','1',to_timestamp('23/11/18 14:18:22,039000000','DD/MM/RR HH24:MI:SSXFF'),'127.0.0.1','INTEGRA«√O SISTEMA DÕVIDA P⁄BLICA','36329059918');
Insert into FIPLAN_GMA_DES.DHWTB999_AUDITORIA (IDEN_AUDITORIA,CODG_USUARIO_CEPRO_SECURITY,DATA_OPERACAO,ENDR_IP,NOME_USUARIO_RESPONSAVEL,NUMR_CPF_USUARIO_RESPONSAVEL) values ('957','1',to_timestamp('28/11/18 11:36:18,722000000','DD/MM/RR HH24:MI:SSXFF'),'127.0.0.1','INTEGRA«√O SISTEMA DÕVIDA P⁄BLICA','36329059918');
Insert into FIPLAN_GMA_DES.DHWTB999_AUDITORIA (IDEN_AUDITORIA,CODG_USUARIO_CEPRO_SECURITY,DATA_OPERACAO,ENDR_IP,NOME_USUARIO_RESPONSAVEL,NUMR_CPF_USUARIO_RESPONSAVEL) values ('958','1',to_timestamp('28/11/18 11:36:52,308000000','DD/MM/RR HH24:MI:SSXFF'),'127.0.0.1','INTEGRA«√O SISTEMA DÕVIDA P⁄BLICA','36329059918');
Insert into FIPLAN_GMA_DES.DHWTB999_AUDITORIA (IDEN_AUDITORIA,CODG_USUARIO_CEPRO_SECURITY,DATA_OPERACAO,ENDR_IP,NOME_USUARIO_RESPONSAVEL,NUMR_CPF_USUARIO_RESPONSAVEL) values ('1084','1',to_timestamp('29/11/18 16:15:06,442000000','DD/MM/RR HH24:MI:SSXFF'),'127.0.0.1','INTEGRA«√O SISTEMA DÕVIDA P⁄BLICA','36329059918');
Insert into FIPLAN_GMA_DES.DHWTB999_AUDITORIA (IDEN_AUDITORIA,CODG_USUARIO_CEPRO_SECURITY,DATA_OPERACAO,ENDR_IP,NOME_USUARIO_RESPONSAVEL,NUMR_CPF_USUARIO_RESPONSAVEL) values ('1085','1',to_timestamp('29/11/18 16:15:31,496000000','DD/MM/RR HH24:MI:SSXFF'),'127.0.0.1','INTEGRA«√O SISTEMA DÕVIDA P⁄BLICA','36329059918');
REM INSERTING into FIPLAN_GMA_DES.DHWTB999_AUDITORIA_TABELAS
SET DEFINE OFF;
Insert into FIPLAN_GMA_DES.DHWTB999_AUDITORIA_TABELAS (IDEN_AUDITORIA,ENTITY_NAME) values ('460','br.gov.mt.mti.fiplangma.model.tabelas.TipoOcorrencia');
Insert into FIPLAN_GMA_DES.DHWTB999_AUDITORIA_TABELAS (IDEN_AUDITORIA,ENTITY_NAME) values ('499','br.gov.mt.mti.fiplangma.model.tabelas.TipoPendencia');
Insert into FIPLAN_GMA_DES.DHWTB999_AUDITORIA_TABELAS (IDEN_AUDITORIA,ENTITY_NAME) values ('500','br.gov.mt.mti.fiplangma.model.tabelas.TipoAdministracao');
Insert into FIPLAN_GMA_DES.DHWTB999_AUDITORIA_TABELAS (IDEN_AUDITORIA,ENTITY_NAME) values ('501','br.gov.mt.mti.fiplangma.model.tabelas.TipoAdministracao');
Insert into FIPLAN_GMA_DES.DHWTB999_AUDITORIA_TABELAS (IDEN_AUDITORIA,ENTITY_NAME) values ('502','br.gov.mt.mti.fiplangma.model.tabelas.TipoAdministracao');
Insert into FIPLAN_GMA_DES.DHWTB999_AUDITORIA_TABELAS (IDEN_AUDITORIA,ENTITY_NAME) values ('503','br.gov.mt.mti.fiplangma.model.tabelas.TipoAdministracao');
Insert into FIPLAN_GMA_DES.DHWTB999_AUDITORIA_TABELAS (IDEN_AUDITORIA,ENTITY_NAME) values ('504','br.gov.mt.mti.fiplangma.model.tabelas.TipoAdministracao');
Insert into FIPLAN_GMA_DES.DHWTB999_AUDITORIA_TABELAS (IDEN_AUDITORIA,ENTITY_NAME) values ('543','br.gov.mt.mti.fiplangma.model.tabelas.NaturezaJuridica');
Insert into FIPLAN_GMA_DES.DHWTB999_AUDITORIA_TABELAS (IDEN_AUDITORIA,ENTITY_NAME) values ('544','br.gov.mt.mti.fiplangma.model.tabelas.NaturezaJuridica');
Insert into FIPLAN_GMA_DES.DHWTB999_AUDITORIA_TABELAS (IDEN_AUDITORIA,ENTITY_NAME) values ('545','br.gov.mt.mti.fiplangma.model.tabelas.NaturezaJuridica');
Insert into FIPLAN_GMA_DES.DHWTB999_AUDITORIA_TABELAS (IDEN_AUDITORIA,ENTITY_NAME) values ('546','br.gov.mt.mti.fiplangma.model.tabelas.NaturezaJuridica');
Insert into FIPLAN_GMA_DES.DHWTB999_AUDITORIA_TABELAS (IDEN_AUDITORIA,ENTITY_NAME) values ('547','br.gov.mt.mti.fiplangma.model.tabelas.NaturezaJuridica');
Insert into FIPLAN_GMA_DES.DHWTB999_AUDITORIA_TABELAS (IDEN_AUDITORIA,ENTITY_NAME) values ('548','br.gov.mt.mti.fiplangma.model.tabelas.NaturezaJuridica');
Insert into FIPLAN_GMA_DES.DHWTB999_AUDITORIA_TABELAS (IDEN_AUDITORIA,ENTITY_NAME) values ('549','br.gov.mt.mti.fiplangma.model.tabelas.NaturezaJuridica');
Insert into FIPLAN_GMA_DES.DHWTB999_AUDITORIA_TABELAS (IDEN_AUDITORIA,ENTITY_NAME) values ('550','br.gov.mt.mti.fiplangma.model.tabelas.NaturezaJuridica');
Insert into FIPLAN_GMA_DES.DHWTB999_AUDITORIA_TABELAS (IDEN_AUDITORIA,ENTITY_NAME) values ('551','br.gov.mt.mti.fiplangma.model.tabelas.NaturezaJuridica');
Insert into FIPLAN_GMA_DES.DHWTB999_AUDITORIA_TABELAS (IDEN_AUDITORIA,ENTITY_NAME) values ('552','br.gov.mt.mti.fiplangma.model.tabelas.NaturezaJuridica');
Insert into FIPLAN_GMA_DES.DHWTB999_AUDITORIA_TABELAS (IDEN_AUDITORIA,ENTITY_NAME) values ('553','br.gov.mt.mti.fiplangma.model.tabelas.NaturezaJuridica');
Insert into FIPLAN_GMA_DES.DHWTB999_AUDITORIA_TABELAS (IDEN_AUDITORIA,ENTITY_NAME) values ('554','br.gov.mt.mti.fiplangma.model.tabelas.NaturezaJuridica');
Insert into FIPLAN_GMA_DES.DHWTB999_AUDITORIA_TABELAS (IDEN_AUDITORIA,ENTITY_NAME) values ('555','br.gov.mt.mti.fiplangma.model.tabelas.NaturezaJuridica');
Insert into FIPLAN_GMA_DES.DHWTB999_AUDITORIA_TABELAS (IDEN_AUDITORIA,ENTITY_NAME) values ('556','br.gov.mt.mti.fiplangma.model.tabelas.NaturezaJuridica');
Insert into FIPLAN_GMA_DES.DHWTB999_AUDITORIA_TABELAS (IDEN_AUDITORIA,ENTITY_NAME) values ('557','br.gov.mt.mti.fiplangma.model.tabelas.NaturezaJuridica');
Insert into FIPLAN_GMA_DES.DHWTB999_AUDITORIA_TABELAS (IDEN_AUDITORIA,ENTITY_NAME) values ('558','br.gov.mt.mti.fiplangma.model.tabelas.NaturezaJuridica');
Insert into FIPLAN_GMA_DES.DHWTB999_AUDITORIA_TABELAS (IDEN_AUDITORIA,ENTITY_NAME) values ('559','br.gov.mt.mti.fiplangma.model.tabelas.NaturezaJuridica');
Insert into FIPLAN_GMA_DES.DHWTB999_AUDITORIA_TABELAS (IDEN_AUDITORIA,ENTITY_NAME) values ('560','br.gov.mt.mti.fiplangma.model.tabelas.NaturezaJuridica');
Insert into FIPLAN_GMA_DES.DHWTB999_AUDITORIA_TABELAS (IDEN_AUDITORIA,ENTITY_NAME) values ('561','br.gov.mt.mti.fiplangma.model.tabelas.NaturezaJuridica');
Insert into FIPLAN_GMA_DES.DHWTB999_AUDITORIA_TABELAS (IDEN_AUDITORIA,ENTITY_NAME) values ('458','br.gov.mt.mti.fiplangma.model.tabelas.TipoOcorrencia');
Insert into FIPLAN_GMA_DES.DHWTB999_AUDITORIA_TABELAS (IDEN_AUDITORIA,ENTITY_NAME) values ('459','br.gov.mt.mti.fiplangma.model.tabelas.TipoOcorrencia');
Insert into FIPLAN_GMA_DES.DHWTB999_AUDITORIA_TABELAS (IDEN_AUDITORIA,ENTITY_NAME) values ('562','br.gov.mt.mti.fiplangma.model.tabelas.NaturezaJuridica');
Insert into FIPLAN_GMA_DES.DHWTB999_AUDITORIA_TABELAS (IDEN_AUDITORIA,ENTITY_NAME) values ('563','br.gov.mt.mti.fiplangma.model.tabelas.NaturezaJuridica');
Insert into FIPLAN_GMA_DES.DHWTB999_AUDITORIA_TABELAS (IDEN_AUDITORIA,ENTITY_NAME) values ('564','br.gov.mt.mti.fiplangma.model.tabelas.NaturezaJuridica');
Insert into FIPLAN_GMA_DES.DHWTB999_AUDITORIA_TABELAS (IDEN_AUDITORIA,ENTITY_NAME) values ('565','br.gov.mt.mti.fiplangma.model.tabelas.NaturezaJuridica');
Insert into FIPLAN_GMA_DES.DHWTB999_AUDITORIA_TABELAS (IDEN_AUDITORIA,ENTITY_NAME) values ('566','br.gov.mt.mti.fiplangma.model.tabelas.NaturezaJuridica');
Insert into FIPLAN_GMA_DES.DHWTB999_AUDITORIA_TABELAS (IDEN_AUDITORIA,ENTITY_NAME) values ('567','br.gov.mt.mti.fiplangma.model.tabelas.NaturezaJuridica');
Insert into FIPLAN_GMA_DES.DHWTB999_AUDITORIA_TABELAS (IDEN_AUDITORIA,ENTITY_NAME) values ('568','br.gov.mt.mti.fiplangma.model.tabelas.NaturezaJuridica');
Insert into FIPLAN_GMA_DES.DHWTB999_AUDITORIA_TABELAS (IDEN_AUDITORIA,ENTITY_NAME) values ('569','br.gov.mt.mti.fiplangma.model.tabelas.NaturezaJuridica');
Insert into FIPLAN_GMA_DES.DHWTB999_AUDITORIA_TABELAS (IDEN_AUDITORIA,ENTITY_NAME) values ('570','br.gov.mt.mti.fiplangma.model.tabelas.NaturezaJuridica');
Insert into FIPLAN_GMA_DES.DHWTB999_AUDITORIA_TABELAS (IDEN_AUDITORIA,ENTITY_NAME) values ('571','br.gov.mt.mti.fiplangma.model.tabelas.NaturezaJuridica');
Insert into FIPLAN_GMA_DES.DHWTB999_AUDITORIA_TABELAS (IDEN_AUDITORIA,ENTITY_NAME) values ('572','br.gov.mt.mti.fiplangma.model.tabelas.NaturezaJuridica');
Insert into FIPLAN_GMA_DES.DHWTB999_AUDITORIA_TABELAS (IDEN_AUDITORIA,ENTITY_NAME) values ('573','br.gov.mt.mti.fiplangma.model.tabelas.NaturezaJuridica');
Insert into FIPLAN_GMA_DES.DHWTB999_AUDITORIA_TABELAS (IDEN_AUDITORIA,ENTITY_NAME) values ('574','br.gov.mt.mti.fiplangma.model.tabelas.NaturezaJuridica');
Insert into FIPLAN_GMA_DES.DHWTB999_AUDITORIA_TABELAS (IDEN_AUDITORIA,ENTITY_NAME) values ('575','br.gov.mt.mti.fiplangma.model.tabelas.NaturezaJuridica');
Insert into FIPLAN_GMA_DES.DHWTB999_AUDITORIA_TABELAS (IDEN_AUDITORIA,ENTITY_NAME) values ('576','br.gov.mt.mti.fiplangma.model.tabelas.NaturezaJuridica');
Insert into FIPLAN_GMA_DES.DHWTB999_AUDITORIA_TABELAS (IDEN_AUDITORIA,ENTITY_NAME) values ('577','br.gov.mt.mti.fiplangma.model.tabelas.NaturezaJuridica');
Insert into FIPLAN_GMA_DES.DHWTB999_AUDITORIA_TABELAS (IDEN_AUDITORIA,ENTITY_NAME) values ('578','br.gov.mt.mti.fiplangma.model.tabelas.NaturezaJuridica');
Insert into FIPLAN_GMA_DES.DHWTB999_AUDITORIA_TABELAS (IDEN_AUDITORIA,ENTITY_NAME) values ('579','br.gov.mt.mti.fiplangma.model.tabelas.NaturezaJuridica');
Insert into FIPLAN_GMA_DES.DHWTB999_AUDITORIA_TABELAS (IDEN_AUDITORIA,ENTITY_NAME) values ('580','br.gov.mt.mti.fiplangma.model.tabelas.NaturezaJuridica');
Insert into FIPLAN_GMA_DES.DHWTB999_AUDITORIA_TABELAS (IDEN_AUDITORIA,ENTITY_NAME) values ('581','br.gov.mt.mti.fiplangma.model.tabelas.NaturezaJuridica');
Insert into FIPLAN_GMA_DES.DHWTB999_AUDITORIA_TABELAS (IDEN_AUDITORIA,ENTITY_NAME) values ('582','br.gov.mt.mti.fiplangma.model.tabelas.NaturezaJuridica');
Insert into FIPLAN_GMA_DES.DHWTB999_AUDITORIA_TABELAS (IDEN_AUDITORIA,ENTITY_NAME) values ('583','br.gov.mt.mti.fiplangma.model.tabelas.NaturezaJuridica');
Insert into FIPLAN_GMA_DES.DHWTB999_AUDITORIA_TABELAS (IDEN_AUDITORIA,ENTITY_NAME) values ('584','br.gov.mt.mti.fiplangma.model.tabelas.NaturezaJuridica');
Insert into FIPLAN_GMA_DES.DHWTB999_AUDITORIA_TABELAS (IDEN_AUDITORIA,ENTITY_NAME) values ('585','br.gov.mt.mti.fiplangma.model.tabelas.NaturezaJuridica');
Insert into FIPLAN_GMA_DES.DHWTB999_AUDITORIA_TABELAS (IDEN_AUDITORIA,ENTITY_NAME) values ('586','br.gov.mt.mti.fiplangma.model.tabelas.NaturezaJuridica');
Insert into FIPLAN_GMA_DES.DHWTB999_AUDITORIA_TABELAS (IDEN_AUDITORIA,ENTITY_NAME) values ('587','br.gov.mt.mti.fiplangma.model.tabelas.NaturezaJuridica');
Insert into FIPLAN_GMA_DES.DHWTB999_AUDITORIA_TABELAS (IDEN_AUDITORIA,ENTITY_NAME) values ('588','br.gov.mt.mti.fiplangma.model.tabelas.NaturezaJuridica');
Insert into FIPLAN_GMA_DES.DHWTB999_AUDITORIA_TABELAS (IDEN_AUDITORIA,ENTITY_NAME) values ('589','br.gov.mt.mti.fiplangma.model.tabelas.NaturezaJuridica');
Insert into FIPLAN_GMA_DES.DHWTB999_AUDITORIA_TABELAS (IDEN_AUDITORIA,ENTITY_NAME) values ('590','br.gov.mt.mti.fiplangma.model.tabelas.NaturezaJuridica');
Insert into FIPLAN_GMA_DES.DHWTB999_AUDITORIA_TABELAS (IDEN_AUDITORIA,ENTITY_NAME) values ('591','br.gov.mt.mti.fiplangma.model.tabelas.NaturezaJuridica');
Insert into FIPLAN_GMA_DES.DHWTB999_AUDITORIA_TABELAS (IDEN_AUDITORIA,ENTITY_NAME) values ('592','br.gov.mt.mti.fiplangma.model.tabelas.NaturezaJuridica');
Insert into FIPLAN_GMA_DES.DHWTB999_AUDITORIA_TABELAS (IDEN_AUDITORIA,ENTITY_NAME) values ('593','br.gov.mt.mti.fiplangma.model.tabelas.NaturezaJuridica');
Insert into FIPLAN_GMA_DES.DHWTB999_AUDITORIA_TABELAS (IDEN_AUDITORIA,ENTITY_NAME) values ('594','br.gov.mt.mti.fiplangma.model.tabelas.NaturezaJuridica');
Insert into FIPLAN_GMA_DES.DHWTB999_AUDITORIA_TABELAS (IDEN_AUDITORIA,ENTITY_NAME) values ('595','br.gov.mt.mti.fiplangma.model.tabelas.NaturezaJuridica');
Insert into FIPLAN_GMA_DES.DHWTB999_AUDITORIA_TABELAS (IDEN_AUDITORIA,ENTITY_NAME) values ('596','br.gov.mt.mti.fiplangma.model.tabelas.NaturezaJuridica');
Insert into FIPLAN_GMA_DES.DHWTB999_AUDITORIA_TABELAS (IDEN_AUDITORIA,ENTITY_NAME) values ('597','br.gov.mt.mti.fiplangma.model.tabelas.NaturezaJuridica');
Insert into FIPLAN_GMA_DES.DHWTB999_AUDITORIA_TABELAS (IDEN_AUDITORIA,ENTITY_NAME) values ('598','br.gov.mt.mti.fiplangma.model.tabelas.NaturezaJuridica');
Insert into FIPLAN_GMA_DES.DHWTB999_AUDITORIA_TABELAS (IDEN_AUDITORIA,ENTITY_NAME) values ('599','br.gov.mt.mti.fiplangma.model.tabelas.NaturezaJuridica');
Insert into FIPLAN_GMA_DES.DHWTB999_AUDITORIA_TABELAS (IDEN_AUDITORIA,ENTITY_NAME) values ('600','br.gov.mt.mti.fiplangma.model.tabelas.NaturezaJuridica');
Insert into FIPLAN_GMA_DES.DHWTB999_AUDITORIA_TABELAS (IDEN_AUDITORIA,ENTITY_NAME) values ('601','br.gov.mt.mti.fiplangma.model.tabelas.NaturezaJuridica');
Insert into FIPLAN_GMA_DES.DHWTB999_AUDITORIA_TABELAS (IDEN_AUDITORIA,ENTITY_NAME) values ('602','br.gov.mt.mti.fiplangma.model.tabelas.NaturezaJuridica');
Insert into FIPLAN_GMA_DES.DHWTB999_AUDITORIA_TABELAS (IDEN_AUDITORIA,ENTITY_NAME) values ('603','br.gov.mt.mti.fiplangma.model.tabelas.NaturezaJuridica');
Insert into FIPLAN_GMA_DES.DHWTB999_AUDITORIA_TABELAS (IDEN_AUDITORIA,ENTITY_NAME) values ('604','br.gov.mt.mti.fiplangma.model.tabelas.NaturezaJuridica');
Insert into FIPLAN_GMA_DES.DHWTB999_AUDITORIA_TABELAS (IDEN_AUDITORIA,ENTITY_NAME) values ('605','br.gov.mt.mti.fiplangma.model.tabelas.NaturezaJuridica');
Insert into FIPLAN_GMA_DES.DHWTB999_AUDITORIA_TABELAS (IDEN_AUDITORIA,ENTITY_NAME) values ('606','br.gov.mt.mti.fiplangma.model.tabelas.NaturezaJuridica');
Insert into FIPLAN_GMA_DES.DHWTB999_AUDITORIA_TABELAS (IDEN_AUDITORIA,ENTITY_NAME) values ('607','br.gov.mt.mti.fiplangma.model.tabelas.CNAE');
Insert into FIPLAN_GMA_DES.DHWTB999_AUDITORIA_TABELAS (IDEN_AUDITORIA,ENTITY_NAME) values ('608','br.gov.mt.mti.fiplangma.model.tabelas.CNAE');
Insert into FIPLAN_GMA_DES.DHWTB999_AUDITORIA_TABELAS (IDEN_AUDITORIA,ENTITY_NAME) values ('609','br.gov.mt.mti.fiplangma.model.tabelas.CNAE');
Insert into FIPLAN_GMA_DES.DHWTB999_AUDITORIA_TABELAS (IDEN_AUDITORIA,ENTITY_NAME) values ('610','br.gov.mt.mti.fiplangma.model.tabelas.CNAE');
Insert into FIPLAN_GMA_DES.DHWTB999_AUDITORIA_TABELAS (IDEN_AUDITORIA,ENTITY_NAME) values ('611','br.gov.mt.mti.fiplangma.model.tabelas.CNAE');
Insert into FIPLAN_GMA_DES.DHWTB999_AUDITORIA_TABELAS (IDEN_AUDITORIA,ENTITY_NAME) values ('612','br.gov.mt.mti.fiplangma.model.tabelas.CNAE');
Insert into FIPLAN_GMA_DES.DHWTB999_AUDITORIA_TABELAS (IDEN_AUDITORIA,ENTITY_NAME) values ('613','br.gov.mt.mti.fiplangma.model.tabelas.CNAE');
Insert into FIPLAN_GMA_DES.DHWTB999_AUDITORIA_TABELAS (IDEN_AUDITORIA,ENTITY_NAME) values ('781','br.gov.mt.mti.fiplangma.model.tabelas.TipoPendencia');
Insert into FIPLAN_GMA_DES.DHWTB999_AUDITORIA_TABELAS (IDEN_AUDITORIA,ENTITY_NAME) values ('782','br.gov.mt.mti.fiplangma.model.tabelas.TipoPendencia');
Insert into FIPLAN_GMA_DES.DHWTB999_AUDITORIA_TABELAS (IDEN_AUDITORIA,ENTITY_NAME) values ('783','br.gov.mt.mti.fiplangma.model.tabelas.TipoPendencia');
Insert into FIPLAN_GMA_DES.DHWTB999_AUDITORIA_TABELAS (IDEN_AUDITORIA,ENTITY_NAME) values ('897','br.gov.mt.mti.fiplangma.model.tabelas.Anexo');
Insert into FIPLAN_GMA_DES.DHWTB999_AUDITORIA_TABELAS (IDEN_AUDITORIA,ENTITY_NAME) values ('897','br.gov.mt.mti.fiplangma.model.tabelas.AcaoCoordenadoria');
Insert into FIPLAN_GMA_DES.DHWTB999_AUDITORIA_TABELAS (IDEN_AUDITORIA,ENTITY_NAME) values ('897','br.gov.mt.mti.fiplangma.model.tabelas.ArquivoAnexo');
Insert into FIPLAN_GMA_DES.DHWTB999_AUDITORIA_TABELAS (IDEN_AUDITORIA,ENTITY_NAME) values ('898','br.gov.mt.mti.fiplangma.model.tabelas.TramiteOcorrencia');
Insert into FIPLAN_GMA_DES.DHWTB999_AUDITORIA_TABELAS (IDEN_AUDITORIA,ENTITY_NAME) values ('898','br.gov.mt.mti.fiplangma.model.tabelas.Ocorrencia');
Insert into FIPLAN_GMA_DES.DHWTB999_AUDITORIA_TABELAS (IDEN_AUDITORIA,ENTITY_NAME) values ('898','br.gov.mt.mti.fiplangma.model.tabelas.Anexo');
Insert into FIPLAN_GMA_DES.DHWTB999_AUDITORIA_TABELAS (IDEN_AUDITORIA,ENTITY_NAME) values ('898','br.gov.mt.mti.fiplangma.model.tabelas.AcaoCoordenadoria');
Insert into FIPLAN_GMA_DES.DHWTB999_AUDITORIA_TABELAS (IDEN_AUDITORIA,ENTITY_NAME) values ('898','br.gov.mt.mti.fiplangma.model.tabelas.ArquivoAnexo');
Insert into FIPLAN_GMA_DES.DHWTB999_AUDITORIA_TABELAS (IDEN_AUDITORIA,ENTITY_NAME) values ('899','br.gov.mt.mti.fiplangma.model.tabelas.TramiteOcorrencia');
Insert into FIPLAN_GMA_DES.DHWTB999_AUDITORIA_TABELAS (IDEN_AUDITORIA,ENTITY_NAME) values ('899','br.gov.mt.mti.fiplangma.model.tabelas.Ocorrencia');
Insert into FIPLAN_GMA_DES.DHWTB999_AUDITORIA_TABELAS (IDEN_AUDITORIA,ENTITY_NAME) values ('900','br.gov.mt.mti.fiplangma.model.tabelas.TramiteOcorrencia');
Insert into FIPLAN_GMA_DES.DHWTB999_AUDITORIA_TABELAS (IDEN_AUDITORIA,ENTITY_NAME) values ('900','br.gov.mt.mti.fiplangma.model.tabelas.Ocorrencia');
Insert into FIPLAN_GMA_DES.DHWTB999_AUDITORIA_TABELAS (IDEN_AUDITORIA,ENTITY_NAME) values ('900','br.gov.mt.mti.fiplangma.model.tabelas.Anexo');
Insert into FIPLAN_GMA_DES.DHWTB999_AUDITORIA_TABELAS (IDEN_AUDITORIA,ENTITY_NAME) values ('900','br.gov.mt.mti.fiplangma.model.tabelas.AcaoCoordenadoria');
Insert into FIPLAN_GMA_DES.DHWTB999_AUDITORIA_TABELAS (IDEN_AUDITORIA,ENTITY_NAME) values ('900','br.gov.mt.mti.fiplangma.model.tabelas.ArquivoAnexo');
Insert into FIPLAN_GMA_DES.DHWTB999_AUDITORIA_TABELAS (IDEN_AUDITORIA,ENTITY_NAME) values ('901','br.gov.mt.mti.fiplangma.model.tabelas.Ocorrencia');
Insert into FIPLAN_GMA_DES.DHWTB999_AUDITORIA_TABELAS (IDEN_AUDITORIA,ENTITY_NAME) values ('901','br.gov.mt.mti.fiplangma.model.tabelas.Anexo');
Insert into FIPLAN_GMA_DES.DHWTB999_AUDITORIA_TABELAS (IDEN_AUDITORIA,ENTITY_NAME) values ('901','br.gov.mt.mti.fiplangma.model.tabelas.AcaoCoordenadoria');
Insert into FIPLAN_GMA_DES.DHWTB999_AUDITORIA_TABELAS (IDEN_AUDITORIA,ENTITY_NAME) values ('901','br.gov.mt.mti.fiplangma.model.tabelas.ArquivoAnexo');
Insert into FIPLAN_GMA_DES.DHWTB999_AUDITORIA_TABELAS (IDEN_AUDITORIA,ENTITY_NAME) values ('902','br.gov.mt.mti.fiplangma.model.tabelas.TramiteOcorrencia');
Insert into FIPLAN_GMA_DES.DHWTB999_AUDITORIA_TABELAS (IDEN_AUDITORIA,ENTITY_NAME) values ('903','br.gov.mt.mti.fiplangma.model.tabelas.TramiteOcorrencia');
Insert into FIPLAN_GMA_DES.DHWTB999_AUDITORIA_TABELAS (IDEN_AUDITORIA,ENTITY_NAME) values ('904','br.gov.mt.mti.fiplangma.model.tabelas.TramiteOcorrencia');
Insert into FIPLAN_GMA_DES.DHWTB999_AUDITORIA_TABELAS (IDEN_AUDITORIA,ENTITY_NAME) values ('914','br.gov.mt.mti.fiplangma.model.tabelas.CNAEUnidadeAdministrativa');
Insert into FIPLAN_GMA_DES.DHWTB999_AUDITORIA_TABELAS (IDEN_AUDITORIA,ENTITY_NAME) values ('914','br.gov.mt.mti.fiplangma.model.tabelas.UnidadeAdministrativa');
Insert into FIPLAN_GMA_DES.DHWTB999_AUDITORIA_TABELAS (IDEN_AUDITORIA,ENTITY_NAME) values ('934','br.gov.mt.mti.fiplangma.model.security.user.Usuario');
Insert into FIPLAN_GMA_DES.DHWTB999_AUDITORIA_TABELAS (IDEN_AUDITORIA,ENTITY_NAME) values ('935','br.gov.mt.mti.fiplangma.model.tabelas.CNAEUnidadeAdministrativa');
Insert into FIPLAN_GMA_DES.DHWTB999_AUDITORIA_TABELAS (IDEN_AUDITORIA,ENTITY_NAME) values ('935','br.gov.mt.mti.fiplangma.model.tabelas.UnidadeAdministrativa');
Insert into FIPLAN_GMA_DES.DHWTB999_AUDITORIA_TABELAS (IDEN_AUDITORIA,ENTITY_NAME) values ('954','br.gov.mt.mti.fiplangma.model.tabelas.CNAEUnidadeAdministrativa');
Insert into FIPLAN_GMA_DES.DHWTB999_AUDITORIA_TABELAS (IDEN_AUDITORIA,ENTITY_NAME) values ('954','br.gov.mt.mti.fiplangma.model.tabelas.UnidadeAdministrativa');
Insert into FIPLAN_GMA_DES.DHWTB999_AUDITORIA_TABELAS (IDEN_AUDITORIA,ENTITY_NAME) values ('954','br.gov.mt.mti.fiplangma.model.tabelas.LegislacaoUnidadeAdministrativa');
Insert into FIPLAN_GMA_DES.DHWTB999_AUDITORIA_TABELAS (IDEN_AUDITORIA,ENTITY_NAME) values ('955','br.gov.mt.mti.fiplangma.model.tabelas.CNAEUnidadeAdministrativa');
Insert into FIPLAN_GMA_DES.DHWTB999_AUDITORIA_TABELAS (IDEN_AUDITORIA,ENTITY_NAME) values ('955','br.gov.mt.mti.fiplangma.model.tabelas.UnidadeAdministrativa');
Insert into FIPLAN_GMA_DES.DHWTB999_AUDITORIA_TABELAS (IDEN_AUDITORIA,ENTITY_NAME) values ('455','br.gov.mt.mti.fiplangma.model.tabelas.SubGrupoPendencia');
Insert into FIPLAN_GMA_DES.DHWTB999_AUDITORIA_TABELAS (IDEN_AUDITORIA,ENTITY_NAME) values ('456','br.gov.mt.mti.fiplangma.model.tabelas.GrupoPendencia');
Insert into FIPLAN_GMA_DES.DHWTB999_AUDITORIA_TABELAS (IDEN_AUDITORIA,ENTITY_NAME) values ('457','br.gov.mt.mti.fiplangma.model.tabelas.TipoOcorrencia');
Insert into FIPLAN_GMA_DES.DHWTB999_AUDITORIA_TABELAS (IDEN_AUDITORIA,ENTITY_NAME) values ('461','br.gov.mt.mti.fiplangma.model.tabelas.GrupoPendencia');
Insert into FIPLAN_GMA_DES.DHWTB999_AUDITORIA_TABELAS (IDEN_AUDITORIA,ENTITY_NAME) values ('462','br.gov.mt.mti.fiplangma.model.tabelas.GrupoPendencia');
Insert into FIPLAN_GMA_DES.DHWTB999_AUDITORIA_TABELAS (IDEN_AUDITORIA,ENTITY_NAME) values ('463','br.gov.mt.mti.fiplangma.model.tabelas.GrupoPendencia');
Insert into FIPLAN_GMA_DES.DHWTB999_AUDITORIA_TABELAS (IDEN_AUDITORIA,ENTITY_NAME) values ('464','br.gov.mt.mti.fiplangma.model.tabelas.GrupoPendencia');
Insert into FIPLAN_GMA_DES.DHWTB999_AUDITORIA_TABELAS (IDEN_AUDITORIA,ENTITY_NAME) values ('465','br.gov.mt.mti.fiplangma.model.tabelas.SubGrupoPendencia');
Insert into FIPLAN_GMA_DES.DHWTB999_AUDITORIA_TABELAS (IDEN_AUDITORIA,ENTITY_NAME) values ('466','br.gov.mt.mti.fiplangma.model.tabelas.SubGrupoPendencia');
Insert into FIPLAN_GMA_DES.DHWTB999_AUDITORIA_TABELAS (IDEN_AUDITORIA,ENTITY_NAME) values ('467','br.gov.mt.mti.fiplangma.model.tabelas.SubGrupoPendencia');
Insert into FIPLAN_GMA_DES.DHWTB999_AUDITORIA_TABELAS (IDEN_AUDITORIA,ENTITY_NAME) values ('468','br.gov.mt.mti.fiplangma.model.tabelas.SubGrupoPendencia');
Insert into FIPLAN_GMA_DES.DHWTB999_AUDITORIA_TABELAS (IDEN_AUDITORIA,ENTITY_NAME) values ('469','br.gov.mt.mti.fiplangma.model.tabelas.SubGrupoPendencia');
Insert into FIPLAN_GMA_DES.DHWTB999_AUDITORIA_TABELAS (IDEN_AUDITORIA,ENTITY_NAME) values ('470','br.gov.mt.mti.fiplangma.model.tabelas.SubGrupoPendencia');
Insert into FIPLAN_GMA_DES.DHWTB999_AUDITORIA_TABELAS (IDEN_AUDITORIA,ENTITY_NAME) values ('471','br.gov.mt.mti.fiplangma.model.tabelas.SubGrupoPendencia');
Insert into FIPLAN_GMA_DES.DHWTB999_AUDITORIA_TABELAS (IDEN_AUDITORIA,ENTITY_NAME) values ('472','br.gov.mt.mti.fiplangma.model.tabelas.SubGrupoPendencia');
Insert into FIPLAN_GMA_DES.DHWTB999_AUDITORIA_TABELAS (IDEN_AUDITORIA,ENTITY_NAME) values ('473','br.gov.mt.mti.fiplangma.model.tabelas.SubGrupoPendencia');
Insert into FIPLAN_GMA_DES.DHWTB999_AUDITORIA_TABELAS (IDEN_AUDITORIA,ENTITY_NAME) values ('474','br.gov.mt.mti.fiplangma.model.tabelas.SubGrupoPendencia');
Insert into FIPLAN_GMA_DES.DHWTB999_AUDITORIA_TABELAS (IDEN_AUDITORIA,ENTITY_NAME) values ('475','br.gov.mt.mti.fiplangma.model.tabelas.SubGrupoPendencia');
Insert into FIPLAN_GMA_DES.DHWTB999_AUDITORIA_TABELAS (IDEN_AUDITORIA,ENTITY_NAME) values ('476','br.gov.mt.mti.fiplangma.model.tabelas.SubGrupoPendencia');
Insert into FIPLAN_GMA_DES.DHWTB999_AUDITORIA_TABELAS (IDEN_AUDITORIA,ENTITY_NAME) values ('477','br.gov.mt.mti.fiplangma.model.tabelas.SubGrupoPendencia');
Insert into FIPLAN_GMA_DES.DHWTB999_AUDITORIA_TABELAS (IDEN_AUDITORIA,ENTITY_NAME) values ('478','br.gov.mt.mti.fiplangma.model.tabelas.TipoPendencia');
Insert into FIPLAN_GMA_DES.DHWTB999_AUDITORIA_TABELAS (IDEN_AUDITORIA,ENTITY_NAME) values ('479','br.gov.mt.mti.fiplangma.model.tabelas.TipoPendencia');
Insert into FIPLAN_GMA_DES.DHWTB999_AUDITORIA_TABELAS (IDEN_AUDITORIA,ENTITY_NAME) values ('480','br.gov.mt.mti.fiplangma.model.tabelas.TipoPendencia');
Insert into FIPLAN_GMA_DES.DHWTB999_AUDITORIA_TABELAS (IDEN_AUDITORIA,ENTITY_NAME) values ('481','br.gov.mt.mti.fiplangma.model.tabelas.TipoPendencia');
Insert into FIPLAN_GMA_DES.DHWTB999_AUDITORIA_TABELAS (IDEN_AUDITORIA,ENTITY_NAME) values ('482','br.gov.mt.mti.fiplangma.model.tabelas.TipoPendencia');
Insert into FIPLAN_GMA_DES.DHWTB999_AUDITORIA_TABELAS (IDEN_AUDITORIA,ENTITY_NAME) values ('483','br.gov.mt.mti.fiplangma.model.tabelas.TipoPendencia');
Insert into FIPLAN_GMA_DES.DHWTB999_AUDITORIA_TABELAS (IDEN_AUDITORIA,ENTITY_NAME) values ('484','br.gov.mt.mti.fiplangma.model.tabelas.TipoPendencia');
Insert into FIPLAN_GMA_DES.DHWTB999_AUDITORIA_TABELAS (IDEN_AUDITORIA,ENTITY_NAME) values ('485','br.gov.mt.mti.fiplangma.model.tabelas.TipoPendencia');
Insert into FIPLAN_GMA_DES.DHWTB999_AUDITORIA_TABELAS (IDEN_AUDITORIA,ENTITY_NAME) values ('486','br.gov.mt.mti.fiplangma.model.tabelas.TipoPendencia');
Insert into FIPLAN_GMA_DES.DHWTB999_AUDITORIA_TABELAS (IDEN_AUDITORIA,ENTITY_NAME) values ('487','br.gov.mt.mti.fiplangma.model.tabelas.TipoPendencia');
Insert into FIPLAN_GMA_DES.DHWTB999_AUDITORIA_TABELAS (IDEN_AUDITORIA,ENTITY_NAME) values ('488','br.gov.mt.mti.fiplangma.model.tabelas.TipoPendencia');
Insert into FIPLAN_GMA_DES.DHWTB999_AUDITORIA_TABELAS (IDEN_AUDITORIA,ENTITY_NAME) values ('489','br.gov.mt.mti.fiplangma.model.tabelas.TipoPendencia');
Insert into FIPLAN_GMA_DES.DHWTB999_AUDITORIA_TABELAS (IDEN_AUDITORIA,ENTITY_NAME) values ('490','br.gov.mt.mti.fiplangma.model.tabelas.TipoPendencia');
Insert into FIPLAN_GMA_DES.DHWTB999_AUDITORIA_TABELAS (IDEN_AUDITORIA,ENTITY_NAME) values ('491','br.gov.mt.mti.fiplangma.model.tabelas.TipoPendencia');
Insert into FIPLAN_GMA_DES.DHWTB999_AUDITORIA_TABELAS (IDEN_AUDITORIA,ENTITY_NAME) values ('492','br.gov.mt.mti.fiplangma.model.tabelas.TipoPendencia');
Insert into FIPLAN_GMA_DES.DHWTB999_AUDITORIA_TABELAS (IDEN_AUDITORIA,ENTITY_NAME) values ('493','br.gov.mt.mti.fiplangma.model.tabelas.TipoPendencia');
Insert into FIPLAN_GMA_DES.DHWTB999_AUDITORIA_TABELAS (IDEN_AUDITORIA,ENTITY_NAME) values ('494','br.gov.mt.mti.fiplangma.model.tabelas.TipoPendencia');
Insert into FIPLAN_GMA_DES.DHWTB999_AUDITORIA_TABELAS (IDEN_AUDITORIA,ENTITY_NAME) values ('495','br.gov.mt.mti.fiplangma.model.tabelas.TipoPendencia');
Insert into FIPLAN_GMA_DES.DHWTB999_AUDITORIA_TABELAS (IDEN_AUDITORIA,ENTITY_NAME) values ('496','br.gov.mt.mti.fiplangma.model.tabelas.TipoPendencia');
Insert into FIPLAN_GMA_DES.DHWTB999_AUDITORIA_TABELAS (IDEN_AUDITORIA,ENTITY_NAME) values ('497','br.gov.mt.mti.fiplangma.model.tabelas.TipoPendencia');
Insert into FIPLAN_GMA_DES.DHWTB999_AUDITORIA_TABELAS (IDEN_AUDITORIA,ENTITY_NAME) values ('498','br.gov.mt.mti.fiplangma.model.tabelas.TipoPendencia');
Insert into FIPLAN_GMA_DES.DHWTB999_AUDITORIA_TABELAS (IDEN_AUDITORIA,ENTITY_NAME) values ('505','br.gov.mt.mti.fiplangma.model.tabelas.TipoOcorrencia');
Insert into FIPLAN_GMA_DES.DHWTB999_AUDITORIA_TABELAS (IDEN_AUDITORIA,ENTITY_NAME) values ('506','br.gov.mt.mti.fiplangma.model.tabelas.TipoOcorrencia');
Insert into FIPLAN_GMA_DES.DHWTB999_AUDITORIA_TABELAS (IDEN_AUDITORIA,ENTITY_NAME) values ('507','br.gov.mt.mti.fiplangma.model.tabelas.TipoOcorrencia');
Insert into FIPLAN_GMA_DES.DHWTB999_AUDITORIA_TABELAS (IDEN_AUDITORIA,ENTITY_NAME) values ('508','br.gov.mt.mti.fiplangma.model.tabelas.TipoOcorrencia');
Insert into FIPLAN_GMA_DES.DHWTB999_AUDITORIA_TABELAS (IDEN_AUDITORIA,ENTITY_NAME) values ('509','br.gov.mt.mti.fiplangma.model.tabelas.TipoOcorrencia');
Insert into FIPLAN_GMA_DES.DHWTB999_AUDITORIA_TABELAS (IDEN_AUDITORIA,ENTITY_NAME) values ('510','br.gov.mt.mti.fiplangma.model.tabelas.TipoOcorrencia');
Insert into FIPLAN_GMA_DES.DHWTB999_AUDITORIA_TABELAS (IDEN_AUDITORIA,ENTITY_NAME) values ('511','br.gov.mt.mti.fiplangma.model.tabelas.TipoAdministracao');
Insert into FIPLAN_GMA_DES.DHWTB999_AUDITORIA_TABELAS (IDEN_AUDITORIA,ENTITY_NAME) values ('512','br.gov.mt.mti.fiplangma.model.tabelas.TipoAdministracao');
Insert into FIPLAN_GMA_DES.DHWTB999_AUDITORIA_TABELAS (IDEN_AUDITORIA,ENTITY_NAME) values ('513','br.gov.mt.mti.fiplangma.model.tabelas.TipoAdministracao');
Insert into FIPLAN_GMA_DES.DHWTB999_AUDITORIA_TABELAS (IDEN_AUDITORIA,ENTITY_NAME) values ('514','br.gov.mt.mti.fiplangma.model.tabelas.NaturezaJuridica');
Insert into FIPLAN_GMA_DES.DHWTB999_AUDITORIA_TABELAS (IDEN_AUDITORIA,ENTITY_NAME) values ('515','br.gov.mt.mti.fiplangma.model.tabelas.NaturezaJuridica');
Insert into FIPLAN_GMA_DES.DHWTB999_AUDITORIA_TABELAS (IDEN_AUDITORIA,ENTITY_NAME) values ('516','br.gov.mt.mti.fiplangma.model.tabelas.NaturezaJuridica');
Insert into FIPLAN_GMA_DES.DHWTB999_AUDITORIA_TABELAS (IDEN_AUDITORIA,ENTITY_NAME) values ('517','br.gov.mt.mti.fiplangma.model.tabelas.NaturezaJuridica');
Insert into FIPLAN_GMA_DES.DHWTB999_AUDITORIA_TABELAS (IDEN_AUDITORIA,ENTITY_NAME) values ('518','br.gov.mt.mti.fiplangma.model.tabelas.NaturezaJuridica');
Insert into FIPLAN_GMA_DES.DHWTB999_AUDITORIA_TABELAS (IDEN_AUDITORIA,ENTITY_NAME) values ('519','br.gov.mt.mti.fiplangma.model.tabelas.NaturezaJuridica');
Insert into FIPLAN_GMA_DES.DHWTB999_AUDITORIA_TABELAS (IDEN_AUDITORIA,ENTITY_NAME) values ('520','br.gov.mt.mti.fiplangma.model.tabelas.NaturezaJuridica');
Insert into FIPLAN_GMA_DES.DHWTB999_AUDITORIA_TABELAS (IDEN_AUDITORIA,ENTITY_NAME) values ('521','br.gov.mt.mti.fiplangma.model.tabelas.NaturezaJuridica');
Insert into FIPLAN_GMA_DES.DHWTB999_AUDITORIA_TABELAS (IDEN_AUDITORIA,ENTITY_NAME) values ('522','br.gov.mt.mti.fiplangma.model.tabelas.NaturezaJuridica');
Insert into FIPLAN_GMA_DES.DHWTB999_AUDITORIA_TABELAS (IDEN_AUDITORIA,ENTITY_NAME) values ('523','br.gov.mt.mti.fiplangma.model.tabelas.NaturezaJuridica');
Insert into FIPLAN_GMA_DES.DHWTB999_AUDITORIA_TABELAS (IDEN_AUDITORIA,ENTITY_NAME) values ('524','br.gov.mt.mti.fiplangma.model.tabelas.NaturezaJuridica');
Insert into FIPLAN_GMA_DES.DHWTB999_AUDITORIA_TABELAS (IDEN_AUDITORIA,ENTITY_NAME) values ('525','br.gov.mt.mti.fiplangma.model.tabelas.NaturezaJuridica');
Insert into FIPLAN_GMA_DES.DHWTB999_AUDITORIA_TABELAS (IDEN_AUDITORIA,ENTITY_NAME) values ('526','br.gov.mt.mti.fiplangma.model.tabelas.NaturezaJuridica');
Insert into FIPLAN_GMA_DES.DHWTB999_AUDITORIA_TABELAS (IDEN_AUDITORIA,ENTITY_NAME) values ('527','br.gov.mt.mti.fiplangma.model.tabelas.NaturezaJuridica');
Insert into FIPLAN_GMA_DES.DHWTB999_AUDITORIA_TABELAS (IDEN_AUDITORIA,ENTITY_NAME) values ('528','br.gov.mt.mti.fiplangma.model.tabelas.NaturezaJuridica');
Insert into FIPLAN_GMA_DES.DHWTB999_AUDITORIA_TABELAS (IDEN_AUDITORIA,ENTITY_NAME) values ('529','br.gov.mt.mti.fiplangma.model.tabelas.NaturezaJuridica');
Insert into FIPLAN_GMA_DES.DHWTB999_AUDITORIA_TABELAS (IDEN_AUDITORIA,ENTITY_NAME) values ('530','br.gov.mt.mti.fiplangma.model.tabelas.NaturezaJuridica');
Insert into FIPLAN_GMA_DES.DHWTB999_AUDITORIA_TABELAS (IDEN_AUDITORIA,ENTITY_NAME) values ('531','br.gov.mt.mti.fiplangma.model.tabelas.NaturezaJuridica');
Insert into FIPLAN_GMA_DES.DHWTB999_AUDITORIA_TABELAS (IDEN_AUDITORIA,ENTITY_NAME) values ('532','br.gov.mt.mti.fiplangma.model.tabelas.NaturezaJuridica');
Insert into FIPLAN_GMA_DES.DHWTB999_AUDITORIA_TABELAS (IDEN_AUDITORIA,ENTITY_NAME) values ('533','br.gov.mt.mti.fiplangma.model.tabelas.NaturezaJuridica');
Insert into FIPLAN_GMA_DES.DHWTB999_AUDITORIA_TABELAS (IDEN_AUDITORIA,ENTITY_NAME) values ('534','br.gov.mt.mti.fiplangma.model.tabelas.NaturezaJuridica');
Insert into FIPLAN_GMA_DES.DHWTB999_AUDITORIA_TABELAS (IDEN_AUDITORIA,ENTITY_NAME) values ('535','br.gov.mt.mti.fiplangma.model.tabelas.NaturezaJuridica');
Insert into FIPLAN_GMA_DES.DHWTB999_AUDITORIA_TABELAS (IDEN_AUDITORIA,ENTITY_NAME) values ('536','br.gov.mt.mti.fiplangma.model.tabelas.NaturezaJuridica');
Insert into FIPLAN_GMA_DES.DHWTB999_AUDITORIA_TABELAS (IDEN_AUDITORIA,ENTITY_NAME) values ('537','br.gov.mt.mti.fiplangma.model.tabelas.NaturezaJuridica');
Insert into FIPLAN_GMA_DES.DHWTB999_AUDITORIA_TABELAS (IDEN_AUDITORIA,ENTITY_NAME) values ('538','br.gov.mt.mti.fiplangma.model.tabelas.NaturezaJuridica');
Insert into FIPLAN_GMA_DES.DHWTB999_AUDITORIA_TABELAS (IDEN_AUDITORIA,ENTITY_NAME) values ('539','br.gov.mt.mti.fiplangma.model.tabelas.NaturezaJuridica');
Insert into FIPLAN_GMA_DES.DHWTB999_AUDITORIA_TABELAS (IDEN_AUDITORIA,ENTITY_NAME) values ('540','br.gov.mt.mti.fiplangma.model.tabelas.NaturezaJuridica');
Insert into FIPLAN_GMA_DES.DHWTB999_AUDITORIA_TABELAS (IDEN_AUDITORIA,ENTITY_NAME) values ('541','br.gov.mt.mti.fiplangma.model.tabelas.NaturezaJuridica');
Insert into FIPLAN_GMA_DES.DHWTB999_AUDITORIA_TABELAS (IDEN_AUDITORIA,ENTITY_NAME) values ('542','br.gov.mt.mti.fiplangma.model.tabelas.NaturezaJuridica');
Insert into FIPLAN_GMA_DES.DHWTB999_AUDITORIA_TABELAS (IDEN_AUDITORIA,ENTITY_NAME) values ('614','br.gov.mt.mti.fiplangma.model.tabelas.TipoOcorrencia');
Insert into FIPLAN_GMA_DES.DHWTB999_AUDITORIA_TABELAS (IDEN_AUDITORIA,ENTITY_NAME) values ('615','br.gov.mt.mti.fiplangma.model.tabelas.TipoOcorrencia');
Insert into FIPLAN_GMA_DES.DHWTB999_AUDITORIA_TABELAS (IDEN_AUDITORIA,ENTITY_NAME) values ('616','br.gov.mt.mti.fiplangma.model.tabelas.GrupoPendencia');
Insert into FIPLAN_GMA_DES.DHWTB999_AUDITORIA_TABELAS (IDEN_AUDITORIA,ENTITY_NAME) values ('617','br.gov.mt.mti.fiplangma.model.tabelas.GrupoPendencia');
Insert into FIPLAN_GMA_DES.DHWTB999_AUDITORIA_TABELAS (IDEN_AUDITORIA,ENTITY_NAME) values ('618','br.gov.mt.mti.fiplangma.model.tabelas.GrupoPendencia');
Insert into FIPLAN_GMA_DES.DHWTB999_AUDITORIA_TABELAS (IDEN_AUDITORIA,ENTITY_NAME) values ('619','br.gov.mt.mti.fiplangma.model.tabelas.GrupoPendencia');
Insert into FIPLAN_GMA_DES.DHWTB999_AUDITORIA_TABELAS (IDEN_AUDITORIA,ENTITY_NAME) values ('622','br.gov.mt.mti.fiplangma.model.tabelas.GrupoPendencia');
Insert into FIPLAN_GMA_DES.DHWTB999_AUDITORIA_TABELAS (IDEN_AUDITORIA,ENTITY_NAME) values ('623','br.gov.mt.mti.fiplangma.model.tabelas.SubGrupoPendencia');
Insert into FIPLAN_GMA_DES.DHWTB999_AUDITORIA_TABELAS (IDEN_AUDITORIA,ENTITY_NAME) values ('624','br.gov.mt.mti.fiplangma.model.tabelas.SubGrupoPendencia');
Insert into FIPLAN_GMA_DES.DHWTB999_AUDITORIA_TABELAS (IDEN_AUDITORIA,ENTITY_NAME) values ('630','br.gov.mt.mti.fiplangma.model.tabelas.TipoPendencia');
Insert into FIPLAN_GMA_DES.DHWTB999_AUDITORIA_TABELAS (IDEN_AUDITORIA,ENTITY_NAME) values ('635','br.gov.mt.mti.fiplangma.model.security.user.Funcionalidade');
Insert into FIPLAN_GMA_DES.DHWTB999_AUDITORIA_TABELAS (IDEN_AUDITORIA,ENTITY_NAME) values ('636','br.gov.mt.mti.fiplangma.model.security.user.Funcionalidade');
Insert into FIPLAN_GMA_DES.DHWTB999_AUDITORIA_TABELAS (IDEN_AUDITORIA,ENTITY_NAME) values ('637','br.gov.mt.mti.fiplangma.model.security.user.Usuario');
Insert into FIPLAN_GMA_DES.DHWTB999_AUDITORIA_TABELAS (IDEN_AUDITORIA,ENTITY_NAME) values ('638','br.gov.mt.mti.fiplangma.model.security.user.Funcionalidade');
Insert into FIPLAN_GMA_DES.DHWTB999_AUDITORIA_TABELAS (IDEN_AUDITORIA,ENTITY_NAME) values ('639','br.gov.mt.mti.fiplangma.model.security.user.Funcionalidade');
Insert into FIPLAN_GMA_DES.DHWTB999_AUDITORIA_TABELAS (IDEN_AUDITORIA,ENTITY_NAME) values ('657','br.gov.mt.mti.fiplangma.model.security.user.Usuario');
Insert into FIPLAN_GMA_DES.DHWTB999_AUDITORIA_TABELAS (IDEN_AUDITORIA,ENTITY_NAME) values ('658','br.gov.mt.mti.fiplangma.model.security.user.Funcionalidade');
Insert into FIPLAN_GMA_DES.DHWTB999_AUDITORIA_TABELAS (IDEN_AUDITORIA,ENTITY_NAME) values ('662','br.gov.mt.mti.fiplangma.model.security.user.Funcionalidade');
Insert into FIPLAN_GMA_DES.DHWTB999_AUDITORIA_TABELAS (IDEN_AUDITORIA,ENTITY_NAME) values ('663','br.gov.mt.mti.fiplangma.model.security.user.Funcionalidade');
Insert into FIPLAN_GMA_DES.DHWTB999_AUDITORIA_TABELAS (IDEN_AUDITORIA,ENTITY_NAME) values ('664','br.gov.mt.mti.fiplangma.model.tabelas.TipoAdministracao');
Insert into FIPLAN_GMA_DES.DHWTB999_AUDITORIA_TABELAS (IDEN_AUDITORIA,ENTITY_NAME) values ('665','br.gov.mt.mti.fiplangma.model.tabelas.TipoAdministracao');
Insert into FIPLAN_GMA_DES.DHWTB999_AUDITORIA_TABELAS (IDEN_AUDITORIA,ENTITY_NAME) values ('666','br.gov.mt.mti.fiplangma.model.tabelas.TipoAdministracao');
Insert into FIPLAN_GMA_DES.DHWTB999_AUDITORIA_TABELAS (IDEN_AUDITORIA,ENTITY_NAME) values ('667','br.gov.mt.mti.fiplangma.model.tabelas.TipoAdministracao');
Insert into FIPLAN_GMA_DES.DHWTB999_AUDITORIA_TABELAS (IDEN_AUDITORIA,ENTITY_NAME) values ('668','br.gov.mt.mti.fiplangma.model.tabelas.TipoAdministracao');
Insert into FIPLAN_GMA_DES.DHWTB999_AUDITORIA_TABELAS (IDEN_AUDITORIA,ENTITY_NAME) values ('669','br.gov.mt.mti.fiplangma.model.tabelas.TipoAdministracao');
Insert into FIPLAN_GMA_DES.DHWTB999_AUDITORIA_TABELAS (IDEN_AUDITORIA,ENTITY_NAME) values ('670','br.gov.mt.mti.fiplangma.model.tabelas.NaturezaJuridica');
Insert into FIPLAN_GMA_DES.DHWTB999_AUDITORIA_TABELAS (IDEN_AUDITORIA,ENTITY_NAME) values ('671','br.gov.mt.mti.fiplangma.model.tabelas.NaturezaJuridica');
Insert into FIPLAN_GMA_DES.DHWTB999_AUDITORIA_TABELAS (IDEN_AUDITORIA,ENTITY_NAME) values ('672','br.gov.mt.mti.fiplangma.model.tabelas.NaturezaJuridica');
Insert into FIPLAN_GMA_DES.DHWTB999_AUDITORIA_TABELAS (IDEN_AUDITORIA,ENTITY_NAME) values ('675','br.gov.mt.mti.fiplangma.model.tabelas.NaturezaJuridica');
Insert into FIPLAN_GMA_DES.DHWTB999_AUDITORIA_TABELAS (IDEN_AUDITORIA,ENTITY_NAME) values ('676','br.gov.mt.mti.fiplangma.model.tabelas.NaturezaJuridica');
Insert into FIPLAN_GMA_DES.DHWTB999_AUDITORIA_TABELAS (IDEN_AUDITORIA,ENTITY_NAME) values ('677','br.gov.mt.mti.fiplangma.model.tabelas.NaturezaJuridica');
Insert into FIPLAN_GMA_DES.DHWTB999_AUDITORIA_TABELAS (IDEN_AUDITORIA,ENTITY_NAME) values ('681','br.gov.mt.mti.fiplangma.model.tabelas.CNAE');
Insert into FIPLAN_GMA_DES.DHWTB999_AUDITORIA_TABELAS (IDEN_AUDITORIA,ENTITY_NAME) values ('683','br.gov.mt.mti.fiplangma.model.tabelas.CNAE');
Insert into FIPLAN_GMA_DES.DHWTB999_AUDITORIA_TABELAS (IDEN_AUDITORIA,ENTITY_NAME) values ('684','br.gov.mt.mti.fiplangma.model.tabelas.CNAE');
Insert into FIPLAN_GMA_DES.DHWTB999_AUDITORIA_TABELAS (IDEN_AUDITORIA,ENTITY_NAME) values ('685','br.gov.mt.mti.fiplangma.model.tabelas.CNAE');
Insert into FIPLAN_GMA_DES.DHWTB999_AUDITORIA_TABELAS (IDEN_AUDITORIA,ENTITY_NAME) values ('686','br.gov.mt.mti.fiplangma.model.tabelas.CNAE');
Insert into FIPLAN_GMA_DES.DHWTB999_AUDITORIA_TABELAS (IDEN_AUDITORIA,ENTITY_NAME) values ('361','br.gov.mt.mti.fiplangma.model.tabelas.TipoOcorrencia');
Insert into FIPLAN_GMA_DES.DHWTB999_AUDITORIA_TABELAS (IDEN_AUDITORIA,ENTITY_NAME) values ('362','br.gov.mt.mti.fiplangma.model.tabelas.TipoOcorrencia');
Insert into FIPLAN_GMA_DES.DHWTB999_AUDITORIA_TABELAS (IDEN_AUDITORIA,ENTITY_NAME) values ('363','br.gov.mt.mti.fiplangma.model.tabelas.TipoOcorrencia');
Insert into FIPLAN_GMA_DES.DHWTB999_AUDITORIA_TABELAS (IDEN_AUDITORIA,ENTITY_NAME) values ('364','br.gov.mt.mti.fiplangma.model.tabelas.TipoOcorrencia');
Insert into FIPLAN_GMA_DES.DHWTB999_AUDITORIA_TABELAS (IDEN_AUDITORIA,ENTITY_NAME) values ('365','br.gov.mt.mti.fiplangma.model.tabelas.TipoOcorrencia');
Insert into FIPLAN_GMA_DES.DHWTB999_AUDITORIA_TABELAS (IDEN_AUDITORIA,ENTITY_NAME) values ('366','br.gov.mt.mti.fiplangma.model.tabelas.CNAE');
Insert into FIPLAN_GMA_DES.DHWTB999_AUDITORIA_TABELAS (IDEN_AUDITORIA,ENTITY_NAME) values ('367','br.gov.mt.mti.fiplangma.model.tabelas.CNAE');
Insert into FIPLAN_GMA_DES.DHWTB999_AUDITORIA_TABELAS (IDEN_AUDITORIA,ENTITY_NAME) values ('368','br.gov.mt.mti.fiplangma.model.tabelas.TipoOcorrencia');
Insert into FIPLAN_GMA_DES.DHWTB999_AUDITORIA_TABELAS (IDEN_AUDITORIA,ENTITY_NAME) values ('369','br.gov.mt.mti.fiplangma.model.tabelas.TipoOcorrencia');
Insert into FIPLAN_GMA_DES.DHWTB999_AUDITORIA_TABELAS (IDEN_AUDITORIA,ENTITY_NAME) values ('370','br.gov.mt.mti.fiplangma.model.tabelas.TipoOcorrencia');
Insert into FIPLAN_GMA_DES.DHWTB999_AUDITORIA_TABELAS (IDEN_AUDITORIA,ENTITY_NAME) values ('371','br.gov.mt.mti.fiplangma.model.tabelas.TipoOcorrencia');
Insert into FIPLAN_GMA_DES.DHWTB999_AUDITORIA_TABELAS (IDEN_AUDITORIA,ENTITY_NAME) values ('372','br.gov.mt.mti.fiplangma.model.tabelas.TipoOcorrencia');
Insert into FIPLAN_GMA_DES.DHWTB999_AUDITORIA_TABELAS (IDEN_AUDITORIA,ENTITY_NAME) values ('373','br.gov.mt.mti.fiplangma.model.tabelas.TipoOcorrencia');
Insert into FIPLAN_GMA_DES.DHWTB999_AUDITORIA_TABELAS (IDEN_AUDITORIA,ENTITY_NAME) values ('374','br.gov.mt.mti.fiplangma.model.tabelas.TipoOcorrencia');
Insert into FIPLAN_GMA_DES.DHWTB999_AUDITORIA_TABELAS (IDEN_AUDITORIA,ENTITY_NAME) values ('375','br.gov.mt.mti.fiplangma.model.tabelas.TipoOcorrencia');
Insert into FIPLAN_GMA_DES.DHWTB999_AUDITORIA_TABELAS (IDEN_AUDITORIA,ENTITY_NAME) values ('376','br.gov.mt.mti.fiplangma.model.tabelas.TipoOcorrencia');
Insert into FIPLAN_GMA_DES.DHWTB999_AUDITORIA_TABELAS (IDEN_AUDITORIA,ENTITY_NAME) values ('377','br.gov.mt.mti.fiplangma.model.tabelas.TipoOcorrencia');
Insert into FIPLAN_GMA_DES.DHWTB999_AUDITORIA_TABELAS (IDEN_AUDITORIA,ENTITY_NAME) values ('378','br.gov.mt.mti.fiplangma.model.tabelas.TipoOcorrencia');
Insert into FIPLAN_GMA_DES.DHWTB999_AUDITORIA_TABELAS (IDEN_AUDITORIA,ENTITY_NAME) values ('379','br.gov.mt.mti.fiplangma.model.tabelas.TipoOcorrencia');
Insert into FIPLAN_GMA_DES.DHWTB999_AUDITORIA_TABELAS (IDEN_AUDITORIA,ENTITY_NAME) values ('380','br.gov.mt.mti.fiplangma.model.tabelas.TipoOcorrencia');
Insert into FIPLAN_GMA_DES.DHWTB999_AUDITORIA_TABELAS (IDEN_AUDITORIA,ENTITY_NAME) values ('381','br.gov.mt.mti.fiplangma.model.tabelas.TipoOcorrencia');
Insert into FIPLAN_GMA_DES.DHWTB999_AUDITORIA_TABELAS (IDEN_AUDITORIA,ENTITY_NAME) values ('382','br.gov.mt.mti.fiplangma.model.tabelas.TipoOcorrencia');
Insert into FIPLAN_GMA_DES.DHWTB999_AUDITORIA_TABELAS (IDEN_AUDITORIA,ENTITY_NAME) values ('383','br.gov.mt.mti.fiplangma.model.tabelas.TipoOcorrencia');
Insert into FIPLAN_GMA_DES.DHWTB999_AUDITORIA_TABELAS (IDEN_AUDITORIA,ENTITY_NAME) values ('387','br.gov.mt.mti.fiplangma.model.tabelas.TipoOcorrencia');
Insert into FIPLAN_GMA_DES.DHWTB999_AUDITORIA_TABELAS (IDEN_AUDITORIA,ENTITY_NAME) values ('388','br.gov.mt.mti.fiplangma.model.tabelas.TipoOcorrencia');
Insert into FIPLAN_GMA_DES.DHWTB999_AUDITORIA_TABELAS (IDEN_AUDITORIA,ENTITY_NAME) values ('389','br.gov.mt.mti.fiplangma.model.tabelas.TipoOcorrencia');
Insert into FIPLAN_GMA_DES.DHWTB999_AUDITORIA_TABELAS (IDEN_AUDITORIA,ENTITY_NAME) values ('390','br.gov.mt.mti.fiplangma.model.tabelas.TipoOcorrencia');
Insert into FIPLAN_GMA_DES.DHWTB999_AUDITORIA_TABELAS (IDEN_AUDITORIA,ENTITY_NAME) values ('391','br.gov.mt.mti.fiplangma.model.tabelas.TipoOcorrencia');
Insert into FIPLAN_GMA_DES.DHWTB999_AUDITORIA_TABELAS (IDEN_AUDITORIA,ENTITY_NAME) values ('392','br.gov.mt.mti.fiplangma.model.tabelas.TipoOcorrencia');
Insert into FIPLAN_GMA_DES.DHWTB999_AUDITORIA_TABELAS (IDEN_AUDITORIA,ENTITY_NAME) values ('393','br.gov.mt.mti.fiplangma.model.tabelas.TipoOcorrencia');
Insert into FIPLAN_GMA_DES.DHWTB999_AUDITORIA_TABELAS (IDEN_AUDITORIA,ENTITY_NAME) values ('394','br.gov.mt.mti.fiplangma.model.tabelas.TipoOcorrencia');
Insert into FIPLAN_GMA_DES.DHWTB999_AUDITORIA_TABELAS (IDEN_AUDITORIA,ENTITY_NAME) values ('395','br.gov.mt.mti.fiplangma.model.tabelas.TipoOcorrencia');
Insert into FIPLAN_GMA_DES.DHWTB999_AUDITORIA_TABELAS (IDEN_AUDITORIA,ENTITY_NAME) values ('401','br.gov.mt.mti.fiplangma.model.tabelas.TipoOcorrencia');
Insert into FIPLAN_GMA_DES.DHWTB999_AUDITORIA_TABELAS (IDEN_AUDITORIA,ENTITY_NAME) values ('402','br.gov.mt.mti.fiplangma.model.tabelas.TipoOcorrencia');
Insert into FIPLAN_GMA_DES.DHWTB999_AUDITORIA_TABELAS (IDEN_AUDITORIA,ENTITY_NAME) values ('403','br.gov.mt.mti.fiplangma.model.tabelas.TipoOcorrencia');
Insert into FIPLAN_GMA_DES.DHWTB999_AUDITORIA_TABELAS (IDEN_AUDITORIA,ENTITY_NAME) values ('404','br.gov.mt.mti.fiplangma.model.tabelas.TipoOcorrencia');
Insert into FIPLAN_GMA_DES.DHWTB999_AUDITORIA_TABELAS (IDEN_AUDITORIA,ENTITY_NAME) values ('405','br.gov.mt.mti.fiplangma.model.tabelas.TipoOcorrencia');
Insert into FIPLAN_GMA_DES.DHWTB999_AUDITORIA_TABELAS (IDEN_AUDITORIA,ENTITY_NAME) values ('406','br.gov.mt.mti.fiplangma.model.tabelas.TipoOcorrencia');
Insert into FIPLAN_GMA_DES.DHWTB999_AUDITORIA_TABELAS (IDEN_AUDITORIA,ENTITY_NAME) values ('407','br.gov.mt.mti.fiplangma.model.tabelas.TipoOcorrencia');
Insert into FIPLAN_GMA_DES.DHWTB999_AUDITORIA_TABELAS (IDEN_AUDITORIA,ENTITY_NAME) values ('408','br.gov.mt.mti.fiplangma.model.tabelas.TipoOcorrencia');
Insert into FIPLAN_GMA_DES.DHWTB999_AUDITORIA_TABELAS (IDEN_AUDITORIA,ENTITY_NAME) values ('409','br.gov.mt.mti.fiplangma.model.tabelas.TipoOcorrencia');
Insert into FIPLAN_GMA_DES.DHWTB999_AUDITORIA_TABELAS (IDEN_AUDITORIA,ENTITY_NAME) values ('445','br.gov.mt.mti.fiplangma.model.tabelas.TipoOcorrencia');
Insert into FIPLAN_GMA_DES.DHWTB999_AUDITORIA_TABELAS (IDEN_AUDITORIA,ENTITY_NAME) values ('446','br.gov.mt.mti.fiplangma.model.tabelas.TipoOcorrencia');
Insert into FIPLAN_GMA_DES.DHWTB999_AUDITORIA_TABELAS (IDEN_AUDITORIA,ENTITY_NAME) values ('447','br.gov.mt.mti.fiplangma.model.tabelas.TipoOcorrencia');
Insert into FIPLAN_GMA_DES.DHWTB999_AUDITORIA_TABELAS (IDEN_AUDITORIA,ENTITY_NAME) values ('448','br.gov.mt.mti.fiplangma.model.tabelas.GrupoPendencia');
Insert into FIPLAN_GMA_DES.DHWTB999_AUDITORIA_TABELAS (IDEN_AUDITORIA,ENTITY_NAME) values ('449','br.gov.mt.mti.fiplangma.model.tabelas.GrupoPendencia');
Insert into FIPLAN_GMA_DES.DHWTB999_AUDITORIA_TABELAS (IDEN_AUDITORIA,ENTITY_NAME) values ('450','br.gov.mt.mti.fiplangma.model.tabelas.TipoOcorrencia');
Insert into FIPLAN_GMA_DES.DHWTB999_AUDITORIA_TABELAS (IDEN_AUDITORIA,ENTITY_NAME) values ('451','br.gov.mt.mti.fiplangma.model.tabelas.TipoOcorrencia');
Insert into FIPLAN_GMA_DES.DHWTB999_AUDITORIA_TABELAS (IDEN_AUDITORIA,ENTITY_NAME) values ('620','br.gov.mt.mti.fiplangma.model.tabelas.GrupoPendencia');
Insert into FIPLAN_GMA_DES.DHWTB999_AUDITORIA_TABELAS (IDEN_AUDITORIA,ENTITY_NAME) values ('621','br.gov.mt.mti.fiplangma.model.tabelas.GrupoPendencia');
Insert into FIPLAN_GMA_DES.DHWTB999_AUDITORIA_TABELAS (IDEN_AUDITORIA,ENTITY_NAME) values ('625','br.gov.mt.mti.fiplangma.model.tabelas.SubGrupoPendencia');
Insert into FIPLAN_GMA_DES.DHWTB999_AUDITORIA_TABELAS (IDEN_AUDITORIA,ENTITY_NAME) values ('626','br.gov.mt.mti.fiplangma.model.tabelas.SubGrupoPendencia');
Insert into FIPLAN_GMA_DES.DHWTB999_AUDITORIA_TABELAS (IDEN_AUDITORIA,ENTITY_NAME) values ('627','br.gov.mt.mti.fiplangma.model.tabelas.SubGrupoPendencia');
Insert into FIPLAN_GMA_DES.DHWTB999_AUDITORIA_TABELAS (IDEN_AUDITORIA,ENTITY_NAME) values ('628','br.gov.mt.mti.fiplangma.model.tabelas.SubGrupoPendencia');
Insert into FIPLAN_GMA_DES.DHWTB999_AUDITORIA_TABELAS (IDEN_AUDITORIA,ENTITY_NAME) values ('629','br.gov.mt.mti.fiplangma.model.tabelas.SubGrupoPendencia');
Insert into FIPLAN_GMA_DES.DHWTB999_AUDITORIA_TABELAS (IDEN_AUDITORIA,ENTITY_NAME) values ('631','br.gov.mt.mti.fiplangma.model.tabelas.TipoPendencia');
Insert into FIPLAN_GMA_DES.DHWTB999_AUDITORIA_TABELAS (IDEN_AUDITORIA,ENTITY_NAME) values ('632','br.gov.mt.mti.fiplangma.model.tabelas.TipoPendencia');
Insert into FIPLAN_GMA_DES.DHWTB999_AUDITORIA_TABELAS (IDEN_AUDITORIA,ENTITY_NAME) values ('633','br.gov.mt.mti.fiplangma.model.tabelas.TipoPendencia');
Insert into FIPLAN_GMA_DES.DHWTB999_AUDITORIA_TABELAS (IDEN_AUDITORIA,ENTITY_NAME) values ('634','br.gov.mt.mti.fiplangma.model.tabelas.TipoPendencia');
Insert into FIPLAN_GMA_DES.DHWTB999_AUDITORIA_TABELAS (IDEN_AUDITORIA,ENTITY_NAME) values ('687','br.gov.mt.mti.fiplangma.model.tabelas.CNAE');
Insert into FIPLAN_GMA_DES.DHWTB999_AUDITORIA_TABELAS (IDEN_AUDITORIA,ENTITY_NAME) values ('688','br.gov.mt.mti.fiplangma.model.tabelas.TipoOcorrencia');
Insert into FIPLAN_GMA_DES.DHWTB999_AUDITORIA_TABELAS (IDEN_AUDITORIA,ENTITY_NAME) values ('689','br.gov.mt.mti.fiplangma.model.tabelas.TipoOcorrencia');
Insert into FIPLAN_GMA_DES.DHWTB999_AUDITORIA_TABELAS (IDEN_AUDITORIA,ENTITY_NAME) values ('690','br.gov.mt.mti.fiplangma.model.tabelas.TipoOcorrencia');
Insert into FIPLAN_GMA_DES.DHWTB999_AUDITORIA_TABELAS (IDEN_AUDITORIA,ENTITY_NAME) values ('691','br.gov.mt.mti.fiplangma.model.tabelas.TipoOcorrencia');
Insert into FIPLAN_GMA_DES.DHWTB999_AUDITORIA_TABELAS (IDEN_AUDITORIA,ENTITY_NAME) values ('744','br.gov.mt.mti.fiplangma.model.tabelas.TipoPendencia');
Insert into FIPLAN_GMA_DES.DHWTB999_AUDITORIA_TABELAS (IDEN_AUDITORIA,ENTITY_NAME) values ('745','br.gov.mt.mti.fiplangma.model.tabelas.CNAE');
Insert into FIPLAN_GMA_DES.DHWTB999_AUDITORIA_TABELAS (IDEN_AUDITORIA,ENTITY_NAME) values ('746','br.gov.mt.mti.fiplangma.model.tabelas.CNAE');
Insert into FIPLAN_GMA_DES.DHWTB999_AUDITORIA_TABELAS (IDEN_AUDITORIA,ENTITY_NAME) values ('747','br.gov.mt.mti.fiplangma.model.tabelas.CNAEUnidadeAdministrativa');
Insert into FIPLAN_GMA_DES.DHWTB999_AUDITORIA_TABELAS (IDEN_AUDITORIA,ENTITY_NAME) values ('747','br.gov.mt.mti.fiplangma.model.tabelas.UnidadeAdministrativa');
Insert into FIPLAN_GMA_DES.DHWTB999_AUDITORIA_TABELAS (IDEN_AUDITORIA,ENTITY_NAME) values ('748','br.gov.mt.mti.fiplangma.model.security.user.Funcionalidade');
Insert into FIPLAN_GMA_DES.DHWTB999_AUDITORIA_TABELAS (IDEN_AUDITORIA,ENTITY_NAME) values ('749','br.gov.mt.mti.fiplangma.model.security.user.Funcionalidade');
Insert into FIPLAN_GMA_DES.DHWTB999_AUDITORIA_TABELAS (IDEN_AUDITORIA,ENTITY_NAME) values ('750','br.gov.mt.mti.fiplangma.model.tabelas.TipoPendencia');
Insert into FIPLAN_GMA_DES.DHWTB999_AUDITORIA_TABELAS (IDEN_AUDITORIA,ENTITY_NAME) values ('751','br.gov.mt.mti.fiplangma.model.tabelas.TipoPendencia');
Insert into FIPLAN_GMA_DES.DHWTB999_AUDITORIA_TABELAS (IDEN_AUDITORIA,ENTITY_NAME) values ('752','br.gov.mt.mti.fiplangma.model.tabelas.TipoPendencia');
Insert into FIPLAN_GMA_DES.DHWTB999_AUDITORIA_TABELAS (IDEN_AUDITORIA,ENTITY_NAME) values ('753','br.gov.mt.mti.fiplangma.model.tabelas.TipoPendencia');
Insert into FIPLAN_GMA_DES.DHWTB999_AUDITORIA_TABELAS (IDEN_AUDITORIA,ENTITY_NAME) values ('754','br.gov.mt.mti.fiplangma.model.tabelas.TipoPendencia');
Insert into FIPLAN_GMA_DES.DHWTB999_AUDITORIA_TABELAS (IDEN_AUDITORIA,ENTITY_NAME) values ('755','br.gov.mt.mti.fiplangma.model.tabelas.CNAE');
Insert into FIPLAN_GMA_DES.DHWTB999_AUDITORIA_TABELAS (IDEN_AUDITORIA,ENTITY_NAME) values ('756','br.gov.mt.mti.fiplangma.model.tabelas.CNAE');
Insert into FIPLAN_GMA_DES.DHWTB999_AUDITORIA_TABELAS (IDEN_AUDITORIA,ENTITY_NAME) values ('774','br.gov.mt.mti.fiplangma.model.tabelas.TipoOcorrencia');
Insert into FIPLAN_GMA_DES.DHWTB999_AUDITORIA_TABELAS (IDEN_AUDITORIA,ENTITY_NAME) values ('774','br.gov.mt.mti.fiplangma.model.tabelas.TipoPendencia');
Insert into FIPLAN_GMA_DES.DHWTB999_AUDITORIA_TABELAS (IDEN_AUDITORIA,ENTITY_NAME) values ('775','br.gov.mt.mti.fiplangma.model.tabelas.TipoPendencia');
Insert into FIPLAN_GMA_DES.DHWTB999_AUDITORIA_TABELAS (IDEN_AUDITORIA,ENTITY_NAME) values ('776','br.gov.mt.mti.fiplangma.model.tabelas.TipoOcorrencia');
Insert into FIPLAN_GMA_DES.DHWTB999_AUDITORIA_TABELAS (IDEN_AUDITORIA,ENTITY_NAME) values ('784','br.gov.mt.mti.fiplangma.model.tabelas.CNAEUnidadeAdministrativa');
Insert into FIPLAN_GMA_DES.DHWTB999_AUDITORIA_TABELAS (IDEN_AUDITORIA,ENTITY_NAME) values ('784','br.gov.mt.mti.fiplangma.model.tabelas.UnidadeAdministrativa');
Insert into FIPLAN_GMA_DES.DHWTB999_AUDITORIA_TABELAS (IDEN_AUDITORIA,ENTITY_NAME) values ('785','br.gov.mt.mti.fiplangma.model.tabelas.TipoPendencia');
Insert into FIPLAN_GMA_DES.DHWTB999_AUDITORIA_TABELAS (IDEN_AUDITORIA,ENTITY_NAME) values ('786','br.gov.mt.mti.fiplangma.model.tabelas.TipoPendencia');
Insert into FIPLAN_GMA_DES.DHWTB999_AUDITORIA_TABELAS (IDEN_AUDITORIA,ENTITY_NAME) values ('787','br.gov.mt.mti.fiplangma.model.tabelas.TipoPendencia');
Insert into FIPLAN_GMA_DES.DHWTB999_AUDITORIA_TABELAS (IDEN_AUDITORIA,ENTITY_NAME) values ('788','br.gov.mt.mti.fiplangma.model.tabelas.TipoPendencia');
Insert into FIPLAN_GMA_DES.DHWTB999_AUDITORIA_TABELAS (IDEN_AUDITORIA,ENTITY_NAME) values ('789','br.gov.mt.mti.fiplangma.model.tabelas.TipoPendencia');
Insert into FIPLAN_GMA_DES.DHWTB999_AUDITORIA_TABELAS (IDEN_AUDITORIA,ENTITY_NAME) values ('790','br.gov.mt.mti.fiplangma.model.tabelas.TipoPendencia');
Insert into FIPLAN_GMA_DES.DHWTB999_AUDITORIA_TABELAS (IDEN_AUDITORIA,ENTITY_NAME) values ('791','br.gov.mt.mti.fiplangma.model.tabelas.TipoPendencia');
Insert into FIPLAN_GMA_DES.DHWTB999_AUDITORIA_TABELAS (IDEN_AUDITORIA,ENTITY_NAME) values ('792','br.gov.mt.mti.fiplangma.model.tabelas.TipoPendencia');
Insert into FIPLAN_GMA_DES.DHWTB999_AUDITORIA_TABELAS (IDEN_AUDITORIA,ENTITY_NAME) values ('793','br.gov.mt.mti.fiplangma.model.tabelas.TipoPendencia');
Insert into FIPLAN_GMA_DES.DHWTB999_AUDITORIA_TABELAS (IDEN_AUDITORIA,ENTITY_NAME) values ('794','br.gov.mt.mti.fiplangma.model.tabelas.TipoPendencia');
Insert into FIPLAN_GMA_DES.DHWTB999_AUDITORIA_TABELAS (IDEN_AUDITORIA,ENTITY_NAME) values ('795','br.gov.mt.mti.fiplangma.model.tabelas.TipoPendencia');
Insert into FIPLAN_GMA_DES.DHWTB999_AUDITORIA_TABELAS (IDEN_AUDITORIA,ENTITY_NAME) values ('796','br.gov.mt.mti.fiplangma.model.tabelas.TipoPendencia');
Insert into FIPLAN_GMA_DES.DHWTB999_AUDITORIA_TABELAS (IDEN_AUDITORIA,ENTITY_NAME) values ('805','br.gov.mt.mti.fiplangma.model.tabelas.TipoPendencia');
Insert into FIPLAN_GMA_DES.DHWTB999_AUDITORIA_TABELAS (IDEN_AUDITORIA,ENTITY_NAME) values ('806','br.gov.mt.mti.fiplangma.model.tabelas.TipoPendencia');
Insert into FIPLAN_GMA_DES.DHWTB999_AUDITORIA_TABELAS (IDEN_AUDITORIA,ENTITY_NAME) values ('807','br.gov.mt.mti.fiplangma.model.tabelas.TipoPendencia');
Insert into FIPLAN_GMA_DES.DHWTB999_AUDITORIA_TABELAS (IDEN_AUDITORIA,ENTITY_NAME) values ('808','br.gov.mt.mti.fiplangma.model.tabelas.TipoPendencia');
Insert into FIPLAN_GMA_DES.DHWTB999_AUDITORIA_TABELAS (IDEN_AUDITORIA,ENTITY_NAME) values ('809','br.gov.mt.mti.fiplangma.model.tabelas.TipoPendencia');
Insert into FIPLAN_GMA_DES.DHWTB999_AUDITORIA_TABELAS (IDEN_AUDITORIA,ENTITY_NAME) values ('810','br.gov.mt.mti.fiplangma.model.tabelas.TipoPendencia');
Insert into FIPLAN_GMA_DES.DHWTB999_AUDITORIA_TABELAS (IDEN_AUDITORIA,ENTITY_NAME) values ('811','br.gov.mt.mti.fiplangma.model.tabelas.CNAEUnidadeAdministrativa');
Insert into FIPLAN_GMA_DES.DHWTB999_AUDITORIA_TABELAS (IDEN_AUDITORIA,ENTITY_NAME) values ('811','br.gov.mt.mti.fiplangma.model.tabelas.UnidadeAdministrativa');
Insert into FIPLAN_GMA_DES.DHWTB999_AUDITORIA_TABELAS (IDEN_AUDITORIA,ENTITY_NAME) values ('812','br.gov.mt.mti.fiplangma.model.tabelas.CNAEUnidadeAdministrativa');
Insert into FIPLAN_GMA_DES.DHWTB999_AUDITORIA_TABELAS (IDEN_AUDITORIA,ENTITY_NAME) values ('812','br.gov.mt.mti.fiplangma.model.tabelas.UnidadeAdministrativa');
Insert into FIPLAN_GMA_DES.DHWTB999_AUDITORIA_TABELAS (IDEN_AUDITORIA,ENTITY_NAME) values ('813','br.gov.mt.mti.fiplangma.model.tabelas.CNAEUnidadeAdministrativa');
Insert into FIPLAN_GMA_DES.DHWTB999_AUDITORIA_TABELAS (IDEN_AUDITORIA,ENTITY_NAME) values ('813','br.gov.mt.mti.fiplangma.model.tabelas.UnidadeAdministrativa');
Insert into FIPLAN_GMA_DES.DHWTB999_AUDITORIA_TABELAS (IDEN_AUDITORIA,ENTITY_NAME) values ('814','br.gov.mt.mti.fiplangma.model.tabelas.CNAEUnidadeAdministrativa');
Insert into FIPLAN_GMA_DES.DHWTB999_AUDITORIA_TABELAS (IDEN_AUDITORIA,ENTITY_NAME) values ('814','br.gov.mt.mti.fiplangma.model.tabelas.UnidadeAdministrativa');
Insert into FIPLAN_GMA_DES.DHWTB999_AUDITORIA_TABELAS (IDEN_AUDITORIA,ENTITY_NAME) values ('834','br.gov.mt.mti.fiplangma.model.tabelas.CNAEUnidadeAdministrativa');
Insert into FIPLAN_GMA_DES.DHWTB999_AUDITORIA_TABELAS (IDEN_AUDITORIA,ENTITY_NAME) values ('834','br.gov.mt.mti.fiplangma.model.tabelas.UnidadeAdministrativa');
Insert into FIPLAN_GMA_DES.DHWTB999_AUDITORIA_TABELAS (IDEN_AUDITORIA,ENTITY_NAME) values ('835','br.gov.mt.mti.fiplangma.model.security.user.Usuario');
Insert into FIPLAN_GMA_DES.DHWTB999_AUDITORIA_TABELAS (IDEN_AUDITORIA,ENTITY_NAME) values ('836','br.gov.mt.mti.fiplangma.model.security.user.Usuario');
Insert into FIPLAN_GMA_DES.DHWTB999_AUDITORIA_TABELAS (IDEN_AUDITORIA,ENTITY_NAME) values ('837','br.gov.mt.mti.fiplangma.model.security.user.Usuario');
Insert into FIPLAN_GMA_DES.DHWTB999_AUDITORIA_TABELAS (IDEN_AUDITORIA,ENTITY_NAME) values ('839','br.gov.mt.mti.fiplangma.model.tabelas.Ocorrencia');
Insert into FIPLAN_GMA_DES.DHWTB999_AUDITORIA_TABELAS (IDEN_AUDITORIA,ENTITY_NAME) values ('421','br.gov.mt.mti.fiplangma.model.tabelas.CNAE');
Insert into FIPLAN_GMA_DES.DHWTB999_AUDITORIA_TABELAS (IDEN_AUDITORIA,ENTITY_NAME) values ('422','br.gov.mt.mti.fiplangma.model.tabelas.CNAE');
Insert into FIPLAN_GMA_DES.DHWTB999_AUDITORIA_TABELAS (IDEN_AUDITORIA,ENTITY_NAME) values ('423','br.gov.mt.mti.fiplangma.model.tabelas.CNAE');
Insert into FIPLAN_GMA_DES.DHWTB999_AUDITORIA_TABELAS (IDEN_AUDITORIA,ENTITY_NAME) values ('424','br.gov.mt.mti.fiplangma.model.tabelas.CNAE');
Insert into FIPLAN_GMA_DES.DHWTB999_AUDITORIA_TABELAS (IDEN_AUDITORIA,ENTITY_NAME) values ('426','br.gov.mt.mti.fiplangma.model.tabelas.TipoOcorrencia');
Insert into FIPLAN_GMA_DES.DHWTB999_AUDITORIA_TABELAS (IDEN_AUDITORIA,ENTITY_NAME) values ('427','br.gov.mt.mti.fiplangma.model.tabelas.TipoOcorrencia');
Insert into FIPLAN_GMA_DES.DHWTB999_AUDITORIA_TABELAS (IDEN_AUDITORIA,ENTITY_NAME) values ('428','br.gov.mt.mti.fiplangma.model.tabelas.TipoOcorrencia');
Insert into FIPLAN_GMA_DES.DHWTB999_AUDITORIA_TABELAS (IDEN_AUDITORIA,ENTITY_NAME) values ('429','br.gov.mt.mti.fiplangma.model.tabelas.TipoOcorrencia');
Insert into FIPLAN_GMA_DES.DHWTB999_AUDITORIA_TABELAS (IDEN_AUDITORIA,ENTITY_NAME) values ('430','br.gov.mt.mti.fiplangma.model.tabelas.TipoOcorrencia');
Insert into FIPLAN_GMA_DES.DHWTB999_AUDITORIA_TABELAS (IDEN_AUDITORIA,ENTITY_NAME) values ('431','br.gov.mt.mti.fiplangma.model.tabelas.TipoOcorrencia');
Insert into FIPLAN_GMA_DES.DHWTB999_AUDITORIA_TABELAS (IDEN_AUDITORIA,ENTITY_NAME) values ('432','br.gov.mt.mti.fiplangma.model.tabelas.TipoOcorrencia');
Insert into FIPLAN_GMA_DES.DHWTB999_AUDITORIA_TABELAS (IDEN_AUDITORIA,ENTITY_NAME) values ('433','br.gov.mt.mti.fiplangma.model.tabelas.TipoOcorrencia');
Insert into FIPLAN_GMA_DES.DHWTB999_AUDITORIA_TABELAS (IDEN_AUDITORIA,ENTITY_NAME) values ('434','br.gov.mt.mti.fiplangma.model.tabelas.TipoOcorrencia');
Insert into FIPLAN_GMA_DES.DHWTB999_AUDITORIA_TABELAS (IDEN_AUDITORIA,ENTITY_NAME) values ('435','br.gov.mt.mti.fiplangma.model.tabelas.TipoOcorrencia');
Insert into FIPLAN_GMA_DES.DHWTB999_AUDITORIA_TABELAS (IDEN_AUDITORIA,ENTITY_NAME) values ('452','br.gov.mt.mti.fiplangma.model.tabelas.CNAE');
Insert into FIPLAN_GMA_DES.DHWTB999_AUDITORIA_TABELAS (IDEN_AUDITORIA,ENTITY_NAME) values ('453','br.gov.mt.mti.fiplangma.model.tabelas.GrupoPendencia');
Insert into FIPLAN_GMA_DES.DHWTB999_AUDITORIA_TABELAS (IDEN_AUDITORIA,ENTITY_NAME) values ('454','br.gov.mt.mti.fiplangma.model.tabelas.SubGrupoPendencia');
Insert into FIPLAN_GMA_DES.DHWTB999_AUDITORIA_TABELAS (IDEN_AUDITORIA,ENTITY_NAME) values ('654','br.gov.mt.mti.fiplangma.model.security.user.Funcionalidade');
Insert into FIPLAN_GMA_DES.DHWTB999_AUDITORIA_TABELAS (IDEN_AUDITORIA,ENTITY_NAME) values ('655','br.gov.mt.mti.fiplangma.model.security.user.Usuario');
Insert into FIPLAN_GMA_DES.DHWTB999_AUDITORIA_TABELAS (IDEN_AUDITORIA,ENTITY_NAME) values ('656','br.gov.mt.mti.fiplangma.model.security.user.Funcionalidade');
Insert into FIPLAN_GMA_DES.DHWTB999_AUDITORIA_TABELAS (IDEN_AUDITORIA,ENTITY_NAME) values ('659','br.gov.mt.mti.fiplangma.model.security.user.Funcionalidade');
Insert into FIPLAN_GMA_DES.DHWTB999_AUDITORIA_TABELAS (IDEN_AUDITORIA,ENTITY_NAME) values ('660','br.gov.mt.mti.fiplangma.model.security.user.Funcionalidade');
Insert into FIPLAN_GMA_DES.DHWTB999_AUDITORIA_TABELAS (IDEN_AUDITORIA,ENTITY_NAME) values ('661','br.gov.mt.mti.fiplangma.model.security.user.Funcionalidade');
Insert into FIPLAN_GMA_DES.DHWTB999_AUDITORIA_TABELAS (IDEN_AUDITORIA,ENTITY_NAME) values ('673','br.gov.mt.mti.fiplangma.model.tabelas.CNAEUnidadeAdministrativa');
Insert into FIPLAN_GMA_DES.DHWTB999_AUDITORIA_TABELAS (IDEN_AUDITORIA,ENTITY_NAME) values ('673','br.gov.mt.mti.fiplangma.model.tabelas.UnidadeAdministrativa');
Insert into FIPLAN_GMA_DES.DHWTB999_AUDITORIA_TABELAS (IDEN_AUDITORIA,ENTITY_NAME) values ('674','br.gov.mt.mti.fiplangma.model.security.user.Funcionalidade');
Insert into FIPLAN_GMA_DES.DHWTB999_AUDITORIA_TABELAS (IDEN_AUDITORIA,ENTITY_NAME) values ('678','br.gov.mt.mti.fiplangma.model.security.user.Funcionalidade');
Insert into FIPLAN_GMA_DES.DHWTB999_AUDITORIA_TABELAS (IDEN_AUDITORIA,ENTITY_NAME) values ('679','br.gov.mt.mti.fiplangma.model.security.user.Funcionalidade');
Insert into FIPLAN_GMA_DES.DHWTB999_AUDITORIA_TABELAS (IDEN_AUDITORIA,ENTITY_NAME) values ('680','br.gov.mt.mti.fiplangma.model.tabelas.CNAEUnidadeAdministrativa');
Insert into FIPLAN_GMA_DES.DHWTB999_AUDITORIA_TABELAS (IDEN_AUDITORIA,ENTITY_NAME) values ('680','br.gov.mt.mti.fiplangma.model.tabelas.UnidadeAdministrativa');
Insert into FIPLAN_GMA_DES.DHWTB999_AUDITORIA_TABELAS (IDEN_AUDITORIA,ENTITY_NAME) values ('682','br.gov.mt.mti.fiplangma.model.tabelas.UnidadeAdministrativa');
Insert into FIPLAN_GMA_DES.DHWTB999_AUDITORIA_TABELAS (IDEN_AUDITORIA,ENTITY_NAME) values ('682','br.gov.mt.mti.fiplangma.model.tabelas.LegislacaoUnidadeAdministrativa');
Insert into FIPLAN_GMA_DES.DHWTB999_AUDITORIA_TABELAS (IDEN_AUDITORIA,ENTITY_NAME) values ('714','br.gov.mt.mti.fiplangma.model.tabelas.LegislacaoUnidadeAdministrativa');
Insert into FIPLAN_GMA_DES.DHWTB999_AUDITORIA_TABELAS (IDEN_AUDITORIA,ENTITY_NAME) values ('715','br.gov.mt.mti.fiplangma.model.security.user.Permissao');
Insert into FIPLAN_GMA_DES.DHWTB999_AUDITORIA_TABELAS (IDEN_AUDITORIA,ENTITY_NAME) values ('716','br.gov.mt.mti.fiplangma.model.security.user.Permissao');
Insert into FIPLAN_GMA_DES.DHWTB999_AUDITORIA_TABELAS (IDEN_AUDITORIA,ENTITY_NAME) values ('717','br.gov.mt.mti.fiplangma.model.security.user.Permissao');
Insert into FIPLAN_GMA_DES.DHWTB999_AUDITORIA_TABELAS (IDEN_AUDITORIA,ENTITY_NAME) values ('718','br.gov.mt.mti.fiplangma.model.security.user.Permissao');
Insert into FIPLAN_GMA_DES.DHWTB999_AUDITORIA_TABELAS (IDEN_AUDITORIA,ENTITY_NAME) values ('719','br.gov.mt.mti.fiplangma.model.security.user.Funcionalidade');
Insert into FIPLAN_GMA_DES.DHWTB999_AUDITORIA_TABELAS (IDEN_AUDITORIA,ENTITY_NAME) values ('720','br.gov.mt.mti.fiplangma.model.security.user.Funcionalidade');
Insert into FIPLAN_GMA_DES.DHWTB999_AUDITORIA_TABELAS (IDEN_AUDITORIA,ENTITY_NAME) values ('721','br.gov.mt.mti.fiplangma.model.security.user.Funcionalidade');
Insert into FIPLAN_GMA_DES.DHWTB999_AUDITORIA_TABELAS (IDEN_AUDITORIA,ENTITY_NAME) values ('722','br.gov.mt.mti.fiplangma.model.security.user.Funcionalidade');
Insert into FIPLAN_GMA_DES.DHWTB999_AUDITORIA_TABELAS (IDEN_AUDITORIA,ENTITY_NAME) values ('723','br.gov.mt.mti.fiplangma.model.security.user.Funcionalidade');
Insert into FIPLAN_GMA_DES.DHWTB999_AUDITORIA_TABELAS (IDEN_AUDITORIA,ENTITY_NAME) values ('724','br.gov.mt.mti.fiplangma.model.security.user.Funcionalidade');
Insert into FIPLAN_GMA_DES.DHWTB999_AUDITORIA_TABELAS (IDEN_AUDITORIA,ENTITY_NAME) values ('725','br.gov.mt.mti.fiplangma.model.security.user.Funcionalidade');
Insert into FIPLAN_GMA_DES.DHWTB999_AUDITORIA_TABELAS (IDEN_AUDITORIA,ENTITY_NAME) values ('726','br.gov.mt.mti.fiplangma.model.security.user.Funcionalidade');
Insert into FIPLAN_GMA_DES.DHWTB999_AUDITORIA_TABELAS (IDEN_AUDITORIA,ENTITY_NAME) values ('727','br.gov.mt.mti.fiplangma.model.security.user.Funcionalidade');
Insert into FIPLAN_GMA_DES.DHWTB999_AUDITORIA_TABELAS (IDEN_AUDITORIA,ENTITY_NAME) values ('728','br.gov.mt.mti.fiplangma.model.security.user.Perfil');
Insert into FIPLAN_GMA_DES.DHWTB999_AUDITORIA_TABELAS (IDEN_AUDITORIA,ENTITY_NAME) values ('729','br.gov.mt.mti.fiplangma.model.security.user.Funcionalidade');
Insert into FIPLAN_GMA_DES.DHWTB999_AUDITORIA_TABELAS (IDEN_AUDITORIA,ENTITY_NAME) values ('730','br.gov.mt.mti.fiplangma.model.security.user.Funcionalidade');
Insert into FIPLAN_GMA_DES.DHWTB999_AUDITORIA_TABELAS (IDEN_AUDITORIA,ENTITY_NAME) values ('731','br.gov.mt.mti.fiplangma.model.security.user.Funcionalidade');
Insert into FIPLAN_GMA_DES.DHWTB999_AUDITORIA_TABELAS (IDEN_AUDITORIA,ENTITY_NAME) values ('732','br.gov.mt.mti.fiplangma.model.security.user.Funcionalidade');
Insert into FIPLAN_GMA_DES.DHWTB999_AUDITORIA_TABELAS (IDEN_AUDITORIA,ENTITY_NAME) values ('734','br.gov.mt.mti.fiplangma.model.tabelas.CNAE');
Insert into FIPLAN_GMA_DES.DHWTB999_AUDITORIA_TABELAS (IDEN_AUDITORIA,ENTITY_NAME) values ('735','br.gov.mt.mti.fiplangma.model.tabelas.CNAE');
Insert into FIPLAN_GMA_DES.DHWTB999_AUDITORIA_TABELAS (IDEN_AUDITORIA,ENTITY_NAME) values ('736','br.gov.mt.mti.fiplangma.model.tabelas.NaturezaJuridica');
Insert into FIPLAN_GMA_DES.DHWTB999_AUDITORIA_TABELAS (IDEN_AUDITORIA,ENTITY_NAME) values ('737','br.gov.mt.mti.fiplangma.model.tabelas.NaturezaJuridica');
Insert into FIPLAN_GMA_DES.DHWTB999_AUDITORIA_TABELAS (IDEN_AUDITORIA,ENTITY_NAME) values ('738','br.gov.mt.mti.fiplangma.model.tabelas.NaturezaJuridica');
Insert into FIPLAN_GMA_DES.DHWTB999_AUDITORIA_TABELAS (IDEN_AUDITORIA,ENTITY_NAME) values ('739','br.gov.mt.mti.fiplangma.model.tabelas.NaturezaJuridica');
Insert into FIPLAN_GMA_DES.DHWTB999_AUDITORIA_TABELAS (IDEN_AUDITORIA,ENTITY_NAME) values ('740','br.gov.mt.mti.fiplangma.model.tabelas.CNAE');
Insert into FIPLAN_GMA_DES.DHWTB999_AUDITORIA_TABELAS (IDEN_AUDITORIA,ENTITY_NAME) values ('741','br.gov.mt.mti.fiplangma.model.tabelas.CNAE');
Insert into FIPLAN_GMA_DES.DHWTB999_AUDITORIA_TABELAS (IDEN_AUDITORIA,ENTITY_NAME) values ('742','br.gov.mt.mti.fiplangma.model.tabelas.CNAE');
Insert into FIPLAN_GMA_DES.DHWTB999_AUDITORIA_TABELAS (IDEN_AUDITORIA,ENTITY_NAME) values ('743','br.gov.mt.mti.fiplangma.model.tabelas.CNAE');
Insert into FIPLAN_GMA_DES.DHWTB999_AUDITORIA_TABELAS (IDEN_AUDITORIA,ENTITY_NAME) values ('797','br.gov.mt.mti.fiplangma.model.tabelas.TipoPendencia');
Insert into FIPLAN_GMA_DES.DHWTB999_AUDITORIA_TABELAS (IDEN_AUDITORIA,ENTITY_NAME) values ('798','br.gov.mt.mti.fiplangma.model.tabelas.TipoPendencia');
Insert into FIPLAN_GMA_DES.DHWTB999_AUDITORIA_TABELAS (IDEN_AUDITORIA,ENTITY_NAME) values ('799','br.gov.mt.mti.fiplangma.model.tabelas.TipoPendencia');
Insert into FIPLAN_GMA_DES.DHWTB999_AUDITORIA_TABELAS (IDEN_AUDITORIA,ENTITY_NAME) values ('800','br.gov.mt.mti.fiplangma.model.tabelas.TipoPendencia');
Insert into FIPLAN_GMA_DES.DHWTB999_AUDITORIA_TABELAS (IDEN_AUDITORIA,ENTITY_NAME) values ('801','br.gov.mt.mti.fiplangma.model.tabelas.TipoPendencia');
Insert into FIPLAN_GMA_DES.DHWTB999_AUDITORIA_TABELAS (IDEN_AUDITORIA,ENTITY_NAME) values ('802','br.gov.mt.mti.fiplangma.model.tabelas.TipoPendencia');
Insert into FIPLAN_GMA_DES.DHWTB999_AUDITORIA_TABELAS (IDEN_AUDITORIA,ENTITY_NAME) values ('803','br.gov.mt.mti.fiplangma.model.tabelas.TipoPendencia');
Insert into FIPLAN_GMA_DES.DHWTB999_AUDITORIA_TABELAS (IDEN_AUDITORIA,ENTITY_NAME) values ('804','br.gov.mt.mti.fiplangma.model.tabelas.TipoPendencia');
Insert into FIPLAN_GMA_DES.DHWTB999_AUDITORIA_TABELAS (IDEN_AUDITORIA,ENTITY_NAME) values ('839','br.gov.mt.mti.fiplangma.model.tabelas.Anexo');
Insert into FIPLAN_GMA_DES.DHWTB999_AUDITORIA_TABELAS (IDEN_AUDITORIA,ENTITY_NAME) values ('839','br.gov.mt.mti.fiplangma.model.tabelas.AcaoCoordenadoria');
Insert into FIPLAN_GMA_DES.DHWTB999_AUDITORIA_TABELAS (IDEN_AUDITORIA,ENTITY_NAME) values ('839','br.gov.mt.mti.fiplangma.model.tabelas.ArquivoAnexo');
Insert into FIPLAN_GMA_DES.DHWTB999_AUDITORIA_TABELAS (IDEN_AUDITORIA,ENTITY_NAME) values ('840','br.gov.mt.mti.fiplangma.model.tabelas.CNAE');
Insert into FIPLAN_GMA_DES.DHWTB999_AUDITORIA_TABELAS (IDEN_AUDITORIA,ENTITY_NAME) values ('841','br.gov.mt.mti.fiplangma.model.security.user.Usuario');
Insert into FIPLAN_GMA_DES.DHWTB999_AUDITORIA_TABELAS (IDEN_AUDITORIA,ENTITY_NAME) values ('842','br.gov.mt.mti.fiplangma.model.tabelas.CNAEUnidadeAdministrativa');
Insert into FIPLAN_GMA_DES.DHWTB999_AUDITORIA_TABELAS (IDEN_AUDITORIA,ENTITY_NAME) values ('842','br.gov.mt.mti.fiplangma.model.tabelas.UnidadeAdministrativa');
Insert into FIPLAN_GMA_DES.DHWTB999_AUDITORIA_TABELAS (IDEN_AUDITORIA,ENTITY_NAME) values ('843','br.gov.mt.mti.fiplangma.model.tabelas.UnidadeAdministrativa');
Insert into FIPLAN_GMA_DES.DHWTB999_AUDITORIA_TABELAS (IDEN_AUDITORIA,ENTITY_NAME) values ('844','br.gov.mt.mti.fiplangma.model.tabelas.CNAEUnidadeAdministrativa');
Insert into FIPLAN_GMA_DES.DHWTB999_AUDITORIA_TABELAS (IDEN_AUDITORIA,ENTITY_NAME) values ('844','br.gov.mt.mti.fiplangma.model.tabelas.UnidadeAdministrativa');
Insert into FIPLAN_GMA_DES.DHWTB999_AUDITORIA_TABELAS (IDEN_AUDITORIA,ENTITY_NAME) values ('845','br.gov.mt.mti.fiplangma.model.tabelas.CNAEUnidadeAdministrativa');
Insert into FIPLAN_GMA_DES.DHWTB999_AUDITORIA_TABELAS (IDEN_AUDITORIA,ENTITY_NAME) values ('845','br.gov.mt.mti.fiplangma.model.tabelas.UnidadeAdministrativa');
Insert into FIPLAN_GMA_DES.DHWTB999_AUDITORIA_TABELAS (IDEN_AUDITORIA,ENTITY_NAME) values ('846','br.gov.mt.mti.fiplangma.model.tabelas.CNAEUnidadeAdministrativa');
Insert into FIPLAN_GMA_DES.DHWTB999_AUDITORIA_TABELAS (IDEN_AUDITORIA,ENTITY_NAME) values ('846','br.gov.mt.mti.fiplangma.model.tabelas.UnidadeAdministrativa');
Insert into FIPLAN_GMA_DES.DHWTB999_AUDITORIA_TABELAS (IDEN_AUDITORIA,ENTITY_NAME) values ('847','br.gov.mt.mti.fiplangma.model.tabelas.CNAEUnidadeAdministrativa');
Insert into FIPLAN_GMA_DES.DHWTB999_AUDITORIA_TABELAS (IDEN_AUDITORIA,ENTITY_NAME) values ('847','br.gov.mt.mti.fiplangma.model.tabelas.UnidadeAdministrativa');
Insert into FIPLAN_GMA_DES.DHWTB999_AUDITORIA_TABELAS (IDEN_AUDITORIA,ENTITY_NAME) values ('848','br.gov.mt.mti.fiplangma.model.tabelas.CNAEUnidadeAdministrativa');
Insert into FIPLAN_GMA_DES.DHWTB999_AUDITORIA_TABELAS (IDEN_AUDITORIA,ENTITY_NAME) values ('849','br.gov.mt.mti.fiplangma.model.tabelas.CNAEUnidadeAdministrativa');
Insert into FIPLAN_GMA_DES.DHWTB999_AUDITORIA_TABELAS (IDEN_AUDITORIA,ENTITY_NAME) values ('850','br.gov.mt.mti.fiplangma.model.tabelas.CNAEUnidadeAdministrativa');
Insert into FIPLAN_GMA_DES.DHWTB999_AUDITORIA_TABELAS (IDEN_AUDITORIA,ENTITY_NAME) values ('851','br.gov.mt.mti.fiplangma.model.tabelas.CNAEUnidadeAdministrativa');
Insert into FIPLAN_GMA_DES.DHWTB999_AUDITORIA_TABELAS (IDEN_AUDITORIA,ENTITY_NAME) values ('852','br.gov.mt.mti.fiplangma.model.tabelas.CNAEUnidadeAdministrativa');
Insert into FIPLAN_GMA_DES.DHWTB999_AUDITORIA_TABELAS (IDEN_AUDITORIA,ENTITY_NAME) values ('852','br.gov.mt.mti.fiplangma.model.tabelas.UnidadeAdministrativa');
Insert into FIPLAN_GMA_DES.DHWTB999_AUDITORIA_TABELAS (IDEN_AUDITORIA,ENTITY_NAME) values ('853','br.gov.mt.mti.fiplangma.model.tabelas.CNAEUnidadeAdministrativa');
Insert into FIPLAN_GMA_DES.DHWTB999_AUDITORIA_TABELAS (IDEN_AUDITORIA,ENTITY_NAME) values ('853','br.gov.mt.mti.fiplangma.model.tabelas.UnidadeAdministrativa');
Insert into FIPLAN_GMA_DES.DHWTB999_AUDITORIA_TABELAS (IDEN_AUDITORIA,ENTITY_NAME) values ('854','br.gov.mt.mti.fiplangma.model.tabelas.CNAE');
Insert into FIPLAN_GMA_DES.DHWTB999_AUDITORIA_TABELAS (IDEN_AUDITORIA,ENTITY_NAME) values ('855','br.gov.mt.mti.fiplangma.model.tabelas.CNAE');
Insert into FIPLAN_GMA_DES.DHWTB999_AUDITORIA_TABELAS (IDEN_AUDITORIA,ENTITY_NAME) values ('856','br.gov.mt.mti.fiplangma.model.tabelas.TipoAdministracao');
Insert into FIPLAN_GMA_DES.DHWTB999_AUDITORIA_TABELAS (IDEN_AUDITORIA,ENTITY_NAME) values ('857','br.gov.mt.mti.fiplangma.model.tabelas.TipoAdministracao');
Insert into FIPLAN_GMA_DES.DHWTB999_AUDITORIA_TABELAS (IDEN_AUDITORIA,ENTITY_NAME) values ('858','br.gov.mt.mti.fiplangma.model.security.user.Usuario');
Insert into FIPLAN_GMA_DES.DHWTB999_AUDITORIA_TABELAS (IDEN_AUDITORIA,ENTITY_NAME) values ('859','br.gov.mt.mti.fiplangma.model.tabelas.CNAEUnidadeAdministrativa');
Insert into FIPLAN_GMA_DES.DHWTB999_AUDITORIA_TABELAS (IDEN_AUDITORIA,ENTITY_NAME) values ('859','br.gov.mt.mti.fiplangma.model.tabelas.UnidadeAdministrativa');
Insert into FIPLAN_GMA_DES.DHWTB999_AUDITORIA_TABELAS (IDEN_AUDITORIA,ENTITY_NAME) values ('860','br.gov.mt.mti.fiplangma.model.tabelas.Ocorrencia');
Insert into FIPLAN_GMA_DES.DHWTB999_AUDITORIA_TABELAS (IDEN_AUDITORIA,ENTITY_NAME) values ('860','br.gov.mt.mti.fiplangma.model.tabelas.TramiteOcorrencia');
Insert into FIPLAN_GMA_DES.DHWTB999_AUDITORIA_TABELAS (IDEN_AUDITORIA,ENTITY_NAME) values ('860','br.gov.mt.mti.fiplangma.model.tabelas.Anexo');
Insert into FIPLAN_GMA_DES.DHWTB999_AUDITORIA_TABELAS (IDEN_AUDITORIA,ENTITY_NAME) values ('860','br.gov.mt.mti.fiplangma.model.tabelas.AcaoCoordenadoria');
Insert into FIPLAN_GMA_DES.DHWTB999_AUDITORIA_TABELAS (IDEN_AUDITORIA,ENTITY_NAME) values ('860','br.gov.mt.mti.fiplangma.model.tabelas.ArquivoAnexo');
Insert into FIPLAN_GMA_DES.DHWTB999_AUDITORIA_TABELAS (IDEN_AUDITORIA,ENTITY_NAME) values ('861','br.gov.mt.mti.fiplangma.model.tabelas.TipoOcorrencia');
Insert into FIPLAN_GMA_DES.DHWTB999_AUDITORIA_TABELAS (IDEN_AUDITORIA,ENTITY_NAME) values ('864','br.gov.mt.mti.fiplangma.model.tabelas.UnidadeAdministrativa');
Insert into FIPLAN_GMA_DES.DHWTB999_AUDITORIA_TABELAS (IDEN_AUDITORIA,ENTITY_NAME) values ('864','br.gov.mt.mti.fiplangma.model.tabelas.LegislacaoUnidadeAdministrativa');
Insert into FIPLAN_GMA_DES.DHWTB999_AUDITORIA_TABELAS (IDEN_AUDITORIA,ENTITY_NAME) values ('865','br.gov.mt.mti.fiplangma.model.tabelas.CNAEUnidadeAdministrativa');
Insert into FIPLAN_GMA_DES.DHWTB999_AUDITORIA_TABELAS (IDEN_AUDITORIA,ENTITY_NAME) values ('865','br.gov.mt.mti.fiplangma.model.tabelas.UnidadeAdministrativa');
Insert into FIPLAN_GMA_DES.DHWTB999_AUDITORIA_TABELAS (IDEN_AUDITORIA,ENTITY_NAME) values ('865','br.gov.mt.mti.fiplangma.model.tabelas.LegislacaoUnidadeAdministrativa');
Insert into FIPLAN_GMA_DES.DHWTB999_AUDITORIA_TABELAS (IDEN_AUDITORIA,ENTITY_NAME) values ('866','br.gov.mt.mti.fiplangma.model.tabelas.CNAEUnidadeAdministrativa');
Insert into FIPLAN_GMA_DES.DHWTB999_AUDITORIA_TABELAS (IDEN_AUDITORIA,ENTITY_NAME) values ('384','br.gov.mt.mti.fiplangma.model.tabelas.TipoOcorrencia');
Insert into FIPLAN_GMA_DES.DHWTB999_AUDITORIA_TABELAS (IDEN_AUDITORIA,ENTITY_NAME) values ('385','br.gov.mt.mti.fiplangma.model.tabelas.TipoOcorrencia');
Insert into FIPLAN_GMA_DES.DHWTB999_AUDITORIA_TABELAS (IDEN_AUDITORIA,ENTITY_NAME) values ('386','br.gov.mt.mti.fiplangma.model.tabelas.TipoOcorrencia');
Insert into FIPLAN_GMA_DES.DHWTB999_AUDITORIA_TABELAS (IDEN_AUDITORIA,ENTITY_NAME) values ('396','br.gov.mt.mti.fiplangma.model.tabelas.TipoOcorrencia');
Insert into FIPLAN_GMA_DES.DHWTB999_AUDITORIA_TABELAS (IDEN_AUDITORIA,ENTITY_NAME) values ('397','br.gov.mt.mti.fiplangma.model.tabelas.TipoOcorrencia');
Insert into FIPLAN_GMA_DES.DHWTB999_AUDITORIA_TABELAS (IDEN_AUDITORIA,ENTITY_NAME) values ('398','br.gov.mt.mti.fiplangma.model.tabelas.TipoOcorrencia');
Insert into FIPLAN_GMA_DES.DHWTB999_AUDITORIA_TABELAS (IDEN_AUDITORIA,ENTITY_NAME) values ('399','br.gov.mt.mti.fiplangma.model.tabelas.TipoOcorrencia');
Insert into FIPLAN_GMA_DES.DHWTB999_AUDITORIA_TABELAS (IDEN_AUDITORIA,ENTITY_NAME) values ('400','br.gov.mt.mti.fiplangma.model.tabelas.TipoOcorrencia');
Insert into FIPLAN_GMA_DES.DHWTB999_AUDITORIA_TABELAS (IDEN_AUDITORIA,ENTITY_NAME) values ('425','br.gov.mt.mti.fiplangma.model.tabelas.TipoOcorrencia');
Insert into FIPLAN_GMA_DES.DHWTB999_AUDITORIA_TABELAS (IDEN_AUDITORIA,ENTITY_NAME) values ('436','br.gov.mt.mti.fiplangma.model.tabelas.TipoOcorrencia');
Insert into FIPLAN_GMA_DES.DHWTB999_AUDITORIA_TABELAS (IDEN_AUDITORIA,ENTITY_NAME) values ('437','br.gov.mt.mti.fiplangma.model.tabelas.TipoOcorrencia');
Insert into FIPLAN_GMA_DES.DHWTB999_AUDITORIA_TABELAS (IDEN_AUDITORIA,ENTITY_NAME) values ('438','br.gov.mt.mti.fiplangma.model.tabelas.TipoOcorrencia');
Insert into FIPLAN_GMA_DES.DHWTB999_AUDITORIA_TABELAS (IDEN_AUDITORIA,ENTITY_NAME) values ('439','br.gov.mt.mti.fiplangma.model.tabelas.TipoOcorrencia');
Insert into FIPLAN_GMA_DES.DHWTB999_AUDITORIA_TABELAS (IDEN_AUDITORIA,ENTITY_NAME) values ('440','br.gov.mt.mti.fiplangma.model.tabelas.TipoOcorrencia');
Insert into FIPLAN_GMA_DES.DHWTB999_AUDITORIA_TABELAS (IDEN_AUDITORIA,ENTITY_NAME) values ('441','br.gov.mt.mti.fiplangma.model.tabelas.TipoOcorrencia');
Insert into FIPLAN_GMA_DES.DHWTB999_AUDITORIA_TABELAS (IDEN_AUDITORIA,ENTITY_NAME) values ('442','br.gov.mt.mti.fiplangma.model.tabelas.TipoOcorrencia');
Insert into FIPLAN_GMA_DES.DHWTB999_AUDITORIA_TABELAS (IDEN_AUDITORIA,ENTITY_NAME) values ('443','br.gov.mt.mti.fiplangma.model.tabelas.TipoOcorrencia');
Insert into FIPLAN_GMA_DES.DHWTB999_AUDITORIA_TABELAS (IDEN_AUDITORIA,ENTITY_NAME) values ('444','br.gov.mt.mti.fiplangma.model.tabelas.TipoOcorrencia');
Insert into FIPLAN_GMA_DES.DHWTB999_AUDITORIA_TABELAS (IDEN_AUDITORIA,ENTITY_NAME) values ('692','br.gov.mt.mti.fiplangma.model.tabelas.GrupoPendencia');
Insert into FIPLAN_GMA_DES.DHWTB999_AUDITORIA_TABELAS (IDEN_AUDITORIA,ENTITY_NAME) values ('693','br.gov.mt.mti.fiplangma.model.tabelas.GrupoPendencia');
Insert into FIPLAN_GMA_DES.DHWTB999_AUDITORIA_TABELAS (IDEN_AUDITORIA,ENTITY_NAME) values ('694','br.gov.mt.mti.fiplangma.model.tabelas.TipoPendencia');
Insert into FIPLAN_GMA_DES.DHWTB999_AUDITORIA_TABELAS (IDEN_AUDITORIA,ENTITY_NAME) values ('695','br.gov.mt.mti.fiplangma.model.tabelas.TipoPendencia');
Insert into FIPLAN_GMA_DES.DHWTB999_AUDITORIA_TABELAS (IDEN_AUDITORIA,ENTITY_NAME) values ('696','br.gov.mt.mti.fiplangma.model.tabelas.TipoPendencia');
Insert into FIPLAN_GMA_DES.DHWTB999_AUDITORIA_TABELAS (IDEN_AUDITORIA,ENTITY_NAME) values ('697','br.gov.mt.mti.fiplangma.model.tabelas.TipoPendencia');
Insert into FIPLAN_GMA_DES.DHWTB999_AUDITORIA_TABELAS (IDEN_AUDITORIA,ENTITY_NAME) values ('733','br.gov.mt.mti.fiplangma.model.security.user.Funcionalidade');
Insert into FIPLAN_GMA_DES.DHWTB999_AUDITORIA_TABELAS (IDEN_AUDITORIA,ENTITY_NAME) values ('777','br.gov.mt.mti.fiplangma.model.tabelas.TipoPendencia');
Insert into FIPLAN_GMA_DES.DHWTB999_AUDITORIA_TABELAS (IDEN_AUDITORIA,ENTITY_NAME) values ('778','br.gov.mt.mti.fiplangma.model.tabelas.TipoPendencia');
Insert into FIPLAN_GMA_DES.DHWTB999_AUDITORIA_TABELAS (IDEN_AUDITORIA,ENTITY_NAME) values ('779','br.gov.mt.mti.fiplangma.model.tabelas.TipoPendencia');
Insert into FIPLAN_GMA_DES.DHWTB999_AUDITORIA_TABELAS (IDEN_AUDITORIA,ENTITY_NAME) values ('780','br.gov.mt.mti.fiplangma.model.tabelas.TipoPendencia');
Insert into FIPLAN_GMA_DES.DHWTB999_AUDITORIA_TABELAS (IDEN_AUDITORIA,ENTITY_NAME) values ('862','br.gov.mt.mti.fiplangma.model.tabelas.CNAE');
Insert into FIPLAN_GMA_DES.DHWTB999_AUDITORIA_TABELAS (IDEN_AUDITORIA,ENTITY_NAME) values ('863','br.gov.mt.mti.fiplangma.model.tabelas.UnidadeAdministrativa');
Insert into FIPLAN_GMA_DES.DHWTB999_AUDITORIA_TABELAS (IDEN_AUDITORIA,ENTITY_NAME) values ('863','br.gov.mt.mti.fiplangma.model.tabelas.LegislacaoUnidadeAdministrativa');
Insert into FIPLAN_GMA_DES.DHWTB999_AUDITORIA_TABELAS (IDEN_AUDITORIA,ENTITY_NAME) values ('866','br.gov.mt.mti.fiplangma.model.tabelas.UnidadeAdministrativa');
Insert into FIPLAN_GMA_DES.DHWTB999_AUDITORIA_TABELAS (IDEN_AUDITORIA,ENTITY_NAME) values ('866','br.gov.mt.mti.fiplangma.model.tabelas.LegislacaoUnidadeAdministrativa');
Insert into FIPLAN_GMA_DES.DHWTB999_AUDITORIA_TABELAS (IDEN_AUDITORIA,ENTITY_NAME) values ('867','br.gov.mt.mti.fiplangma.model.tabelas.CNAEUnidadeAdministrativa');
Insert into FIPLAN_GMA_DES.DHWTB999_AUDITORIA_TABELAS (IDEN_AUDITORIA,ENTITY_NAME) values ('867','br.gov.mt.mti.fiplangma.model.tabelas.UnidadeAdministrativa');
Insert into FIPLAN_GMA_DES.DHWTB999_AUDITORIA_TABELAS (IDEN_AUDITORIA,ENTITY_NAME) values ('867','br.gov.mt.mti.fiplangma.model.tabelas.LegislacaoUnidadeAdministrativa');
Insert into FIPLAN_GMA_DES.DHWTB999_AUDITORIA_TABELAS (IDEN_AUDITORIA,ENTITY_NAME) values ('868','br.gov.mt.mti.fiplangma.model.tabelas.TramiteOcorrencia');
Insert into FIPLAN_GMA_DES.DHWTB999_AUDITORIA_TABELAS (IDEN_AUDITORIA,ENTITY_NAME) values ('868','br.gov.mt.mti.fiplangma.model.tabelas.Ocorrencia');
Insert into FIPLAN_GMA_DES.DHWTB999_AUDITORIA_TABELAS (IDEN_AUDITORIA,ENTITY_NAME) values ('868','br.gov.mt.mti.fiplangma.model.tabelas.Anexo');
Insert into FIPLAN_GMA_DES.DHWTB999_AUDITORIA_TABELAS (IDEN_AUDITORIA,ENTITY_NAME) values ('868','br.gov.mt.mti.fiplangma.model.tabelas.AcaoCoordenadoria');
Insert into FIPLAN_GMA_DES.DHWTB999_AUDITORIA_TABELAS (IDEN_AUDITORIA,ENTITY_NAME) values ('868','br.gov.mt.mti.fiplangma.model.tabelas.ArquivoAnexo');
Insert into FIPLAN_GMA_DES.DHWTB999_AUDITORIA_TABELAS (IDEN_AUDITORIA,ENTITY_NAME) values ('869','br.gov.mt.mti.fiplangma.model.tabelas.TramiteOcorrencia');
Insert into FIPLAN_GMA_DES.DHWTB999_AUDITORIA_TABELAS (IDEN_AUDITORIA,ENTITY_NAME) values ('869','br.gov.mt.mti.fiplangma.model.tabelas.Ocorrencia');
Insert into FIPLAN_GMA_DES.DHWTB999_AUDITORIA_TABELAS (IDEN_AUDITORIA,ENTITY_NAME) values ('869','br.gov.mt.mti.fiplangma.model.tabelas.Anexo');
Insert into FIPLAN_GMA_DES.DHWTB999_AUDITORIA_TABELAS (IDEN_AUDITORIA,ENTITY_NAME) values ('869','br.gov.mt.mti.fiplangma.model.tabelas.AcaoCoordenadoria');
Insert into FIPLAN_GMA_DES.DHWTB999_AUDITORIA_TABELAS (IDEN_AUDITORIA,ENTITY_NAME) values ('869','br.gov.mt.mti.fiplangma.model.tabelas.ArquivoAnexo');
Insert into FIPLAN_GMA_DES.DHWTB999_AUDITORIA_TABELAS (IDEN_AUDITORIA,ENTITY_NAME) values ('874','br.gov.mt.mti.fiplangma.model.tabelas.CNAEUnidadeAdministrativa');
Insert into FIPLAN_GMA_DES.DHWTB999_AUDITORIA_TABELAS (IDEN_AUDITORIA,ENTITY_NAME) values ('874','br.gov.mt.mti.fiplangma.model.tabelas.UnidadeAdministrativa');
Insert into FIPLAN_GMA_DES.DHWTB999_AUDITORIA_TABELAS (IDEN_AUDITORIA,ENTITY_NAME) values ('874','br.gov.mt.mti.fiplangma.model.tabelas.LegislacaoUnidadeAdministrativa');
Insert into FIPLAN_GMA_DES.DHWTB999_AUDITORIA_TABELAS (IDEN_AUDITORIA,ENTITY_NAME) values ('875','br.gov.mt.mti.fiplangma.model.tabelas.CNAEUnidadeAdministrativa');
Insert into FIPLAN_GMA_DES.DHWTB999_AUDITORIA_TABELAS (IDEN_AUDITORIA,ENTITY_NAME) values ('875','br.gov.mt.mti.fiplangma.model.tabelas.UnidadeAdministrativa');
Insert into FIPLAN_GMA_DES.DHWTB999_AUDITORIA_TABELAS (IDEN_AUDITORIA,ENTITY_NAME) values ('875','br.gov.mt.mti.fiplangma.model.tabelas.LegislacaoUnidadeAdministrativa');
Insert into FIPLAN_GMA_DES.DHWTB999_AUDITORIA_TABELAS (IDEN_AUDITORIA,ENTITY_NAME) values ('876','br.gov.mt.mti.fiplangma.model.tabelas.TipoOcorrencia');
Insert into FIPLAN_GMA_DES.DHWTB999_AUDITORIA_TABELAS (IDEN_AUDITORIA,ENTITY_NAME) values ('877','br.gov.mt.mti.fiplangma.model.tabelas.TipoOcorrencia');
Insert into FIPLAN_GMA_DES.DHWTB999_AUDITORIA_TABELAS (IDEN_AUDITORIA,ENTITY_NAME) values ('878','br.gov.mt.mti.fiplangma.model.tabelas.TipoOcorrencia');
Insert into FIPLAN_GMA_DES.DHWTB999_AUDITORIA_TABELAS (IDEN_AUDITORIA,ENTITY_NAME) values ('879','br.gov.mt.mti.fiplangma.model.tabelas.TipoOcorrencia');
Insert into FIPLAN_GMA_DES.DHWTB999_AUDITORIA_TABELAS (IDEN_AUDITORIA,ENTITY_NAME) values ('880','br.gov.mt.mti.fiplangma.model.tabelas.TipoOcorrencia');
Insert into FIPLAN_GMA_DES.DHWTB999_AUDITORIA_TABELAS (IDEN_AUDITORIA,ENTITY_NAME) values ('881','br.gov.mt.mti.fiplangma.model.tabelas.TipoOcorrencia');
Insert into FIPLAN_GMA_DES.DHWTB999_AUDITORIA_TABELAS (IDEN_AUDITORIA,ENTITY_NAME) values ('882','br.gov.mt.mti.fiplangma.model.tabelas.CNAEUnidadeAdministrativa');
Insert into FIPLAN_GMA_DES.DHWTB999_AUDITORIA_TABELAS (IDEN_AUDITORIA,ENTITY_NAME) values ('882','br.gov.mt.mti.fiplangma.model.tabelas.UnidadeAdministrativa');
Insert into FIPLAN_GMA_DES.DHWTB999_AUDITORIA_TABELAS (IDEN_AUDITORIA,ENTITY_NAME) values ('883','br.gov.mt.mti.fiplangma.model.tabelas.CNAEUnidadeAdministrativa');
Insert into FIPLAN_GMA_DES.DHWTB999_AUDITORIA_TABELAS (IDEN_AUDITORIA,ENTITY_NAME) values ('883','br.gov.mt.mti.fiplangma.model.tabelas.UnidadeAdministrativa');
Insert into FIPLAN_GMA_DES.DHWTB999_AUDITORIA_TABELAS (IDEN_AUDITORIA,ENTITY_NAME) values ('883','br.gov.mt.mti.fiplangma.model.tabelas.LegislacaoUnidadeAdministrativa');
Insert into FIPLAN_GMA_DES.DHWTB999_AUDITORIA_TABELAS (IDEN_AUDITORIA,ENTITY_NAME) values ('884','br.gov.mt.mti.fiplangma.model.tabelas.UnidadeAdministrativa');
Insert into FIPLAN_GMA_DES.DHWTB999_AUDITORIA_TABELAS (IDEN_AUDITORIA,ENTITY_NAME) values ('885','br.gov.mt.mti.fiplangma.model.tabelas.UnidadeAdministrativa');
Insert into FIPLAN_GMA_DES.DHWTB999_AUDITORIA_TABELAS (IDEN_AUDITORIA,ENTITY_NAME) values ('886','br.gov.mt.mti.fiplangma.model.tabelas.CNAEUnidadeAdministrativa');
Insert into FIPLAN_GMA_DES.DHWTB999_AUDITORIA_TABELAS (IDEN_AUDITORIA,ENTITY_NAME) values ('886','br.gov.mt.mti.fiplangma.model.tabelas.UnidadeAdministrativa');
Insert into FIPLAN_GMA_DES.DHWTB999_AUDITORIA_TABELAS (IDEN_AUDITORIA,ENTITY_NAME) values ('887','br.gov.mt.mti.fiplangma.model.tabelas.CNAEUnidadeAdministrativa');
Insert into FIPLAN_GMA_DES.DHWTB999_AUDITORIA_TABELAS (IDEN_AUDITORIA,ENTITY_NAME) values ('887','br.gov.mt.mti.fiplangma.model.tabelas.UnidadeAdministrativa');
Insert into FIPLAN_GMA_DES.DHWTB999_AUDITORIA_TABELAS (IDEN_AUDITORIA,ENTITY_NAME) values ('888','br.gov.mt.mti.fiplangma.model.tabelas.TramiteOcorrencia');
Insert into FIPLAN_GMA_DES.DHWTB999_AUDITORIA_TABELAS (IDEN_AUDITORIA,ENTITY_NAME) values ('888','br.gov.mt.mti.fiplangma.model.tabelas.Ocorrencia');
Insert into FIPLAN_GMA_DES.DHWTB999_AUDITORIA_TABELAS (IDEN_AUDITORIA,ENTITY_NAME) values ('888','br.gov.mt.mti.fiplangma.model.tabelas.Anexo');
Insert into FIPLAN_GMA_DES.DHWTB999_AUDITORIA_TABELAS (IDEN_AUDITORIA,ENTITY_NAME) values ('888','br.gov.mt.mti.fiplangma.model.tabelas.AcaoCoordenadoria');
Insert into FIPLAN_GMA_DES.DHWTB999_AUDITORIA_TABELAS (IDEN_AUDITORIA,ENTITY_NAME) values ('888','br.gov.mt.mti.fiplangma.model.tabelas.ArquivoAnexo');
Insert into FIPLAN_GMA_DES.DHWTB999_AUDITORIA_TABELAS (IDEN_AUDITORIA,ENTITY_NAME) values ('889','br.gov.mt.mti.fiplangma.model.tabelas.TramiteOcorrencia');
Insert into FIPLAN_GMA_DES.DHWTB999_AUDITORIA_TABELAS (IDEN_AUDITORIA,ENTITY_NAME) values ('889','br.gov.mt.mti.fiplangma.model.tabelas.Ocorrencia');
Insert into FIPLAN_GMA_DES.DHWTB999_AUDITORIA_TABELAS (IDEN_AUDITORIA,ENTITY_NAME) values ('889','br.gov.mt.mti.fiplangma.model.tabelas.Anexo');
Insert into FIPLAN_GMA_DES.DHWTB999_AUDITORIA_TABELAS (IDEN_AUDITORIA,ENTITY_NAME) values ('889','br.gov.mt.mti.fiplangma.model.tabelas.AcaoCoordenadoria');
Insert into FIPLAN_GMA_DES.DHWTB999_AUDITORIA_TABELAS (IDEN_AUDITORIA,ENTITY_NAME) values ('889','br.gov.mt.mti.fiplangma.model.tabelas.ArquivoAnexo');
Insert into FIPLAN_GMA_DES.DHWTB999_AUDITORIA_TABELAS (IDEN_AUDITORIA,ENTITY_NAME) values ('890','br.gov.mt.mti.fiplangma.model.tabelas.TramiteOcorrencia');
Insert into FIPLAN_GMA_DES.DHWTB999_AUDITORIA_TABELAS (IDEN_AUDITORIA,ENTITY_NAME) values ('890','br.gov.mt.mti.fiplangma.model.tabelas.Ocorrencia');
Insert into FIPLAN_GMA_DES.DHWTB999_AUDITORIA_TABELAS (IDEN_AUDITORIA,ENTITY_NAME) values ('890','br.gov.mt.mti.fiplangma.model.tabelas.Anexo');
Insert into FIPLAN_GMA_DES.DHWTB999_AUDITORIA_TABELAS (IDEN_AUDITORIA,ENTITY_NAME) values ('890','br.gov.mt.mti.fiplangma.model.tabelas.AcaoCoordenadoria');
Insert into FIPLAN_GMA_DES.DHWTB999_AUDITORIA_TABELAS (IDEN_AUDITORIA,ENTITY_NAME) values ('890','br.gov.mt.mti.fiplangma.model.tabelas.ArquivoAnexo');
Insert into FIPLAN_GMA_DES.DHWTB999_AUDITORIA_TABELAS (IDEN_AUDITORIA,ENTITY_NAME) values ('891','br.gov.mt.mti.fiplangma.model.tabelas.TramiteOcorrencia');
Insert into FIPLAN_GMA_DES.DHWTB999_AUDITORIA_TABELAS (IDEN_AUDITORIA,ENTITY_NAME) values ('891','br.gov.mt.mti.fiplangma.model.tabelas.Ocorrencia');
Insert into FIPLAN_GMA_DES.DHWTB999_AUDITORIA_TABELAS (IDEN_AUDITORIA,ENTITY_NAME) values ('891','br.gov.mt.mti.fiplangma.model.tabelas.Anexo');
Insert into FIPLAN_GMA_DES.DHWTB999_AUDITORIA_TABELAS (IDEN_AUDITORIA,ENTITY_NAME) values ('891','br.gov.mt.mti.fiplangma.model.tabelas.AcaoCoordenadoria');
Insert into FIPLAN_GMA_DES.DHWTB999_AUDITORIA_TABELAS (IDEN_AUDITORIA,ENTITY_NAME) values ('891','br.gov.mt.mti.fiplangma.model.tabelas.ArquivoAnexo');
Insert into FIPLAN_GMA_DES.DHWTB999_AUDITORIA_TABELAS (IDEN_AUDITORIA,ENTITY_NAME) values ('892','br.gov.mt.mti.fiplangma.model.tabelas.TramiteOcorrencia');
Insert into FIPLAN_GMA_DES.DHWTB999_AUDITORIA_TABELAS (IDEN_AUDITORIA,ENTITY_NAME) values ('892','br.gov.mt.mti.fiplangma.model.tabelas.Ocorrencia');
Insert into FIPLAN_GMA_DES.DHWTB999_AUDITORIA_TABELAS (IDEN_AUDITORIA,ENTITY_NAME) values ('892','br.gov.mt.mti.fiplangma.model.tabelas.Anexo');
Insert into FIPLAN_GMA_DES.DHWTB999_AUDITORIA_TABELAS (IDEN_AUDITORIA,ENTITY_NAME) values ('892','br.gov.mt.mti.fiplangma.model.tabelas.AcaoCoordenadoria');
Insert into FIPLAN_GMA_DES.DHWTB999_AUDITORIA_TABELAS (IDEN_AUDITORIA,ENTITY_NAME) values ('892','br.gov.mt.mti.fiplangma.model.tabelas.ArquivoAnexo');
Insert into FIPLAN_GMA_DES.DHWTB999_AUDITORIA_TABELAS (IDEN_AUDITORIA,ENTITY_NAME) values ('893','br.gov.mt.mti.fiplangma.model.tabelas.TramiteOcorrencia');
Insert into FIPLAN_GMA_DES.DHWTB999_AUDITORIA_TABELAS (IDEN_AUDITORIA,ENTITY_NAME) values ('893','br.gov.mt.mti.fiplangma.model.tabelas.Ocorrencia');
Insert into FIPLAN_GMA_DES.DHWTB999_AUDITORIA_TABELAS (IDEN_AUDITORIA,ENTITY_NAME) values ('893','br.gov.mt.mti.fiplangma.model.tabelas.Anexo');
Insert into FIPLAN_GMA_DES.DHWTB999_AUDITORIA_TABELAS (IDEN_AUDITORIA,ENTITY_NAME) values ('893','br.gov.mt.mti.fiplangma.model.tabelas.AcaoCoordenadoria');
Insert into FIPLAN_GMA_DES.DHWTB999_AUDITORIA_TABELAS (IDEN_AUDITORIA,ENTITY_NAME) values ('893','br.gov.mt.mti.fiplangma.model.tabelas.ArquivoAnexo');
Insert into FIPLAN_GMA_DES.DHWTB999_AUDITORIA_TABELAS (IDEN_AUDITORIA,ENTITY_NAME) values ('894','br.gov.mt.mti.fiplangma.model.tabelas.TramiteOcorrencia');
Insert into FIPLAN_GMA_DES.DHWTB999_AUDITORIA_TABELAS (IDEN_AUDITORIA,ENTITY_NAME) values ('894','br.gov.mt.mti.fiplangma.model.tabelas.Ocorrencia');
Insert into FIPLAN_GMA_DES.DHWTB999_AUDITORIA_TABELAS (IDEN_AUDITORIA,ENTITY_NAME) values ('895','br.gov.mt.mti.fiplangma.model.tabelas.Ocorrencia');
Insert into FIPLAN_GMA_DES.DHWTB999_AUDITORIA_TABELAS (IDEN_AUDITORIA,ENTITY_NAME) values ('895','br.gov.mt.mti.fiplangma.model.tabelas.TramiteOcorrencia');
Insert into FIPLAN_GMA_DES.DHWTB999_AUDITORIA_TABELAS (IDEN_AUDITORIA,ENTITY_NAME) values ('895','br.gov.mt.mti.fiplangma.model.tabelas.Anexo');
Insert into FIPLAN_GMA_DES.DHWTB999_AUDITORIA_TABELAS (IDEN_AUDITORIA,ENTITY_NAME) values ('895','br.gov.mt.mti.fiplangma.model.tabelas.AcaoCoordenadoria');
Insert into FIPLAN_GMA_DES.DHWTB999_AUDITORIA_TABELAS (IDEN_AUDITORIA,ENTITY_NAME) values ('895','br.gov.mt.mti.fiplangma.model.tabelas.ArquivoAnexo');
Insert into FIPLAN_GMA_DES.DHWTB999_AUDITORIA_TABELAS (IDEN_AUDITORIA,ENTITY_NAME) values ('896','br.gov.mt.mti.fiplangma.model.tabelas.Ocorrencia');
Insert into FIPLAN_GMA_DES.DHWTB999_AUDITORIA_TABELAS (IDEN_AUDITORIA,ENTITY_NAME) values ('896','br.gov.mt.mti.fiplangma.model.tabelas.TramiteOcorrencia');
Insert into FIPLAN_GMA_DES.DHWTB999_AUDITORIA_TABELAS (IDEN_AUDITORIA,ENTITY_NAME) values ('896','br.gov.mt.mti.fiplangma.model.tabelas.Anexo');
Insert into FIPLAN_GMA_DES.DHWTB999_AUDITORIA_TABELAS (IDEN_AUDITORIA,ENTITY_NAME) values ('896','br.gov.mt.mti.fiplangma.model.tabelas.AcaoCoordenadoria');
Insert into FIPLAN_GMA_DES.DHWTB999_AUDITORIA_TABELAS (IDEN_AUDITORIA,ENTITY_NAME) values ('896','br.gov.mt.mti.fiplangma.model.tabelas.ArquivoAnexo');
Insert into FIPLAN_GMA_DES.DHWTB999_AUDITORIA_TABELAS (IDEN_AUDITORIA,ENTITY_NAME) values ('897','br.gov.mt.mti.fiplangma.model.tabelas.TramiteOcorrencia');
Insert into FIPLAN_GMA_DES.DHWTB999_AUDITORIA_TABELAS (IDEN_AUDITORIA,ENTITY_NAME) values ('897','br.gov.mt.mti.fiplangma.model.tabelas.Ocorrencia');
Insert into FIPLAN_GMA_DES.DHWTB999_AUDITORIA_TABELAS (IDEN_AUDITORIA,ENTITY_NAME) values ('1040','br.gov.mt.mti.fiplangma.model.tabelas.TramiteOcorrencia');
Insert into FIPLAN_GMA_DES.DHWTB999_AUDITORIA_TABELAS (IDEN_AUDITORIA,ENTITY_NAME) values ('1040','br.gov.mt.mti.fiplangma.model.tabelas.Ocorrencia');
Insert into FIPLAN_GMA_DES.DHWTB999_AUDITORIA_TABELAS (IDEN_AUDITORIA,ENTITY_NAME) values ('1041','br.gov.mt.mti.fiplangma.model.tabelas.TramiteOcorrencia');
Insert into FIPLAN_GMA_DES.DHWTB999_AUDITORIA_TABELAS (IDEN_AUDITORIA,ENTITY_NAME) values ('1041','br.gov.mt.mti.fiplangma.model.tabelas.Ocorrencia');
Insert into FIPLAN_GMA_DES.DHWTB999_AUDITORIA_TABELAS (IDEN_AUDITORIA,ENTITY_NAME) values ('1042','br.gov.mt.mti.fiplangma.model.tabelas.TramiteOcorrencia');
Insert into FIPLAN_GMA_DES.DHWTB999_AUDITORIA_TABELAS (IDEN_AUDITORIA,ENTITY_NAME) values ('1042','br.gov.mt.mti.fiplangma.model.tabelas.Ocorrencia');
Insert into FIPLAN_GMA_DES.DHWTB999_AUDITORIA_TABELAS (IDEN_AUDITORIA,ENTITY_NAME) values ('1043','br.gov.mt.mti.fiplangma.model.tabelas.TramiteOcorrencia');
Insert into FIPLAN_GMA_DES.DHWTB999_AUDITORIA_TABELAS (IDEN_AUDITORIA,ENTITY_NAME) values ('1043','br.gov.mt.mti.fiplangma.model.tabelas.Ocorrencia');
Insert into FIPLAN_GMA_DES.DHWTB999_AUDITORIA_TABELAS (IDEN_AUDITORIA,ENTITY_NAME) values ('1044','br.gov.mt.mti.fiplangma.model.tabelas.TramiteOcorrencia');
Insert into FIPLAN_GMA_DES.DHWTB999_AUDITORIA_TABELAS (IDEN_AUDITORIA,ENTITY_NAME) values ('1044','br.gov.mt.mti.fiplangma.model.tabelas.Ocorrencia');
Insert into FIPLAN_GMA_DES.DHWTB999_AUDITORIA_TABELAS (IDEN_AUDITORIA,ENTITY_NAME) values ('1045','br.gov.mt.mti.fiplangma.model.tabelas.TramiteOcorrencia');
Insert into FIPLAN_GMA_DES.DHWTB999_AUDITORIA_TABELAS (IDEN_AUDITORIA,ENTITY_NAME) values ('1045','br.gov.mt.mti.fiplangma.model.tabelas.Ocorrencia');
Insert into FIPLAN_GMA_DES.DHWTB999_AUDITORIA_TABELAS (IDEN_AUDITORIA,ENTITY_NAME) values ('1046','br.gov.mt.mti.fiplangma.model.tabelas.TramiteOcorrencia');
Insert into FIPLAN_GMA_DES.DHWTB999_AUDITORIA_TABELAS (IDEN_AUDITORIA,ENTITY_NAME) values ('1046','br.gov.mt.mti.fiplangma.model.tabelas.Ocorrencia');
Insert into FIPLAN_GMA_DES.DHWTB999_AUDITORIA_TABELAS (IDEN_AUDITORIA,ENTITY_NAME) values ('1047','br.gov.mt.mti.fiplangma.model.tabelas.TramiteOcorrencia');
Insert into FIPLAN_GMA_DES.DHWTB999_AUDITORIA_TABELAS (IDEN_AUDITORIA,ENTITY_NAME) values ('1047','br.gov.mt.mti.fiplangma.model.tabelas.Ocorrencia');
Insert into FIPLAN_GMA_DES.DHWTB999_AUDITORIA_TABELAS (IDEN_AUDITORIA,ENTITY_NAME) values ('1048','br.gov.mt.mti.fiplangma.model.tabelas.TramiteOcorrencia');
Insert into FIPLAN_GMA_DES.DHWTB999_AUDITORIA_TABELAS (IDEN_AUDITORIA,ENTITY_NAME) values ('1048','br.gov.mt.mti.fiplangma.model.tabelas.Ocorrencia');
Insert into FIPLAN_GMA_DES.DHWTB999_AUDITORIA_TABELAS (IDEN_AUDITORIA,ENTITY_NAME) values ('1049','br.gov.mt.mti.fiplangma.model.tabelas.TramiteOcorrencia');
Insert into FIPLAN_GMA_DES.DHWTB999_AUDITORIA_TABELAS (IDEN_AUDITORIA,ENTITY_NAME) values ('1049','br.gov.mt.mti.fiplangma.model.tabelas.Ocorrencia');
Insert into FIPLAN_GMA_DES.DHWTB999_AUDITORIA_TABELAS (IDEN_AUDITORIA,ENTITY_NAME) values ('1061','br.gov.mt.mti.fiplangma.model.tabelas.TramiteOcorrencia');
Insert into FIPLAN_GMA_DES.DHWTB999_AUDITORIA_TABELAS (IDEN_AUDITORIA,ENTITY_NAME) values ('1061','br.gov.mt.mti.fiplangma.model.tabelas.Ocorrencia');
Insert into FIPLAN_GMA_DES.DHWTB999_AUDITORIA_TABELAS (IDEN_AUDITORIA,ENTITY_NAME) values ('1064','br.gov.mt.mti.fiplangma.model.tabelas.TramiteOcorrencia');
Insert into FIPLAN_GMA_DES.DHWTB999_AUDITORIA_TABELAS (IDEN_AUDITORIA,ENTITY_NAME) values ('1064','br.gov.mt.mti.fiplangma.model.tabelas.Ocorrencia');
Insert into FIPLAN_GMA_DES.DHWTB999_AUDITORIA_TABELAS (IDEN_AUDITORIA,ENTITY_NAME) values ('1077','br.gov.mt.mti.fiplangma.model.tabelas.TramiteOcorrencia');
Insert into FIPLAN_GMA_DES.DHWTB999_AUDITORIA_TABELAS (IDEN_AUDITORIA,ENTITY_NAME) values ('1077','br.gov.mt.mti.fiplangma.model.tabelas.Ocorrencia');
Insert into FIPLAN_GMA_DES.DHWTB999_AUDITORIA_TABELAS (IDEN_AUDITORIA,ENTITY_NAME) values ('1078','br.gov.mt.mti.fiplangma.model.tabelas.TramiteOcorrencia');
Insert into FIPLAN_GMA_DES.DHWTB999_AUDITORIA_TABELAS (IDEN_AUDITORIA,ENTITY_NAME) values ('1078','br.gov.mt.mti.fiplangma.model.tabelas.Ocorrencia');
Insert into FIPLAN_GMA_DES.DHWTB999_AUDITORIA_TABELAS (IDEN_AUDITORIA,ENTITY_NAME) values ('1079','br.gov.mt.mti.fiplangma.model.tabelas.TramiteOcorrencia');
Insert into FIPLAN_GMA_DES.DHWTB999_AUDITORIA_TABELAS (IDEN_AUDITORIA,ENTITY_NAME) values ('1079','br.gov.mt.mti.fiplangma.model.tabelas.Ocorrencia');
Insert into FIPLAN_GMA_DES.DHWTB999_AUDITORIA_TABELAS (IDEN_AUDITORIA,ENTITY_NAME) values ('1080','br.gov.mt.mti.fiplangma.model.tabelas.TramiteOcorrencia');
Insert into FIPLAN_GMA_DES.DHWTB999_AUDITORIA_TABELAS (IDEN_AUDITORIA,ENTITY_NAME) values ('1080','br.gov.mt.mti.fiplangma.model.tabelas.Ocorrencia');
Insert into FIPLAN_GMA_DES.DHWTB999_AUDITORIA_TABELAS (IDEN_AUDITORIA,ENTITY_NAME) values ('1081','br.gov.mt.mti.fiplangma.model.tabelas.TramiteOcorrencia');
Insert into FIPLAN_GMA_DES.DHWTB999_AUDITORIA_TABELAS (IDEN_AUDITORIA,ENTITY_NAME) values ('1081','br.gov.mt.mti.fiplangma.model.tabelas.Ocorrencia');
Insert into FIPLAN_GMA_DES.DHWTB999_AUDITORIA_TABELAS (IDEN_AUDITORIA,ENTITY_NAME) values ('1082','br.gov.mt.mti.fiplangma.model.tabelas.TramiteOcorrencia');
Insert into FIPLAN_GMA_DES.DHWTB999_AUDITORIA_TABELAS (IDEN_AUDITORIA,ENTITY_NAME) values ('1082','br.gov.mt.mti.fiplangma.model.tabelas.Ocorrencia');
Insert into FIPLAN_GMA_DES.DHWTB999_AUDITORIA_TABELAS (IDEN_AUDITORIA,ENTITY_NAME) values ('1083','br.gov.mt.mti.fiplangma.model.tabelas.EncerramentoPendencia');
Insert into FIPLAN_GMA_DES.DHWTB999_AUDITORIA_TABELAS (IDEN_AUDITORIA,ENTITY_NAME) values ('1086','br.gov.mt.mti.fiplangma.model.tabelas.EncerramentoPendencia');
Insert into FIPLAN_GMA_DES.DHWTB999_AUDITORIA_TABELAS (IDEN_AUDITORIA,ENTITY_NAME) values ('1087','br.gov.mt.mti.fiplangma.model.tabelas.EncerramentoPendencia');
Insert into FIPLAN_GMA_DES.DHWTB999_AUDITORIA_TABELAS (IDEN_AUDITORIA,ENTITY_NAME) values ('1088','br.gov.mt.mti.fiplangma.model.tabelas.TramiteOcorrencia');
Insert into FIPLAN_GMA_DES.DHWTB999_AUDITORIA_TABELAS (IDEN_AUDITORIA,ENTITY_NAME) values ('1088','br.gov.mt.mti.fiplangma.model.tabelas.Ocorrencia');
Insert into FIPLAN_GMA_DES.DHWTB999_AUDITORIA_TABELAS (IDEN_AUDITORIA,ENTITY_NAME) values ('1089','br.gov.mt.mti.fiplangma.model.tabelas.MedidaIntermediaria');
Insert into FIPLAN_GMA_DES.DHWTB999_AUDITORIA_TABELAS (IDEN_AUDITORIA,ENTITY_NAME) values ('1090','br.gov.mt.mti.fiplangma.model.tabelas.TramiteOcorrencia');
Insert into FIPLAN_GMA_DES.DHWTB999_AUDITORIA_TABELAS (IDEN_AUDITORIA,ENTITY_NAME) values ('1090','br.gov.mt.mti.fiplangma.model.tabelas.Ocorrencia');
Insert into FIPLAN_GMA_DES.DHWTB999_AUDITORIA_TABELAS (IDEN_AUDITORIA,ENTITY_NAME) values ('955','br.gov.mt.mti.fiplangma.model.tabelas.LegislacaoUnidadeAdministrativa');
Insert into FIPLAN_GMA_DES.DHWTB999_AUDITORIA_TABELAS (IDEN_AUDITORIA,ENTITY_NAME) values ('956','br.gov.mt.mti.fiplangma.model.tabelas.CNAEUnidadeAdministrativa');
Insert into FIPLAN_GMA_DES.DHWTB999_AUDITORIA_TABELAS (IDEN_AUDITORIA,ENTITY_NAME) values ('956','br.gov.mt.mti.fiplangma.model.tabelas.UnidadeAdministrativa');
Insert into FIPLAN_GMA_DES.DHWTB999_AUDITORIA_TABELAS (IDEN_AUDITORIA,ENTITY_NAME) values ('1091','br.gov.mt.mti.fiplangma.model.tabelas.Revisao');
Insert into FIPLAN_GMA_DES.DHWTB999_AUDITORIA_TABELAS (IDEN_AUDITORIA,ENTITY_NAME) values ('1050','br.gov.mt.mti.fiplangma.model.tabelas.TramiteOcorrencia');
Insert into FIPLAN_GMA_DES.DHWTB999_AUDITORIA_TABELAS (IDEN_AUDITORIA,ENTITY_NAME) values ('1050','br.gov.mt.mti.fiplangma.model.tabelas.Ocorrencia');
Insert into FIPLAN_GMA_DES.DHWTB999_AUDITORIA_TABELAS (IDEN_AUDITORIA,ENTITY_NAME) values ('1051','br.gov.mt.mti.fiplangma.model.tabelas.TramiteOcorrencia');
Insert into FIPLAN_GMA_DES.DHWTB999_AUDITORIA_TABELAS (IDEN_AUDITORIA,ENTITY_NAME) values ('1051','br.gov.mt.mti.fiplangma.model.tabelas.Ocorrencia');
Insert into FIPLAN_GMA_DES.DHWTB999_AUDITORIA_TABELAS (IDEN_AUDITORIA,ENTITY_NAME) values ('1052','br.gov.mt.mti.fiplangma.model.tabelas.TramiteOcorrencia');
Insert into FIPLAN_GMA_DES.DHWTB999_AUDITORIA_TABELAS (IDEN_AUDITORIA,ENTITY_NAME) values ('1052','br.gov.mt.mti.fiplangma.model.tabelas.Ocorrencia');
Insert into FIPLAN_GMA_DES.DHWTB999_AUDITORIA_TABELAS (IDEN_AUDITORIA,ENTITY_NAME) values ('1053','br.gov.mt.mti.fiplangma.model.tabelas.Revisao');
Insert into FIPLAN_GMA_DES.DHWTB999_AUDITORIA_TABELAS (IDEN_AUDITORIA,ENTITY_NAME) values ('1054','br.gov.mt.mti.fiplangma.model.tabelas.TramiteOcorrencia');
Insert into FIPLAN_GMA_DES.DHWTB999_AUDITORIA_TABELAS (IDEN_AUDITORIA,ENTITY_NAME) values ('1054','br.gov.mt.mti.fiplangma.model.tabelas.Ocorrencia');
Insert into FIPLAN_GMA_DES.DHWTB999_AUDITORIA_TABELAS (IDEN_AUDITORIA,ENTITY_NAME) values ('1055','br.gov.mt.mti.fiplangma.model.tabelas.TramiteOcorrencia');
Insert into FIPLAN_GMA_DES.DHWTB999_AUDITORIA_TABELAS (IDEN_AUDITORIA,ENTITY_NAME) values ('1055','br.gov.mt.mti.fiplangma.model.tabelas.Ocorrencia');
Insert into FIPLAN_GMA_DES.DHWTB999_AUDITORIA_TABELAS (IDEN_AUDITORIA,ENTITY_NAME) values ('1076','br.gov.mt.mti.fiplangma.model.tabelas.TramiteOcorrencia');
Insert into FIPLAN_GMA_DES.DHWTB999_AUDITORIA_TABELAS (IDEN_AUDITORIA,ENTITY_NAME) values ('1076','br.gov.mt.mti.fiplangma.model.tabelas.Ocorrencia');
Insert into FIPLAN_GMA_DES.DHWTB999_AUDITORIA_TABELAS (IDEN_AUDITORIA,ENTITY_NAME) values ('3','br.gov.mt.mti.fiplangma.model.tabelas.TramiteOcorrencia');
Insert into FIPLAN_GMA_DES.DHWTB999_AUDITORIA_TABELAS (IDEN_AUDITORIA,ENTITY_NAME) values ('3','br.gov.mt.mti.fiplangma.model.tabelas.Ocorrencia');
Insert into FIPLAN_GMA_DES.DHWTB999_AUDITORIA_TABELAS (IDEN_AUDITORIA,ENTITY_NAME) values ('1062','br.gov.mt.mti.fiplangma.model.tabelas.TramiteOcorrencia');
Insert into FIPLAN_GMA_DES.DHWTB999_AUDITORIA_TABELAS (IDEN_AUDITORIA,ENTITY_NAME) values ('1062','br.gov.mt.mti.fiplangma.model.tabelas.Ocorrencia');
Insert into FIPLAN_GMA_DES.DHWTB999_AUDITORIA_TABELAS (IDEN_AUDITORIA,ENTITY_NAME) values ('1063','br.gov.mt.mti.fiplangma.model.tabelas.TramiteOcorrencia');
Insert into FIPLAN_GMA_DES.DHWTB999_AUDITORIA_TABELAS (IDEN_AUDITORIA,ENTITY_NAME) values ('1063','br.gov.mt.mti.fiplangma.model.tabelas.Ocorrencia');
Insert into FIPLAN_GMA_DES.DHWTB999_AUDITORIA_TABELAS (IDEN_AUDITORIA,ENTITY_NAME) values ('1035','br.gov.mt.mti.fiplangma.model.tabelas.TramiteOcorrencia');
Insert into FIPLAN_GMA_DES.DHWTB999_AUDITORIA_TABELAS (IDEN_AUDITORIA,ENTITY_NAME) values ('1035','br.gov.mt.mti.fiplangma.model.tabelas.Ocorrencia');
Insert into FIPLAN_GMA_DES.DHWTB999_AUDITORIA_TABELAS (IDEN_AUDITORIA,ENTITY_NAME) values ('1036','br.gov.mt.mti.fiplangma.model.tabelas.TramiteOcorrencia');
Insert into FIPLAN_GMA_DES.DHWTB999_AUDITORIA_TABELAS (IDEN_AUDITORIA,ENTITY_NAME) values ('1036','br.gov.mt.mti.fiplangma.model.tabelas.Ocorrencia');
Insert into FIPLAN_GMA_DES.DHWTB999_AUDITORIA_TABELAS (IDEN_AUDITORIA,ENTITY_NAME) values ('1037','br.gov.mt.mti.fiplangma.model.tabelas.TramiteOcorrencia');
Insert into FIPLAN_GMA_DES.DHWTB999_AUDITORIA_TABELAS (IDEN_AUDITORIA,ENTITY_NAME) values ('1037','br.gov.mt.mti.fiplangma.model.tabelas.Ocorrencia');
Insert into FIPLAN_GMA_DES.DHWTB999_AUDITORIA_TABELAS (IDEN_AUDITORIA,ENTITY_NAME) values ('1038','br.gov.mt.mti.fiplangma.model.tabelas.TramiteOcorrencia');
Insert into FIPLAN_GMA_DES.DHWTB999_AUDITORIA_TABELAS (IDEN_AUDITORIA,ENTITY_NAME) values ('1038','br.gov.mt.mti.fiplangma.model.tabelas.Ocorrencia');
Insert into FIPLAN_GMA_DES.DHWTB999_AUDITORIA_TABELAS (IDEN_AUDITORIA,ENTITY_NAME) values ('1039','br.gov.mt.mti.fiplangma.model.tabelas.TramiteOcorrencia');
Insert into FIPLAN_GMA_DES.DHWTB999_AUDITORIA_TABELAS (IDEN_AUDITORIA,ENTITY_NAME) values ('1039','br.gov.mt.mti.fiplangma.model.tabelas.Ocorrencia');
Insert into FIPLAN_GMA_DES.DHWTB999_AUDITORIA_TABELAS (IDEN_AUDITORIA,ENTITY_NAME) values ('1060','br.gov.mt.mti.fiplangma.model.tabelas.GrupoPendencia');
Insert into FIPLAN_GMA_DES.DHWTB999_AUDITORIA_TABELAS (IDEN_AUDITORIA,ENTITY_NAME) values ('1065','br.gov.mt.mti.fiplangma.model.tabelas.TramiteOcorrencia');
Insert into FIPLAN_GMA_DES.DHWTB999_AUDITORIA_TABELAS (IDEN_AUDITORIA,ENTITY_NAME) values ('1065','br.gov.mt.mti.fiplangma.model.tabelas.Ocorrencia');
Insert into FIPLAN_GMA_DES.DHWTB999_AUDITORIA_TABELAS (IDEN_AUDITORIA,ENTITY_NAME) values ('1066','br.gov.mt.mti.fiplangma.model.tabelas.TramiteOcorrencia');
Insert into FIPLAN_GMA_DES.DHWTB999_AUDITORIA_TABELAS (IDEN_AUDITORIA,ENTITY_NAME) values ('1066','br.gov.mt.mti.fiplangma.model.tabelas.Ocorrencia');
Insert into FIPLAN_GMA_DES.DHWTB999_AUDITORIA_TABELAS (IDEN_AUDITORIA,ENTITY_NAME) values ('1067','br.gov.mt.mti.fiplangma.model.tabelas.TramiteOcorrencia');
Insert into FIPLAN_GMA_DES.DHWTB999_AUDITORIA_TABELAS (IDEN_AUDITORIA,ENTITY_NAME) values ('1067','br.gov.mt.mti.fiplangma.model.tabelas.Ocorrencia');
Insert into FIPLAN_GMA_DES.DHWTB999_AUDITORIA_TABELAS (IDEN_AUDITORIA,ENTITY_NAME) values ('1068','br.gov.mt.mti.fiplangma.model.tabelas.TramiteOcorrencia');
Insert into FIPLAN_GMA_DES.DHWTB999_AUDITORIA_TABELAS (IDEN_AUDITORIA,ENTITY_NAME) values ('1068','br.gov.mt.mti.fiplangma.model.tabelas.Ocorrencia');
Insert into FIPLAN_GMA_DES.DHWTB999_AUDITORIA_TABELAS (IDEN_AUDITORIA,ENTITY_NAME) values ('1069','br.gov.mt.mti.fiplangma.model.tabelas.TramiteOcorrencia');
Insert into FIPLAN_GMA_DES.DHWTB999_AUDITORIA_TABELAS (IDEN_AUDITORIA,ENTITY_NAME) values ('1069','br.gov.mt.mti.fiplangma.model.tabelas.Ocorrencia');
Insert into FIPLAN_GMA_DES.DHWTB999_AUDITORIA_TABELAS (IDEN_AUDITORIA,ENTITY_NAME) values ('1070','br.gov.mt.mti.fiplangma.model.tabelas.TramiteOcorrencia');
Insert into FIPLAN_GMA_DES.DHWTB999_AUDITORIA_TABELAS (IDEN_AUDITORIA,ENTITY_NAME) values ('1070','br.gov.mt.mti.fiplangma.model.tabelas.Ocorrencia');
Insert into FIPLAN_GMA_DES.DHWTB999_AUDITORIA_TABELAS (IDEN_AUDITORIA,ENTITY_NAME) values ('1071','br.gov.mt.mti.fiplangma.model.tabelas.TramiteOcorrencia');
Insert into FIPLAN_GMA_DES.DHWTB999_AUDITORIA_TABELAS (IDEN_AUDITORIA,ENTITY_NAME) values ('1071','br.gov.mt.mti.fiplangma.model.tabelas.Ocorrencia');
Insert into FIPLAN_GMA_DES.DHWTB999_AUDITORIA_TABELAS (IDEN_AUDITORIA,ENTITY_NAME) values ('1072','br.gov.mt.mti.fiplangma.model.tabelas.TramiteOcorrencia');
Insert into FIPLAN_GMA_DES.DHWTB999_AUDITORIA_TABELAS (IDEN_AUDITORIA,ENTITY_NAME) values ('1072','br.gov.mt.mti.fiplangma.model.tabelas.Ocorrencia');
Insert into FIPLAN_GMA_DES.DHWTB999_AUDITORIA_TABELAS (IDEN_AUDITORIA,ENTITY_NAME) values ('1073','br.gov.mt.mti.fiplangma.model.tabelas.TramiteOcorrencia');
Insert into FIPLAN_GMA_DES.DHWTB999_AUDITORIA_TABELAS (IDEN_AUDITORIA,ENTITY_NAME) values ('1073','br.gov.mt.mti.fiplangma.model.tabelas.Ocorrencia');
Insert into FIPLAN_GMA_DES.DHWTB999_AUDITORIA_TABELAS (IDEN_AUDITORIA,ENTITY_NAME) values ('1074','br.gov.mt.mti.fiplangma.model.tabelas.TramiteOcorrencia');
Insert into FIPLAN_GMA_DES.DHWTB999_AUDITORIA_TABELAS (IDEN_AUDITORIA,ENTITY_NAME) values ('1074','br.gov.mt.mti.fiplangma.model.tabelas.Ocorrencia');
Insert into FIPLAN_GMA_DES.DHWTB999_AUDITORIA_TABELAS (IDEN_AUDITORIA,ENTITY_NAME) values ('1075','br.gov.mt.mti.fiplangma.model.tabelas.TramiteOcorrencia');
Insert into FIPLAN_GMA_DES.DHWTB999_AUDITORIA_TABELAS (IDEN_AUDITORIA,ENTITY_NAME) values ('1075','br.gov.mt.mti.fiplangma.model.tabelas.Ocorrencia');
Insert into FIPLAN_GMA_DES.DHWTB999_AUDITORIA_TABELAS (IDEN_AUDITORIA,ENTITY_NAME) values ('957','br.gov.mt.mti.fiplangma.model.tabelas.Revisao');
Insert into FIPLAN_GMA_DES.DHWTB999_AUDITORIA_TABELAS (IDEN_AUDITORIA,ENTITY_NAME) values ('958','br.gov.mt.mti.fiplangma.model.tabelas.Revisao');
Insert into FIPLAN_GMA_DES.DHWTB999_AUDITORIA_TABELAS (IDEN_AUDITORIA,ENTITY_NAME) values ('1084','br.gov.mt.mti.fiplangma.model.tabelas.CNAEUnidadeAdministrativa');
Insert into FIPLAN_GMA_DES.DHWTB999_AUDITORIA_TABELAS (IDEN_AUDITORIA,ENTITY_NAME) values ('1085','br.gov.mt.mti.fiplangma.model.tabelas.CNAEUnidadeAdministrativa');
